file_name,path,instrument,mfcc_1,mfcc_2,mfcc_3,mfcc_4,mfcc_5,mfcc_6,mfcc_7,mfcc_8,mfcc_9,mfcc_10,mfcc_11,mfcc_12,mfcc_13,chroma_C,chroma_Csharp,chroma_D,chroma_Dsharp,chroma_E,chroma_F,chroma_Fsharp,chroma_G,chroma_Gsharp,chroma_A,chroma_Asharp,chroma_B,tonnetz_1,tonnetz_2,tonnetz_3,tonnetz_4,tonnetz_5,tonnetz_6,spectral_centroid,spectral_bandwidth,spectral_rolloff,zero_crossing_rate,tempo
gtr_001_classic.mp3,../Data/raw/guitar_data\gtr_001_classic.mp3,guitar_data,-293.1383972167969,177.7152862548828,37.180625915527344,-11.510904312133789,-5.7119221687316895,-2.908486843109131,-8.723492622375488,-13.139650344848633,-15.15719223022461,-13.943915367126465,-9.285861015319824,-7.285564422607422,-9.153067588806152,0.1010969802737236,0.21573355793952942,0.33830365538597107,0.1549217700958252,0.24330317974090576,0.13208384811878204,0.30378973484039307,0.1972568780183792,0.16530519723892212,0.3700482249259949,0.17238259315490723,0.18439629673957825,0.32236938553640776,-0.16499543051871243,-0.11057195162304014,-0.16617449852949712,-0.000843984149768075,0.05987565830533195,643.2913162392521,705.9390821770332,977.8274205446982,0.04550161450270898,92.28515625
gtr_002_classic.mp3,../Data/raw/guitar_data\gtr_002_classic.mp3,guitar_data,-305.1816101074219,173.42054748535156,35.41529083251953,8.638877868652344,5.937650680541992,-3.5181355476379395,-8.401288986206055,-11.124069213867188,-19.118499755859375,-18.576139450073242,-8.18889331817627,-4.644749641418457,-5.593909740447998,0.28640374541282654,0.15219613909721375,0.19511204957962036,0.144556924700737,0.2919103801250458,0.23829340934753418,0.20204836130142212,0.356045126914978,0.24386467039585114,0.38214993476867676,0.2404266893863678,0.23420752584934235,0.3559798503280896,0.13637620586496413,-0.03561741991210788,0.020140075786213532,0.01001468739722699,0.012355104145943476,688.9723978461855,1123.5514916387067,977.9774196376742,0.033630182130417956,92.28515625
gtr_003_classic.mp3,../Data/raw/guitar_data\gtr_003_classic.mp3,guitar_data,-277.942138671875,180.8214569091797,32.597808837890625,15.009767532348633,3.7980916500091553,-13.267324447631836,-21.495208740234375,-19.26985740661621,-15.690783500671387,-13.238340377807617,-12.175345420837402,-8.650590896606445,-11.036787033081055,0.13043354451656342,0.2228458970785141,0.3164500892162323,0.12122936546802521,0.1999836266040802,0.13161830604076385,0.3919943571090698,0.326560378074646,0.1577172875404358,0.23872287571430206,0.135275200009346,0.2851029634475708,0.30539617845166167,-0.18910996913016703,0.05901252236520009,-0.1763590563337525,0.0003610665056353341,0.0011280840204653444,643.1045489326114,913.9831022880593,842.6782377733166,0.03872727904895511,89.10290948275862
gtr_004_classic.mp3,../Data/raw/guitar_data\gtr_004_classic.mp3,guitar_data,-318.8622741699219,176.4798583984375,28.94684600830078,9.49856948852539,6.700397968292236,2.784475564956665,-10.25822925567627,-14.257854461669922,-11.884111404418945,-13.205222129821777,-14.545042991638184,-9.712423324584961,-7.431070804595947,0.3346012234687805,0.16909930109977722,0.2289676070213318,0.1951446831226349,0.21849395334720612,0.1729404628276825,0.2650970220565796,0.42418667674064636,0.47874394059181213,0.48583734035491943,0.4135010540485382,0.37968406081199646,0.0852377564006599,0.0420952190038766,0.01994709471772564,0.09221221455722468,-0.02525453791839513,0.012183628805551558,829.2556505317718,1098.8269193174108,1289.5755354464977,0.027466576165828174,123.046875
gtr_005_classic.mp3,../Data/raw/guitar_data\gtr_005_classic.mp3,guitar_data,-255.87954711914062,150.48703002929688,-13.171334266662598,8.862653732299805,-21.801105499267578,-4.500300407409668,-12.626026153564453,-17.332923889160156,0.3419817388057709,1.744917631149292,4.943164348602295,-8.212236404418945,0.13387031853199005,0.19872796535491943,0.3727503716945648,0.37732604146003723,0.1796618103981018,0.1697533279657364,0.18682967126369476,0.283931702375412,0.16063866019248962,0.17501208186149597,0.33760523796081543,0.2138616144657135,0.3180379867553711,0.20510082542459626,-0.1444910072058439,-0.1320412680940111,-0.08235665924281997,-0.042782659920829455,-0.02414860585399443,1217.8585079312677,1356.7726754741327,2128.65379498839,0.0751869981133901,135.99917763157896
gtr_006_classic.mp3,../Data/raw/guitar_data\gtr_006_classic.mp3,guitar_data,-289.4695739746094,134.67080688476562,21.459016799926758,14.21573257446289,1.5481613874435425,6.8084635734558105,-7.31396484375,-11.532136917114258,-17.70543098449707,-16.671850204467773,-15.438897132873535,-5.110492706298828,-5.837920188903809,0.31662261486053467,0.16470259428024292,0.15396542847156525,0.20596835017204285,0.19469469785690308,0.12127885967493057,0.26844701170921326,0.3369612991809845,0.242188960313797,0.25375208258628845,0.17594511806964874,0.3551555871963501,0.1869506592693936,-0.10209114798477628,0.15353605668350612,0.033809626380726876,0.0058827769799877855,0.0645680106069052,1116.6774180421044,1599.4512538947893,1972.8964034986939,0.04587991909345975,83.35433467741936
gtr_007_classic.mp3,../Data/raw/guitar_data\gtr_007_classic.mp3,guitar_data,-396.9915466308594,160.20297241210938,47.58478546142578,12.634899139404297,6.703514099121094,-0.9257397055625916,-12.70300579071045,-12.706581115722656,-13.279877662658691,-13.077399253845215,-9.62356185913086,-4.2616095542907715,-5.733767509460449,0.20017488300800323,0.3024432957172394,0.21521085500717163,0.15391089022159576,0.2993064820766449,0.13154540956020355,0.2044973522424698,0.259490430355072,0.20579327642917633,0.2193809449672699,0.21499735116958618,0.3531317412853241,0.27092362054916275,-0.19121470952872452,0.07347465418052097,0.04906415566991243,0.042885668638792736,-0.05848259249198049,866.6207450517171,1440.9579832760437,1118.6432357173956,0.041105949472716716,86.1328125
gtr_008_classic.mp3,../Data/raw/guitar_data\gtr_008_classic.mp3,guitar_data,-395.6302795410156,138.76068115234375,17.92974281311035,3.262075185775757,12.355798721313477,8.611495018005371,2.6901917457580566,-2.775285482406616,-6.182612419128418,-7.8167901039123535,-9.210784912109375,-9.275674819946289,-9.753263473510742,0.3832593858242035,0.4324489235877991,0.3485192656517029,0.32816895842552185,0.3026826083660126,0.23274219036102295,0.41664379835128784,0.3171548545360565,0.3368735611438751,0.30947232246398926,0.2858146131038666,0.3893032371997833,0.0043583438119938036,-0.19708517383155008,0.0059969303493340115,-0.018725096019584744,-0.017936303878904516,0.008257237809058545,1224.124547527221,1432.3677822333161,2207.586651025542,0.06987070372968267,67.99958881578948
gtr_009_classic.mp3,../Data/raw/guitar_data\gtr_009_classic.mp3,guitar_data,-440.5880432128906,133.31324768066406,33.13291549682617,10.785208702087402,8.09494400024414,-1.3983802795410156,-9.831245422363281,-11.08487319946289,-10.30113697052002,-9.256631851196289,-3.4642138481140137,4.305234909057617,4.686398029327393,0.23761636018753052,0.2815307676792145,0.2306218147277832,0.16472117602825165,0.3756711483001709,0.213518887758255,0.15784865617752075,0.2951369285583496,0.367927610874176,0.1475241482257843,0.12171748280525208,0.3398226201534271,0.11694655831618378,0.013133363459121652,0.13168365014886368,0.23677132929597425,0.034481583738404625,-0.07722958551456498,984.9820120149096,1355.05758795568,1536.49070905089,0.058142505563080496,99.38401442307692
gtr_010_classic.mp3,../Data/raw/guitar_data\gtr_010_classic.mp3,guitar_data,-312.80999755859375,192.2059783935547,6.141922473907471,6.791555404663086,2.130824327468872,-6.899136543273926,-4.559010028839111,-2.5880961418151855,-8.849069595336914,-15.370667457580566,-13.694181442260742,-13.687800407409668,-15.93906307220459,0.19144456088542938,0.2528710961341858,0.2548229694366455,0.28922325372695923,0.39649826288223267,0.20603244006633759,0.3365916311740875,0.2906027138233185,0.32167109847068787,0.29776960611343384,0.29327401518821716,0.27541008591651917,0.04340000094528531,-0.18160438107178672,0.08113493811556811,0.09359644836116861,0.02902037033373413,-0.003770435754344519,784.3578286601299,915.8524684908623,1230.7008914534154,0.050480798302051086,107.666015625
gtr_011_classic.mp3,../Data/raw/guitar_data\gtr_011_classic.mp3,guitar_data,-342.7288513183594,169.0535430908203,42.31702423095703,6.016603946685791,-0.11008711159229279,-8.976996421813965,-9.465011596679688,-11.463379859924316,-19.306230545043945,-22.108861923217773,-15.764488220214844,-10.617502212524414,-13.256261825561523,0.10806360840797424,0.19522587954998016,0.27780988812446594,0.14955897629261017,0.22876214981079102,0.13225999474525452,0.3214012682437897,0.31734874844551086,0.15573914349079132,0.33123546838760376,0.14205099642276764,0.1668671816587448,0.396636343715389,-0.14518837245699578,-0.029149552625110514,-0.1320997063920585,0.022330605670449807,0.022789639258506206,698.9053593280488,805.5183578303223,1030.9270994582043,0.04838670665634675,151.99908088235293
gtr_012_classic.mp3,../Data/raw/guitar_data\gtr_012_classic.mp3,guitar_data,-304.2642822265625,154.30715942382812,11.773275375366211,16.133705139160156,9.5498685836792,-1.0527671575546265,-5.912939548492432,-8.126947402954102,-8.416850090026855,-12.569992065429688,-11.160987854003906,-8.779397964477539,-11.26840591430664,0.39886772632598877,0.2330532968044281,0.23980507254600525,0.19358928501605988,0.3036121726036072,0.254919171333313,0.2964158058166504,0.42982104420661926,0.2516483962535858,0.24347089231014252,0.24358420073986053,0.3390733599662781,0.24708298569069093,0.13470025366200697,0.12317310999359875,0.11351570226745847,0.02414170140760005,-0.01618242298310809,1090.687639614415,1169.8330781243837,1939.5466051603619,0.06965982065112229,161.4990234375
gtr_013_classic.mp3,../Data/raw/guitar_data\gtr_013_classic.mp3,guitar_data,-272.5624084472656,158.55224609375,-19.40549659729004,1.5553908348083496,-7.349046230316162,-15.53840446472168,-18.11226463317871,-21.485027313232422,-23.268857955932617,-23.782947540283203,-16.788158416748047,-12.063733100891113,-13.797727584838867,0.1657734215259552,0.25630560517311096,0.22003646194934845,0.3274330496788025,0.3253144323825836,0.21638235449790955,0.27435529232025146,0.21247981488704681,0.38166332244873047,0.15039028227329254,0.12686583399772644,0.2921944856643677,-0.04677533738721417,-0.24131879399294118,0.08375863070223435,0.10475803664420519,-0.04580460013052428,-0.023523082244799223,973.2482811314027,1175.3501717663355,1664.6482674330011,0.05005600873161765,184.5703125
gtr_014_classic.mp3,../Data/raw/guitar_data\gtr_014_classic.mp3,guitar_data,-253.4302978515625,157.05899047851562,-0.7530354857444763,16.898469924926758,8.388697624206543,3.970212459564209,0.08240421861410141,-7.381054401397705,-6.117033958435059,-5.837825775146484,-7.056490421295166,-3.423783540725708,-12.6486177444458,0.22749099135398865,0.1679549664258957,0.23892150819301605,0.2593345642089844,0.46930938959121704,0.2486208975315094,0.2602570354938507,0.31093963980674744,0.2887423634529114,0.34558042883872986,0.2697668969631195,0.3941148519515991,0.24257451746141914,-0.14414873177160298,0.03618748386692493,0.143187344385471,0.0024797082155698313,-0.018367030356517614,900.1100818375679,1271.892725818863,1619.398541051906,0.04116717359229876,83.35433467741936
gtr_015_classic.mp3,../Data/raw/guitar_data\gtr_015_classic.mp3,guitar_data,-252.71038818359375,169.7409210205078,21.799976348876953,21.319650650024414,23.56899070739746,11.57004165649414,3.9277639389038086,-6.74744987487793,-19.92630958557129,-17.217195510864258,-10.834051132202148,-6.702170372009277,-7.602896690368652,0.1637549102306366,0.18092431128025055,0.20609129965305328,0.14787441492080688,0.15825065970420837,0.10268504917621613,0.25399571657180786,0.19494488835334778,0.3413519263267517,0.4544793963432312,0.30480319261550903,0.3410106897354126,0.23008614298432611,-0.23508859271429927,-0.08079414420844797,0.03674550890423678,-0.06843768021813315,0.04813430513910899,696.3530540948141,1162.5571133204307,1060.1019230420375,0.0313123578995743,198.76802884615384
gtr_016_classic.mp3,../Data/raw/guitar_data\gtr_016_classic.mp3,guitar_data,-325.17816162109375,157.55393981933594,20.546886444091797,28.442113876342773,19.174388885498047,-2.612344264984131,2.599559783935547,-10.525341033935547,-24.67532730102539,-15.256210327148438,-15.87381362915039,-22.669157028198242,-15.689556121826172,0.2117372453212738,0.2169124037027359,0.12045090645551682,0.14750936627388,0.21460282802581787,0.15313000977039337,0.3004568815231323,0.26993438601493835,0.5145684480667114,0.2501082420349121,0.19468863308429718,0.32896459102630615,-0.00019383310003568552,-0.3599437256278372,0.10370781907775488,0.20874992088539424,-0.06382229605284652,-0.04486848119084374,848.7287119602983,1019.7363455424005,1303.8421158451044,0.03693137154121517,83.35433467741936
gtr_017_classic.mp3,../Data/raw/guitar_data\gtr_017_classic.mp3,guitar_data,-515.6917114257812,85.81192779541016,29.80099868774414,5.803809642791748,3.463874101638794,-0.5166414380073547,-7.4347243309021,-11.957200050354004,-13.897911071777344,-14.811569213867188,-13.699285507202148,-10.898629188537598,-8.882933616638184,0.20351280272006989,0.2676115036010742,0.19057300686836243,0.11256731301546097,0.14030209183692932,0.11531740427017212,0.26042214035987854,0.23703472316265106,0.21410547196865082,0.4370129108428955,0.2405977100133896,0.24768850207328796,0.2637684801454115,-0.14795905859868166,-0.09898860704718918,-0.09467535964415162,0.01693740977621709,0.03679469455825653,1216.110574575031,1550.2165178635119,2152.8369820892995,0.05869805775928793,117.45383522727273
gtr_018_classic.mp3,../Data/raw/guitar_data\gtr_018_classic.mp3,guitar_data,-322.8507385253906,169.43423461914062,38.578948974609375,15.483963966369629,10.515281677246094,0.7844638824462891,-5.53560209274292,-7.874270439147949,-15.169849395751953,-18.193283081054688,-7.198949813842773,-2.4860880374908447,-6.6760101318359375,0.2876611351966858,0.291806697845459,0.22150777280330658,0.23687268793582916,0.4132499098777771,0.188571035861969,0.1820821911096573,0.270598828792572,0.3059872090816498,0.31023749709129333,0.18795304000377655,0.27087053656578064,0.11566017225307679,-0.006937641813413783,-0.0476210519103601,0.11763178607904494,0.014248748356871097,-0.011069142186334641,785.3112644274044,1255.4042998245807,1265.82567905863,0.03585805981520898,92.28515625
gtr_019_classic.mp3,../Data/raw/guitar_data\gtr_019_classic.mp3,guitar_data,-248.814697265625,184.3700408935547,1.6334519386291504,12.614604949951172,15.095609664916992,4.615530490875244,1.1368916034698486,-6.566681385040283,-5.241912364959717,-6.045173645019531,-5.589330196380615,-3.3687660694122314,-11.807148933410645,0.24691170454025269,0.24046272039413452,0.4052920639514923,0.2602492868900299,0.23840856552124023,0.19965513050556183,0.30741947889328003,0.5249525904655457,0.46112486720085144,0.5229085087776184,0.343880295753479,0.37812432646751404,0.315562951378756,0.03956515937975552,0.003757928654330874,0.022870083091453657,-0.017354349618668545,-0.016228025184639453,723.3037785486198,1024.524157225771,1246.992459607198,0.03643061871130031,95.703125
gtr_020_classic.mp3,../Data/raw/guitar_data\gtr_020_classic.mp3,guitar_data,-330.0513610839844,158.43621826171875,26.24566078186035,21.996702194213867,10.645747184753418,-3.566890001296997,-2.4085752964019775,-6.543633937835693,-20.67298698425293,-17.60297393798828,-21.697132110595703,-17.907041549682617,-12.75931167602539,0.23810742795467377,0.22226464748382568,0.35586151480674744,0.21499907970428467,0.21497082710266113,0.2071313112974167,0.2676829397678375,0.4794561564922333,0.3084217607975006,0.3493259847164154,0.21495679020881653,0.27335771918296814,0.3045831206987858,0.02852415972053296,0.036917482379855614,-0.03005433297516444,-0.01011592767445644,-0.012382638273840361,677.6844206775055,977.9923927337378,1028.9104449859713,0.03563961820336687,89.10290948275862
gtr_021_classic.mp3,../Data/raw/guitar_data\gtr_021_classic.mp3,guitar_data,-292.8547058105469,118.90235900878906,6.8017964363098145,7.436928749084473,-9.799760818481445,0.6206895709037781,-7.658928871154785,-6.528400421142578,-13.508353233337402,-10.60892105102539,-8.392241477966309,-3.451387405395508,-3.639496088027954,0.24207252264022827,0.3608687222003937,0.515038013458252,0.33932214975357056,0.2643832862377167,0.18568255007266998,0.25015026330947876,0.31294962763786316,0.3410206735134125,0.31215134263038635,0.32906487584114075,0.3974243700504303,0.11611980673333837,-0.03278235190253408,0.09079018821031566,-0.0719560366981714,-0.0014655779720286004,-0.038137089130223574,1535.8179455416648,1888.227527229475,3019.448408475232,0.06797729114260836,112.34714673913044
gtr_022_classic.mp3,../Data/raw/guitar_data\gtr_022_classic.mp3,guitar_data,-384.8140869140625,149.90574645996094,59.842777252197266,24.0285587310791,4.639057159423828,-4.814040660858154,-2.237675428390503,-6.53291130065918,-14.533169746398926,-13.725050926208496,-8.413658142089844,-6.322155952453613,-9.706332206726074,0.3351482152938843,0.10401126742362976,0.07489319145679474,0.19687806069850922,0.37900012731552124,0.16215044260025024,0.18770314753055573,0.2922403812408447,0.20320479571819305,0.16409477591514587,0.2680734694004059,0.6202176213264465,0.024101442112581157,0.11624747386845533,0.005372180825101808,0.321017564889786,-0.032101046960713565,-0.02162377496294848,613.644773396949,991.6384013983369,853.6031717117356,0.03173865917666409,67.99958881578948
gtr_023_classic.mp3,../Data/raw/guitar_data\gtr_023_classic.mp3,guitar_data,-298.4627380371094,219.39633178710938,9.039362907409668,1.7634634971618652,11.383066177368164,-8.398351669311523,-5.834457874298096,-3.4846062660217285,-14.181730270385742,-18.722755432128906,-10.122724533081055,-5.084868907928467,-8.863588333129883,0.3608083128929138,0.19867068529129028,0.20850534737110138,0.24239559471607208,0.28795599937438965,0.18773916363716125,0.5293093919754028,0.5264819860458374,0.2315349280834198,0.39545559883117676,0.35429269075393677,0.6705014109611511,0.2252691841704131,-0.1541908508931554,0.22986463183679842,-0.027465312030590456,-0.013570362502461188,0.01849322648037402,807.1312615117077,778.8644402294975,1327.9836365312983,0.06179516677147833,117.45383522727273
gtr_024_classic.mp3,../Data/raw/guitar_data\gtr_024_classic.mp3,guitar_data,-466.9378967285156,118.76070404052734,33.25975799560547,1.4006192684173584,-0.29734060168266296,-5.7325263023376465,-15.243546485900879,-20.41908073425293,-18.393535614013672,-16.317495346069336,-16.681087493896484,-15.506851196289062,-13.000702857971191,0.24848756194114685,0.18482472002506256,0.14457601308822632,0.14015530049800873,0.27308765053749084,0.13057392835617065,0.1567855179309845,0.18210120499134064,0.20578350126743317,0.2223692387342453,0.2036677449941635,0.45032528042793274,0.27335111220969194,-0.30353818240102376,0.1589343245880066,0.13651770838675442,-0.036192099782271316,-0.05407393385851526,893.3641887777168,1046.3454252705126,1309.9920786571208,0.0586050877999226,107.666015625
gtr_025_classic.mp3,../Data/raw/guitar_data\gtr_025_classic.mp3,guitar_data,-375.5416564941406,131.25550842285156,25.990493774414062,12.137870788574219,12.140730857849121,5.43792200088501,-0.8544052839279175,-3.2679998874664307,-3.481861114501953,-1.7836852073669434,-1.2612229585647583,-1.7034499645233154,-0.6465408802032471,0.24563881754875183,0.17696286737918854,0.1543106585741043,0.2721036970615387,0.4247775673866272,0.19332368671894073,0.23331156373023987,0.15369848906993866,0.173261359333992,0.18413476645946503,0.23795458674430847,0.4358079135417938,0.15286951998975232,-0.2695339952447471,0.1791253641981922,0.12834634762361857,0.024075264933452065,-0.0338691750161493,683.7212184930418,1109.2469713947805,1101.7433379087654,0.032286652839589786,86.1328125
gtr_026_classic.mp3,../Data/raw/guitar_data\gtr_026_classic.mp3,guitar_data,-243.91580200195312,212.5249786376953,0.9155673980712891,8.735404014587402,15.935340881347656,-3.460000991821289,0.8102332949638367,-4.0729594230651855,-16.10611343383789,-14.956127166748047,-6.3956217765808105,-4.971558570861816,-3.76139760017395,0.369599312543869,0.16382332146167755,0.22982653975486755,0.17357005178928375,0.3664354979991913,0.20459800958633423,0.35052257776260376,0.6782651543617249,0.23277904093265533,0.23114760220050812,0.1468617171049118,0.33350005745887756,0.30225507868423623,0.11712007774565768,0.18027037843750449,0.0770384697731037,0.025988386837273968,-0.0021949559722490874,808.5844554093756,836.011091345608,1373.5833607960042,0.05874643237229102,75.99954044117646
gtr_027_classic.mp3,../Data/raw/guitar_data\gtr_027_classic.mp3,guitar_data,-388.8189392089844,134.1007843017578,17.760984420776367,17.02520179748535,17.484262466430664,6.481533527374268,-0.8478105664253235,-6.350594997406006,-5.353671550750732,0.9118378162384033,-0.6679075956344604,-2.991464138031006,1.309481143951416,0.33372819423675537,0.35803353786468506,0.27482739090919495,0.282055139541626,0.3571789264678955,0.3546886742115021,0.40888872742652893,0.39395636320114136,0.2775731384754181,0.214391827583313,0.1777559220790863,0.23498579859733582,0.07652111054596693,-0.05666786305428564,0.0018741108763013449,0.09071534117671132,0.05303325870915038,-0.019856184547034576,703.0474237543498,1231.3928002283592,1094.4933817482586,0.02929574122000774,86.1328125
gtr_028_classic.mp3,../Data/raw/guitar_data\gtr_028_classic.mp3,guitar_data,-301.198486328125,152.84674072265625,3.221999406814575,7.998565196990967,8.6005220413208,4.251124858856201,4.627213954925537,-2.3340983390808105,-18.67154312133789,-21.517210006713867,-17.397613525390625,-13.958124160766602,-7.545350551605225,0.5310373306274414,0.26943281292915344,0.10614316165447235,0.09351572394371033,0.13590660691261292,0.20885248482227325,0.25075763463974,0.3340160846710205,0.17466522753238678,0.23166649043560028,0.3425484597682953,0.37832212448120117,0.0161991131506846,0.2293241309683001,0.09532023027299386,0.05311586080872629,0.04297334835714844,0.028534439881746733,773.2344890877727,1044.1928497422684,1318.7170258985584,0.03833801458494582,103.359375
gtr_029_classic.mp3,../Data/raw/guitar_data\gtr_029_classic.mp3,guitar_data,-354.7900390625,165.32005310058594,41.826194763183594,19.828746795654297,2.696044921875,-5.62401008605957,0.8289174437522888,-1.1869982481002808,-10.81445026397705,-12.1947021484375,-7.223116397857666,-6.785292148590088,-12.071907043457031,0.13683056831359863,0.23399271070957184,0.3310851454734802,0.2313651740550995,0.3435567021369934,0.163504496216774,0.2576426565647125,0.19693569839000702,0.3793759047985077,0.4822089970111847,0.20031940937042236,0.19847360253334045,0.14803645360404605,-0.06862419518998727,-0.11996738186258192,0.0232496036812384,-0.00801921335920541,0.013441449346735551,746.6711906893592,1075.1268454209558,1199.8510779980165,0.039802480408281736,172.265625
gtr_030_classic.mp3,../Data/raw/guitar_data\gtr_030_classic.mp3,guitar_data,-248.12863159179688,221.0205078125,-3.678943634033203,2.976754903793335,14.13487720489502,-7.817248344421387,-4.819876194000244,-3.4148244857788086,-15.275832176208496,-19.698625564575195,-12.083963394165039,-6.309226036071777,-6.034797191619873,0.33581480383872986,0.13612715899944305,0.27086523175239563,0.2265307754278183,0.47211048007011414,0.21640701591968536,0.33237120509147644,0.4004959166049957,0.19676245748996735,0.2618064880371094,0.22476273775100708,0.6993303894996643,0.3096580812038232,-0.1642482291284457,0.23953826756406882,0.04303794640156756,-0.03622137260597836,-0.04673501972563931,715.3877023457139,789.9107718210985,1241.142494981134,0.048132739938080496,172.265625
gtr_031_classic.mp3,../Data/raw/guitar_data\gtr_031_classic.mp3,guitar_data,-402.5604248046875,143.41554260253906,42.9904899597168,11.280360221862793,5.284306526184082,-2.5097780227661133,-9.435060501098633,-17.584808349609375,-24.578474044799805,-23.68033790588379,-15.58240032196045,-9.504724502563477,-9.507444381713867,0.23726609349250793,0.3308536410331726,0.14446622133255005,0.25437891483306885,0.36991387605667114,0.15077580511569977,0.23047903180122375,0.1918656826019287,0.26755478978157043,0.1956082135438919,0.20158907771110535,0.29055190086364746,-0.019019641103484215,-0.32880272501582813,-0.022138569161760113,0.12614081221844947,0.06617571960945574,-0.02925455628447755,733.734876928421,1191.3123854577193,1038.318721428744,0.033985055267995355,61.5234375
gtr_032_classic.mp3,../Data/raw/guitar_data\gtr_032_classic.mp3,guitar_data,-218.66844177246094,143.11062622070312,19.939985275268555,18.592361450195312,10.78173828125,18.583755493164062,-0.23624932765960693,-15.237850189208984,-19.779489517211914,-17.9388484954834,-10.423049926757812,2.994988203048706,-11.70899486541748,0.23711158335208893,0.21081562340259552,0.18108108639717102,0.2648448646068573,0.6186368465423584,0.2625293433666229,0.11438561230897903,0.1317007839679718,0.06532838195562363,0.0643455907702446,0.17134682834148407,0.19579605758190155,0.11656045594571941,-0.047631304913056095,0.039093184535716974,0.21416273865424923,0.08985631512097572,-0.056720019752558325,987.001282641249,1560.3462617418807,1523.1574563419117,0.041280173664860684,198.76802884615384
gtr_033_classic.mp3,../Data/raw/guitar_data\gtr_033_classic.mp3,guitar_data,-211.84217834472656,89.14845275878906,27.56006622314453,46.262088775634766,-2.36454701423645,17.573043823242188,0.8090303540229797,3.4312996864318848,-1.9751777648925781,4.650994777679443,2.353105306625366,4.003892421722412,-4.194052219390869,0.33822616934776306,0.3863780200481415,0.36702966690063477,0.4154075086116791,0.3962959349155426,0.5186721086502075,0.40272125601768494,0.3449690639972687,0.369952529668808,0.3825565576553345,0.4219226539134979,0.3239516317844391,-0.11061551718690167,0.03011385322370439,-0.03614572679621088,-0.05693557798132979,0.00033091345026654715,0.001247559980980956,2215.2521818808823,2282.8693137070936,4416.581626868469,0.09868798979295666,95.703125
gtr_034_classic.mp3,../Data/raw/guitar_data\gtr_034_classic.mp3,guitar_data,-192.71160888671875,106.02711486816406,32.15763473510742,26.17522430419922,8.800703048706055,5.597123622894287,-1.9850889444351196,2.075131416320801,-5.523199081420898,5.687745571136475,-8.462630271911621,6.183678150177002,-4.168237686157227,0.24555590748786926,0.37686687707901,0.3330482542514801,0.24087028205394745,0.26660606265068054,0.2933831214904785,0.3166106939315796,0.26100319623947144,0.278384804725647,0.37984755635261536,0.2919599711894989,0.26155081391334534,0.023687189862905265,-0.050268288535680786,-0.09511025868761344,-0.0750029244937361,0.017926926091910395,0.014497022968143859,1934.138831943869,2445.906118411223,4451.648081493083,0.0738128567627709,92.28515625
gtr_035_classic.mp3,../Data/raw/guitar_data\gtr_035_classic.mp3,guitar_data,-219.28802490234375,139.29905700683594,38.119285583496094,36.21413803100586,8.733006477355957,18.600553512573242,4.273207187652588,3.4640614986419678,-2.17958664894104,2.7904961109161377,-1.4894813299179077,2.528407096862793,-0.1772005558013916,0.2384914755821228,0.3864363133907318,0.319999098777771,0.35266634821891785,0.272771418094635,0.3228455185890198,0.44245392084121704,0.303349107503891,0.30050790309906006,0.30439960956573486,0.39044684171676636,0.3112739026546478,-0.16684831127499597,-0.11893195757953126,0.058106261629888044,-0.06395456933231894,-0.01520554850705888,0.02991041733094725,1117.4853749819592,1832.7254501216744,2346.2524791989163,0.03061546113099845,103.359375
gtr_036_classic.mp3,../Data/raw/guitar_data\gtr_036_classic.mp3,guitar_data,-217.5333709716797,120.12052154541016,29.030427932739258,33.43095397949219,6.398862361907959,3.464345932006836,-1.1772923469543457,0.4688345491886139,0.8519527912139893,0.4722905457019806,0.8917094469070435,5.586759567260742,-1.6481971740722656,0.25838008522987366,0.3391158878803253,0.27803727984428406,0.3199816644191742,0.26430755853652954,0.3223780691623688,0.36282476782798767,0.28475502133369446,0.3104642927646637,0.22874806821346283,0.2976486086845398,0.3348655700683594,-0.09270084618210359,-0.1267797870283487,-0.005345583357055802,-0.03707747079591339,0.011324318518284634,0.0052699786206781745,1326.1622371988158,1940.2486730040298,2925.365644047504,0.04261312100909443,92.28515625
gtr_037_classic.mp3,../Data/raw/guitar_data\gtr_037_classic.mp3,guitar_data,-160.6781005859375,136.5313262939453,-32.22169876098633,47.51323699951172,-6.098659992218018,-3.73393177986145,0.5326427221298218,3.742863893508911,4.169547080993652,-6.178608417510986,-2.7625672817230225,1.4747686386108398,-4.392457008361816,0.2931140959262848,0.38469791412353516,0.32703664898872375,0.46047547459602356,0.34865859150886536,0.3538600504398346,0.38018283247947693,0.3380787670612335,0.42436760663986206,0.28310447931289673,0.45528167486190796,0.3777429461479187,-0.10606981363874889,-0.09177322784783035,0.03801205494057594,-0.0323146084322084,0.006541632291664738,0.0033908256274812532,1593.092537432585,1664.2854830759618,3235.6387678683727,0.08774663494098298,107.666015625
gtr_038_classic.mp3,../Data/raw/guitar_data\gtr_038_classic.mp3,guitar_data,-199.58843994140625,103.89930725097656,30.215116500854492,35.08761978149414,12.944124221801758,12.737933158874512,5.531589984893799,2.4288015365600586,2.3071959018707275,1.1067306995391846,1.9456862211227417,1.3920353651046753,4.154651165008545,0.44359302520751953,0.3549330532550812,0.44102534651756287,0.3881857991218567,0.36816444993019104,0.37384358048439026,0.27620556950569153,0.2696686387062073,0.2913563847541809,0.348310261964798,0.294435977935791,0.3123180866241455,0.07394888988352419,0.05238365330031748,-0.0206429632193188,0.004964539193729519,-0.012619930104258346,0.010473006424038513,1856.222311895092,2419.0467446144594,4173.416430588477,0.0655434434258901,83.35433467741936
gtr_039_classic.mp3,../Data/raw/guitar_data\gtr_039_classic.mp3,guitar_data,-168.78091430664062,130.89193725585938,-31.87352180480957,45.116275787353516,0.06132502481341362,11.194396018981934,0.19486059248447418,-0.7725159525871277,-5.716196060180664,-1.8915143013000488,-0.2032548189163208,5.755805492401123,-2.200063943862915,0.24105136096477509,0.42468610405921936,0.35700568556785583,0.4668651521205902,0.32614049315452576,0.3907665014266968,0.38330698013305664,0.27529552578926086,0.3163481056690216,0.23526710271835327,0.34819725155830383,0.20656144618988037,-0.19603855453176253,-0.08732802826514294,0.004596444170477741,-0.10511102250073649,0.023381873704259263,0.03947731769436844,1509.1272555838743,1638.3703731034425,3023.5067172685276,0.07794208349458204,83.35433467741936
gtr_040_classic.mp3,../Data/raw/guitar_data\gtr_040_classic.mp3,guitar_data,-185.21871948242188,122.2042465209961,19.51736068725586,41.87600326538086,-9.524832725524902,19.963258743286133,-14.433183670043945,5.3653459548950195,-7.092818737030029,-2.255399465560913,-8.486542701721191,-4.411678791046143,-4.035887241363525,0.2453785538673401,0.19030752778053284,0.28533411026000977,0.20695240795612335,0.21328145265579224,0.4425332844257355,0.3261106610298157,0.37252524495124817,0.28838369250297546,0.36362695693969727,0.4490172564983368,0.2413174957036972,-0.0671917973626975,0.2452534064128398,-0.08737914530299434,-0.08435385508337377,0.0016374004520096999,-0.036165219965450676,1433.7852756802363,1943.9168986139182,3216.813881699884,0.04940786450270898,123.046875
gtr_041_classic.mp3,../Data/raw/guitar_data\gtr_041_classic.mp3,guitar_data,-157.86599731445312,106.8241958618164,9.357834815979004,31.49882698059082,12.9390287399292,2.879140853881836,5.597373008728027,-0.14386314153671265,-7.585727214813232,2.956878900527954,-4.06375789642334,12.742130279541016,-3.612168312072754,0.3684021234512329,0.2798919081687927,0.38619348406791687,0.3120657205581665,0.43847930431365967,0.24315457046031952,0.21159149706363678,0.3527512848377228,0.2515507638454437,0.3255307078361511,0.2511269748210907,0.34088680148124695,0.11201670963829924,0.14990557968784174,-0.02037755853998201,0.15226733301054027,-0.0053185114316630306,0.039898119410016974,1992.467581720516,2332.206931470158,4370.931902906105,0.09161131300793343,89.10290948275862
gtr_042_classic.mp3,../Data/raw/guitar_data\gtr_042_classic.mp3,guitar_data,-158.18832397460938,142.4639434814453,0.9167011976242065,40.25434112548828,12.537605285644531,5.466860294342041,-0.17118775844573975,3.3204829692840576,-0.6737445592880249,3.7397117614746094,2.2838962078094482,4.419432163238525,-1.4598828554153442,0.3247465491294861,0.3279779255390167,0.2624359130859375,0.3503262400627136,0.5029822587966919,0.29481953382492065,0.2968919575214386,0.30777400732040405,0.5146209597587585,0.4899895191192627,0.37327060103416443,0.5506474375724792,0.028611148532127824,-0.06521662194251981,-0.038143138294976876,0.009414584769540324,-0.0016849428634281318,-0.01201679082272896,1253.6819651573458,1714.8902954958494,2640.3423675442627,0.05209378930437306,151.99908088235293
gtr_043_classic.mp3,../Data/raw/guitar_data\gtr_043_classic.mp3,guitar_data,-141.12939453125,98.23307037353516,-20.008872985839844,39.808006286621094,-10.309051513671875,-1.8307185173034668,-16.98703956604004,1.9173951148986816,-9.347042083740234,1.858691692352295,-0.7470906376838684,1.8693441152572632,-7.505199432373047,0.17751862108707428,0.15734192728996277,0.37648409605026245,0.22693386673927307,0.3653893768787384,0.18220551311969757,0.2592742443084717,0.3266245424747467,0.260555624961853,0.3461519777774811,0.18261723220348358,0.26201844215393066,0.32421891062034497,-0.0017705957698180006,0.07703727951825481,-0.012045236345490536,0.000132974611707176,-0.017143254273754144,2120.2085968708957,2068.4325295957965,4250.915961959414,0.11013463259481424,172.265625
gtr_044_classic.mp3,../Data/raw/guitar_data\gtr_044_classic.mp3,guitar_data,-151.37237548828125,99.42034149169922,29.79438018798828,40.97595977783203,3.124418020248413,20.362707138061523,1.1438828706741333,9.116415023803711,-0.6006499528884888,3.7011401653289795,-3.498008966445923,2.7012414932250977,-5.190800666809082,0.37345805764198303,0.31359386444091797,0.40582048892974854,0.3870127201080322,0.42485877871513367,0.3747937083244324,0.5056267380714417,0.5505334734916687,0.41315850615501404,0.46858564019203186,0.3763377070426941,0.4059664011001587,0.18959004865047732,0.023551044777912467,0.07347790674369883,0.007211903832425721,0.014558410675901193,-0.004394365953758692,1957.6230645117591,2435.0131619207855,4525.147637051326,0.06555326951915634,161.4990234375
gtr_045_classic.mp3,../Data/raw/guitar_data\gtr_045_classic.mp3,guitar_data,-231.67539978027344,106.6869888305664,39.97039031982422,39.626644134521484,12.511357307434082,16.242088317871094,6.660550594329834,7.866058349609375,1.809454083442688,4.186058521270752,0.32872477173805237,6.416100978851318,3.3692660331726074,0.39436590671539307,0.28798672556877136,0.25829604268074036,0.24291515350341797,0.32684358954429626,0.27711060643196106,0.25472018122673035,0.30061405897140503,0.327335923910141,0.422331303358078,0.40354546904563904,0.46885526180267334,0.30157475871378414,-0.10877812112431867,-0.01236433159861293,0.11298048601416584,0.015430671536847946,0.010852881958823507,1375.357940405298,1960.543377314714,2971.7653634747485,0.03710824122000774,80.74951171875
gtr_046_classic.mp3,../Data/raw/guitar_data\gtr_046_classic.mp3,guitar_data,-202.10647583007812,134.69898986816406,33.98323059082031,44.99763107299805,12.504768371582031,16.75164794921875,2.7487268447875977,7.200207233428955,1.137460708618164,5.737619876861572,-2.2176766395568848,4.490696430206299,0.6243009567260742,0.3443906903266907,0.28389090299606323,0.3559250831604004,0.40080833435058594,0.32942724227905273,0.4546123743057251,0.31871363520622253,0.32296478748321533,0.2761792540550232,0.3013015389442444,0.479210764169693,0.3452102541923523,-0.16291531528554742,0.15143474323968176,-0.010681459660737067,-0.09365380225896311,0.016753394691164773,-0.01098584502826556,1160.1455341413466,1734.3564895977088,2367.2440189326144,0.044144479851973686,86.1328125
gtr_047_classic.mp3,../Data/raw/guitar_data\gtr_047_classic.mp3,guitar_data,-212.60768127441406,118.415283203125,20.451940536499023,26.743560791015625,2.4477217197418213,10.268287658691406,1.8501464128494263,-5.28279447555542,-7.487216949462891,-3.606699228286743,-4.756985664367676,2.171783447265625,-0.4781700074672699,0.2781323492527008,0.25199007987976074,0.2197827845811844,0.2991946041584015,0.18260681629180908,0.23489533364772797,0.16078174114227295,0.23573477566242218,0.27693670988082886,0.2029339075088501,0.3160058259963989,0.23597443103790283,-0.12548152277573402,0.11230387153547194,-0.023135956548350763,0.04042698400658795,0.004942583108931007,-0.007245678102958681,1336.9551995053937,1906.8259719885584,2909.599072719137,0.045669791868227554,172.265625
gtr_048_classic.mp3,../Data/raw/guitar_data\gtr_048_classic.mp3,guitar_data,-145.4457550048828,68.45993041992188,11.8302001953125,27.829273223876953,-2.1857309341430664,7.21943473815918,-2.482611894607544,-3.2514069080352783,-14.258014678955078,-3.316805362701416,-8.698700904846191,-3.454861879348755,-10.448408126831055,0.42674675583839417,0.5557908415794373,0.3042776882648468,0.27617964148521423,0.3356923758983612,0.3295572102069855,0.41945165395736694,0.41943278908729553,0.6168734431266785,0.507387638092041,0.3496983051300049,0.34388652443885803,-0.0507894249585587,-0.10927489923261553,-0.09011717375451508,0.0915681195993916,-0.001163564788184127,-0.00881949167123032,2844.4205914188756,2776.9282477332213,6177.64597795327,0.1363498935758514,151.99908088235293
gtr_049_classic.mp3,../Data/raw/guitar_data\gtr_049_classic.mp3,guitar_data,-172.0699005126953,107.42937469482422,19.454933166503906,34.929080963134766,-3.925039291381836,17.582717895507812,-6.2273736000061035,7.286702632904053,-1.1794337034225464,-0.36273330450057983,-2.1097264289855957,2.793081760406494,0.9429226517677307,0.2705285847187042,0.34077972173690796,0.254578560590744,0.3125222623348236,0.286639928817749,0.3235040307044983,0.3154265284538269,0.29575619101524353,0.41092169284820557,0.3475298583507538,0.375011146068573,0.3212035894393921,-0.11351844170092881,-0.058626834106139496,0.004457959002777184,0.04505565937539269,-0.007669296132524499,-0.012956513992248349,1849.5101410851817,2211.4774798801645,3953.3260947779604,0.06502152670278638,135.99917763157896
gtr_050_classic.mp3,../Data/raw/guitar_data\gtr_050_classic.mp3,guitar_data,-227.9839324951172,172.04678344726562,8.117368698120117,29.907955169677734,14.71660327911377,7.964151382446289,-1.4044314622879028,-5.073241710662842,-0.3620927035808563,-1.1690393686294556,-10.43255615234375,-7.217007160186768,-3.031895399093628,0.19568991661071777,0.34148988127708435,0.282294362783432,0.26460951566696167,0.44398942589759827,0.2843034863471985,0.30401673913002014,0.23460707068443298,0.43856510519981384,0.44900116324424744,0.22869813442230225,0.2422402948141098,0.186518054073096,-0.17627419653401483,-0.07802280814505123,0.1210335495390845,0.01671359699828535,-0.021491705922045152,866.9476118681511,1333.2796188628536,1538.2490317518866,0.03804663312693499,135.99917763157896
gtr_051_classic.mp3,../Data/raw/guitar_data\gtr_051_classic.mp3,guitar_data,-173.0659942626953,127.26021575927734,3.9105584621429443,44.64908218383789,-7.076285362243652,24.436023712158203,1.750566840171814,6.8015947341918945,2.7858517169952393,-1.898734211921692,-5.838932037353516,-0.14489538967609406,-0.25795847177505493,0.3898880183696747,0.47636649012565613,0.369504451751709,0.3758277893066406,0.29372668266296387,0.3675079345703125,0.3666665554046631,0.37823399901390076,0.4223388135433197,0.32319197058677673,0.41185861825942993,0.3289651870727539,-0.203692117802529,-0.08107348428336217,-0.02201456023198531,-0.005691289999046722,0.009863110055241372,0.02077064741112367,1499.0855285886587,1889.4387966634688,3231.5221260944754,0.050656156274187306,172.265625
gtr_052_classic.mp3,../Data/raw/guitar_data\gtr_052_classic.mp3,guitar_data,-122.99739074707031,85.46907043457031,11.127337455749512,24.710969924926758,-3.302311897277832,4.315512657165527,-5.260859966278076,-5.4052605628967285,-11.148002624511719,-0.1501949280500412,-8.152615547180176,-2.272732973098755,-6.419436454772949,0.22913126647472382,0.29827287793159485,0.21069808304309845,0.3723798394203186,0.23083510994911194,0.1524311751127243,0.1779738962650299,0.26075491309165955,0.39793112874031067,0.28091004490852356,0.3952176868915558,0.3443509340286255,-0.13564385427637204,-0.0799979540403455,0.09538431494567401,0.022958839399056585,0.005752532596175427,-0.026497112127199712,2375.0926984411753,2601.919522997454,5281.051399538022,0.09844800636126161,135.99917763157896
gtr_053_classic.mp3,../Data/raw/guitar_data\gtr_053_classic.mp3,guitar_data,-161.47976684570312,129.27398681640625,-4.112878322601318,10.876165390014648,14.661685943603516,11.740302085876465,1.1889172792434692,-0.8129346370697021,-6.24846887588501,-0.21094653010368347,-6.012866973876953,-0.6549841165542603,-3.620455026626587,0.3261321187019348,0.3043864369392395,0.28682172298431396,0.43524467945098877,0.3119581341743469,0.49524378776550293,0.22556526958942413,0.29396456480026245,0.37295085191726685,0.24190190434455872,0.28547316789627075,0.1850235015153885,-0.22582639506342717,0.06308827004892889,0.02990793017238003,0.08396750130588274,-0.019217757029917234,0.012001743783000073,1598.5664868099418,2018.545998688456,3080.1813745646286,0.07362313757739938,135.99917763157896
gtr_054_classic.mp3,../Data/raw/guitar_data\gtr_054_classic.mp3,guitar_data,-116.58641052246094,71.79093933105469,12.71503734588623,27.56009864807129,-3.536743640899658,7.061241626739502,-4.57494592666626,-6.086875915527344,-15.185211181640625,-2.9333012104034424,-10.468398094177246,-5.087348461151123,-13.745773315429688,0.31704115867614746,0.3738597333431244,0.5052602887153625,0.2800915837287903,0.21603591740131378,0.2819710075855255,0.3118734359741211,0.4011805057525635,0.37893328070640564,0.6227816939353943,0.49540087580680847,0.29859110713005066,0.13060641571280537,0.07656690337528614,-0.10496610534397582,-0.10765443887956586,-0.002799584885564177,0.0181550986579355,2711.2313040310773,2783.787649422176,6086.538195536233,0.11499099022832818,151.99908088235293
gtr_055_classic.mp3,../Data/raw/guitar_data\gtr_055_classic.mp3,guitar_data,-152.49526977539062,112.44923400878906,-2.7178618907928467,32.869747161865234,-5.848183631896973,20.8603458404541,-0.31658926606178284,7.241186618804932,3.252748966217041,4.600365161895752,0.14562100172042847,5.886012077331543,0.9721996188163757,0.5223687887191772,0.32775840163230896,0.35346969962120056,0.2820764183998108,0.29217201471328735,0.3841789662837982,0.3169214725494385,0.4582694470882416,0.34507718682289124,0.460539311170578,0.3888075053691864,0.42135176062583923,-0.0020663115819768555,0.2473677573152626,0.009319251107308526,0.01430434373786912,0.022527001133041263,-0.0061426575760746725,1815.1209556045337,2125.977441184479,3895.559777416312,0.0627838229247291,89.10290948275862
gtr_056_classic.mp3,../Data/raw/guitar_data\gtr_056_classic.mp3,guitar_data,-133.29588317871094,63.87993240356445,14.024157524108887,20.529720306396484,1.813551425933838,17.240142822265625,3.785231351852417,2.128751516342163,-1.2759679555892944,2.59961199760437,-2.4978528022766113,-1.4031517505645752,-7.444803237915039,0.3529549837112427,0.4108934998512268,0.4766386151313782,0.4425604045391083,0.5205853581428528,0.5721968412399292,0.4753098487854004,0.5190610885620117,0.5411547422409058,0.715275228023529,0.552285373210907,0.33598974347114563,0.11997802453416738,0.07983740658369991,-0.14252051719083764,-0.020801924569849885,-0.004363728498274967,0.005636475378922834,3165.391659754562,2919.2714374689435,6728.459313927051,0.13862350038699692,135.99917763157896
gtr_057_classic.mp3,../Data/raw/guitar_data\gtr_057_classic.mp3,guitar_data,-164.9032440185547,76.21478271484375,26.738380432128906,28.813255310058594,6.132841110229492,16.170886993408203,-1.4780160188674927,3.4689064025878906,-2.774747133255005,1.3819530010223389,-2.187655210494995,2.4585838317871094,0.8015365600585938,0.36191660165786743,0.3968644142150879,0.391932874917984,0.4347382187843323,0.37147438526153564,0.3748835623264313,0.3817896842956543,0.41226187348365784,0.48999977111816406,0.4504798352718353,0.6241651177406311,0.476456880569458,-0.12281462990717308,0.009181837969293501,0.07659246175818073,-0.04921670821812528,0.01512712239512496,-0.0030148748164972334,2683.9849399813393,2808.307589118095,5999.438722214832,0.10178169746517028,117.45383522727273
gtr_058_classic.mp3,../Data/raw/guitar_data\gtr_058_classic.mp3,guitar_data,-120.77885437011719,80.63543701171875,7.74247932434082,38.765811920166016,-1.5897001028060913,11.914749145507812,-2.97590970993042,8.410101890563965,-12.020489692687988,-1.3589919805526733,-10.902677536010742,-0.32153987884521484,-9.188422203063965,0.2422550767660141,0.3126864731311798,0.3511047959327698,0.42872416973114014,0.4221215546131134,0.6174588203430176,0.48133471608161926,0.3374270796775818,0.36372849345207214,0.45372679829597473,0.5403555035591125,0.2808208465576172,-0.09037351574427677,0.07082444980586991,-0.0916792252533507,-0.09755891984423785,-0.010186410539043225,-0.014371114878319805,2495.3382780620345,2640.1442689672253,5604.182778940112,0.10041776013448142,151.99908088235293
gtr_059_classic.mp3,../Data/raw/guitar_data\gtr_059_classic.mp3,guitar_data,-165.4193115234375,76.27117919921875,26.388755798339844,32.778385162353516,5.903732776641846,17.517887115478516,1.475890040397644,4.19797420501709,-1.1724985837936401,2.257662773132324,-2.2365024089813232,1.711107611656189,-1.5618841648101807,0.3765966296195984,0.4253203570842743,0.38887664675712585,0.4132719337940216,0.4097369909286499,0.43042486906051636,0.504730224609375,0.4782851040363312,0.6355584263801575,0.5038396120071411,0.37996071577072144,0.4086722135543823,-0.05456190379200899,-0.10287617960057845,-0.04262717285780281,0.03539484792068914,-0.007414984278111086,-0.0104276304000422,2658.089990553693,2774.990435726014,5890.989377993179,0.10215244352263932,117.45383522727273
gtr_060_classic.mp3,../Data/raw/guitar_data\gtr_060_classic.mp3,guitar_data,-211.80345153808594,143.93006896972656,5.416394233703613,16.14371109008789,3.4911277294158936,8.369396209716797,-2.2782487869262695,2.9907846450805664,-1.9803647994995117,3.3296892642974854,-2.8101484775543213,1.0459308624267578,0.5057973265647888,0.4223366379737854,0.3779321312904358,0.40607237815856934,0.37103036046028137,0.2916104793548584,0.397609144449234,0.27991753816604614,0.2874052822589874,0.4266093671321869,0.3686594069004059,0.44806811213493347,0.3531733453273773,-0.2675947346935002,0.009374946205237664,-0.011223813599976453,-0.02142212289564281,0.01735948273920379,-0.0261208416401025,1346.4056007301938,1758.216827479408,2724.5085252696886,0.04970604864067337,86.1328125
gtr_061_classic.mp3,../Data/raw/guitar_data\gtr_061_classic.mp3,guitar_data,-204.8977813720703,139.26951599121094,22.307613372802734,16.80501937866211,3.4971163272857666,8.950667381286621,-2.8357326984405518,-0.4025534987449646,-1.8071848154067993,1.4073375463485718,-3.2109367847442627,2.245427131652832,0.9268398284912109,0.2668311297893524,0.21582406759262085,0.2609621286392212,0.4856796860694885,0.32006973028182983,0.44688060879707336,0.2185356169939041,0.3395730257034302,0.22602343559265137,0.14605039358139038,0.24165089428424835,0.1603638380765915,-0.19842006668873022,0.0905731570237528,0.09896348112791875,0.0281110171963181,0.0020095058146872504,0.018926479723668545,1315.1631313804266,1853.0432294188263,2548.859587394785,0.0589429542376161,135.99917763157896
gtr_062_classic.mp3,../Data/raw/guitar_data\gtr_062_classic.mp3,guitar_data,-119.49552154541016,76.46732330322266,11.3729829788208,34.01223373413086,-0.156425341963768,8.727724075317383,-0.35180944204330444,3.1256144046783447,-12.408960342407227,-4.7105207443237305,-8.585319519042969,-2.755385160446167,-7.204709053039551,0.2763187289237976,0.2352527379989624,0.2977113425731659,0.32732123136520386,0.41092348098754883,0.40548384189605713,0.6226117610931396,0.48987290263175964,0.3294833302497864,0.373317152261734,0.4307352900505066,0.5076501965522766,0.07263394231822112,-0.1131677668398907,0.09561746591563701,-0.10776850904104512,-0.002873475483387801,0.018842681276650956,2568.900877789453,2715.1223020106127,5781.29004133006,0.10343096942724458,151.99908088235293
gtr_063_classic.mp3,../Data/raw/guitar_data\gtr_063_classic.mp3,guitar_data,-188.97752380371094,95.90843963623047,21.068166732788086,28.07387924194336,-1.5115998983383179,0.7253099679946899,-1.5562314987182617,7.145296096801758,4.672759532928467,-1.709767460823059,-5.483863353729248,0.06380918622016907,-0.39554277062416077,0.30244478583335876,0.4778675138950348,0.19831719994544983,0.29462379217147827,0.15712817013263702,0.1444009244441986,0.21785244345664978,0.24641753733158112,0.41628503799438477,0.2002575695514679,0.20508737862110138,0.3095704913139343,-0.13593865504659117,-0.3205906897429218,0.07511679491697833,0.08618905224881329,-0.04530047097777264,-0.01884930537892477,2010.2931860415802,2379.2903874387985,4571.239025009675,0.081900487374226,135.99917763157896
gtr_064_classic.mp3,../Data/raw/guitar_data\gtr_064_classic.mp3,guitar_data,-277.0042419433594,93.25066375732422,11.663687705993652,22.270204544067383,-6.696339130401611,-9.945048332214355,1.6745156049728394,7.443192958831787,-7.066779613494873,-13.772295951843262,-9.359635353088379,-10.132277488708496,-19.569761276245117,0.2756788730621338,0.16134408116340637,0.16347000002861023,0.13434076309204102,0.27331116795539856,0.48524343967437744,0.20521174371242523,0.23526215553283691,0.18363773822784424,0.4619414508342743,0.15322719514369965,0.10984009504318237,0.1412262575523668,0.33985245769278516,-0.34508905152973346,0.040360355583752575,-0.08334841485655843,0.0370452364371176,2004.2464803762798,2105.1828351957306,4224.182790277912,0.09510902428405572,129.19921875
gtr_065_classic.mp3,../Data/raw/guitar_data\gtr_065_classic.mp3,guitar_data,-165.7480926513672,122.48570251464844,-9.225911140441895,30.178102493286133,17.94292640686035,1.9656766653060913,1.1108200550079346,6.852365970611572,1.847601294517517,2.9918549060821533,-4.494625091552734,-4.778567314147949,-5.883664131164551,0.34100306034088135,0.25175926089286804,0.18289171159267426,0.32218602299690247,0.22107462584972382,0.18145014345645905,0.2409639209508896,0.403190553188324,0.5490924119949341,0.33295729756355286,0.3829168677330017,0.2107476145029068,-0.26292251255603594,-0.07713058204185691,0.04045211316620433,0.25438500595986896,-0.041158776045704316,-0.018092912648962706,1686.5594289066416,1919.4955714902133,3524.9370185214298,0.07574481786958204,99.38401442307692
gtr_066_classic.mp3,../Data/raw/guitar_data\gtr_066_classic.mp3,guitar_data,-143.83753967285156,110.0610122680664,-10.380890846252441,32.11270523071289,5.575130462646484,-1.2621923685073853,-2.602874279022217,4.519673824310303,-3.4804441928863525,-2.489698886871338,-6.266878128051758,-5.5602312088012695,-4.860407829284668,0.30198997259140015,0.2190316915512085,0.4015258252620697,0.2779335677623749,0.2691020667552948,0.4482097923755646,0.23408444225788116,0.25498610734939575,0.19586162269115448,0.4651870131492615,0.5892747640609741,0.24176490306854248,-0.028617540329647223,0.25085809367927586,-0.15739883287217266,-0.12309953448364101,-0.00866751892857661,0.009343648235938596,1948.5087218935978,2155.795791984961,4177.1497413469915,0.0870361328125,151.99908088235293
gtr_067_classic.mp3,../Data/raw/guitar_data\gtr_067_classic.mp3,guitar_data,-167.18064880371094,87.6187744140625,-7.587646484375,30.297510147094727,5.89824914932251,-1.3379764556884766,-6.373215198516846,1.853777527809143,-4.115654468536377,-0.8104438781738281,-6.879401206970215,-10.642350196838379,-9.168384552001953,0.21225658059120178,0.41724148392677307,0.1708066463470459,0.2569664418697357,0.45577502250671387,0.2398885190486908,0.2998393476009369,0.17445120215415955,0.40905117988586426,0.3140116333961487,0.1771925389766693,0.27995043992996216,0.05554511452951341,-0.27121600049341754,-0.1319590337342373,0.17558122830661502,0.04145066769145495,-0.018186463484426693,2204.0419876669157,2353.901747871645,4629.50533934791,0.10285538711784056,64.599609375
gtr_068_classic.mp3,../Data/raw/guitar_data\gtr_068_classic.mp3,guitar_data,-216.55442810058594,121.9607925415039,-15.124750137329102,24.860952377319336,8.65080451965332,-8.843269348144531,-13.806008338928223,-6.1960039138793945,-8.757224082946777,-4.366678714752197,-9.907596588134766,-12.59952163696289,-9.50979995727539,0.2047071009874344,0.14258436858654022,0.24567283689975739,0.2502228617668152,0.503227710723877,0.2974855899810791,0.22348053753376007,0.34205570816993713,0.20219352841377258,0.3627391755580902,0.16890265047550201,0.18986402451992035,0.30621855736163583,0.11300752051018706,-0.07155189362636442,0.16671472021930722,0.019124853847237167,-0.009217596315254747,1575.1124535985261,1756.9412750421086,3157.297574920182,0.06651244739260836,83.35433467741936
gtr_069_classic.mp3,../Data/raw/guitar_data\gtr_069_classic.mp3,guitar_data,-172.16268920898438,88.75677490234375,-17.600404739379883,20.34722137451172,-4.039052486419678,-13.96143913269043,-15.207282066345215,-8.54256534576416,-7.795074462890625,1.149901032447815,-9.89441204071045,-17.738086700439453,-10.137163162231445,0.24928855895996094,0.1332113891839981,0.13572770357131958,0.2582220733165741,0.44463127851486206,0.18389812111854553,0.27796390652656555,0.263323575258255,0.20701949298381805,0.45958876609802246,0.22450999915599823,0.40286996960639954,0.26183450788015544,-0.11067834405127527,0.038022728700114236,0.12991023108081293,0.02505392060307042,0.05310835217112379,2149.452927632427,2208.3480834236098,4287.165742761948,0.1025307481133901,107.666015625
gtr_070_classic.mp3,../Data/raw/guitar_data\gtr_070_classic.mp3,guitar_data,-161.6276092529297,92.41907501220703,-3.4904370307922363,31.16855239868164,8.22920036315918,-2.0956954956054688,-5.944159507751465,-0.7283053398132324,1.912432312965393,-1.627812147140503,-7.619185924530029,-3.6445229053497314,-5.274170398712158,0.37257492542266846,0.49548906087875366,0.2088472992181778,0.21132135391235352,0.24487991631031036,0.48923543095588684,0.29829832911491394,0.22801922261714935,0.3505533039569855,0.2616862952709198,0.3605375587940216,0.19154901802539825,-0.25966173386449287,0.031974082337770174,-0.17063091455251647,-0.0025039179637688365,-0.0015276605334111808,-0.025754600095419546,2121.2185539672287,2323.430642833955,4522.839317676084,0.08648965085623066,69.83741554054055
gtr_071_classic.mp3,../Data/raw/guitar_data\gtr_071_classic.mp3,guitar_data,-273.8848571777344,118.92332458496094,9.79259204864502,40.7852783203125,7.370641708374023,-8.988777160644531,-15.553184509277344,-8.078024864196777,1.1189029216766357,3.8852946758270264,-12.966071128845215,-14.807014465332031,-5.4295830726623535,0.1682834029197693,0.172890305519104,0.4936210811138153,0.30553168058395386,0.17955519258975983,0.3455479145050049,0.22788314521312714,0.178041473031044,0.10181792080402374,0.20173949003219604,0.5168468952178955,0.22225214540958405,-0.14212650478843109,0.3664546117458114,-0.14908414733015513,-0.34623042740179705,-0.036115064698007425,-0.08596227209107336,1445.2008512528125,1720.6700147247618,2899.049136513158,0.060079379716524765,99.38401442307692
gtr_072_classic.mp3,../Data/raw/guitar_data\gtr_072_classic.mp3,guitar_data,-200.31118774414062,108.17272186279297,8.904875755310059,30.6583309173584,4.598925590515137,-3.561899423599243,-4.797133922576904,2.207003593444824,-1.0900784730911255,3.580871343612671,-7.147273540496826,-11.415563583374023,-5.541372776031494,0.22502367198467255,0.18872927129268646,0.2768042981624603,0.18830987811088562,0.29494547843933105,0.18248692154884338,0.26483047008514404,0.37773749232292175,0.2694215476512909,0.5583809018135071,0.23202082514762878,0.31684157252311707,0.4167126253224396,0.02645935732229954,-0.0689649090607689,0.015086197524241295,0.028552477400569702,0.040787233017661094,1875.4910617604623,2198.2915806697615,4034.0672732137673,0.08492276690692724,117.45383522727273
gtr_073_classic.mp3,../Data/raw/guitar_data\gtr_073_classic.mp3,guitar_data,-172.76954650878906,102.18489074707031,7.612613677978516,32.065330505371094,4.0275397300720215,-1.752274513244629,-1.2656800746917725,1.9978408813476562,-2.034787178039551,-0.5096395611763,-4.972134113311768,-6.0903496742248535,-6.298861503601074,0.2425086945295334,0.385932981967926,0.2150832563638687,0.2647259533405304,0.1959366798400879,0.32863879203796387,0.3315834403038025,0.23337353765964508,0.340229332447052,0.20355381071567535,0.3593221604824066,0.27761104702949524,-0.2630524409362533,-0.15048980765214526,-0.03576851906467551,-0.022500975731105967,-0.006478517273419377,-0.03360313564860992,1935.7045147986885,2268.078616129671,4140.533296094959,0.08451347232972137,129.19921875
gtr_074_classic.mp3,../Data/raw/guitar_data\gtr_074_classic.mp3,guitar_data,-177.0098419189453,76.9756851196289,21.9172420501709,22.720226287841797,-0.13709554076194763,7.990676403045654,5.630474090576172,3.3204421997070312,-0.8302521705627441,-4.723782539367676,-8.553788185119629,-8.424206733703613,-6.165665149688721,0.22425197064876556,0.4444790780544281,0.2498602569103241,0.277993381023407,0.2412315160036087,0.39282727241516113,0.4469888508319855,0.225150465965271,0.36945757269859314,0.26190468668937683,0.37622129917144775,0.21018990874290466,-0.17162954810249553,-0.055562766360260474,-0.04110257388431382,-0.13054164702284674,0.01675590408534005,0.018555451757126824,2464.6330811580992,2710.3592757104675,5607.182760799632,0.09845254148123066,198.76802884615384
gtr_075_classic.mp3,../Data/raw/guitar_data\gtr_075_classic.mp3,guitar_data,-239.76199340820312,94.5767593383789,12.443492889404297,19.3172550201416,0.8408969640731812,2.357163667678833,-3.132791519165039,3.0527470111846924,-2.128753662109375,-8.698076248168945,-13.948469161987305,-6.686316967010498,-6.658450126647949,0.15752191841602325,0.22803086042404175,0.21859583258628845,0.3375222682952881,0.23620504140853882,0.3443474769592285,0.22606082260608673,0.19691060483455658,0.35188227891921997,0.32828015089035034,0.42360419034957886,0.18327242136001587,-0.34481532199089787,0.050576632074050616,-0.05360049822500407,-0.0021922538929546355,-0.02289208500037393,-0.04362516969464171,1789.0736603450719,2173.127627482942,3923.4846085586782,0.05652308980746904,92.28515625
gtr_076_classic.mp3,../Data/raw/guitar_data\gtr_076_classic.mp3,guitar_data,-247.94088745117188,89.36976623535156,1.001295804977417,21.779773712158203,-0.7264463305473328,-6.71782922744751,-5.819051265716553,-3.1310832500457764,-8.66659164428711,-8.932706832885742,-4.9239983558654785,-4.6453537940979,-14.861759185791016,0.35943299531936646,0.20099398493766785,0.25761449337005615,0.13765186071395874,0.2633850872516632,0.4749276340007782,0.2162448614835739,0.3206688463687897,0.14989468455314636,0.2862199544906616,0.12374399602413177,0.15360713005065918,0.11352286437189497,0.3553254971785286,-0.17045622974567137,0.0790122667011794,-0.062128458964235564,0.024373637099060864,2144.3748548462086,2408.99366891997,4670.396758749758,0.08828329080398607,107.666015625
gtr_077_classic.mp3,../Data/raw/guitar_data\gtr_077_classic.mp3,guitar_data,-191.33921813964844,136.44444274902344,-25.929040908813477,43.86383056640625,16.067005157470703,4.934401988983154,1.0856529474258423,2.1118459701538086,1.5129371881484985,-0.27994009852409363,-6.937323093414307,-4.902993679046631,-1.2482845783233643,0.3365214467048645,0.3169264793395996,0.4425240755081177,0.2588951289653778,0.18693941831588745,0.3336835205554962,0.3488449156284332,0.46462324261665344,0.3076140582561493,0.3759412169456482,0.4981248080730438,0.28564098477363586,0.0639777832996279,0.20898279787324625,0.017890654296337384,-0.08265598972317932,0.03546349601339795,0.01449132658912085,1469.39686461665,1633.5716813472795,3046.8565760751258,0.06711713005514706,129.19921875
gtr_078_classic.mp3,../Data/raw/guitar_data\gtr_078_classic.mp3,guitar_data,-189.19107055664062,103.96062469482422,8.215660095214844,28.2637996673584,-3.0513272285461426,-5.2075676918029785,-5.361478328704834,0.09776598960161209,-6.642138957977295,-1.1623207330703735,-4.449033260345459,-6.224912643432617,-10.46857738494873,0.13480842113494873,0.13948671519756317,0.2650897204875946,0.20553085207939148,0.37250474095344543,0.1856061816215515,0.21872997283935547,0.3115396797657013,0.25455763936042786,0.4600200951099396,0.2007211297750473,0.2599317133426666,0.2839669636044473,-0.05230812587728287,-0.017157436073858938,0.046236189177775784,0.016070369476845536,0.012937668785013137,1897.5586803761835,2220.6684322803594,4277.399135152622,0.07590014572852168,99.38401442307692
gtr_079_classic.mp3,../Data/raw/guitar_data\gtr_079_classic.mp3,guitar_data,-203.9268341064453,124.08806610107422,0.3223455548286438,33.612545013427734,13.423761367797852,-1.2952618598937988,-2.5018770694732666,0.4625248908996582,-0.683742344379425,-2.0249340534210205,-6.29667329788208,-4.260412216186523,-5.131227016448975,0.5556955933570862,0.3531092703342438,0.20165875554084778,0.3178562819957733,0.2894761562347412,0.4199349582195282,0.22282031178474426,0.33420610427856445,0.3193117678165436,0.1905677765607834,0.24475304782390594,0.23844045400619507,-0.2200426744834355,0.24525254720561823,-0.10602900250050773,0.24455713999173634,-0.030726746938280952,0.02556035476113199,1580.4594880636619,1944.8239845530059,3348.346419673955,0.06140854779411765,78.30255681818181
gtr_080_classic.mp3,../Data/raw/guitar_data\gtr_080_classic.mp3,guitar_data,-167.97850036621094,106.66867065429688,-5.995377063751221,31.197647094726562,4.9174909591674805,-3.5835940837860107,-2.7787833213806152,2.851353406906128,-2.038079023361206,-2.1034302711486816,-8.49993896484375,-8.290817260742188,-8.726126670837402,0.28791898488998413,0.20107434689998627,0.319945365190506,0.23979753255844116,0.436816930770874,0.19467046856880188,0.26632434129714966,0.473247230052948,0.24621433019638062,0.35776352882385254,0.2045830637216568,0.39788252115249634,0.29803443494289494,0.11201477385118927,0.11504858046057902,0.1139189312812993,0.029584776085691968,0.003109602708763846,1986.051479375965,2198.649874323079,4241.457685818982,0.09340306332236842,184.5703125
gtr_081_classic.mp3,../Data/raw/guitar_data\gtr_081_classic.mp3,guitar_data,-222.3091583251953,99.2359390258789,11.824264526367188,25.181678771972656,4.150017261505127,-2.0413825511932373,0.24593482911586761,1.4521006345748901,-8.50956916809082,-8.457837104797363,-11.959891319274902,-6.237625598907471,-5.328537464141846,0.3020610213279724,0.21120093762874603,0.3293824791908264,0.21423815190792084,0.31683167815208435,0.15743036568164825,0.20905081927776337,0.24095088243484497,0.1730547994375229,0.2543127238750458,0.17580513656139374,0.4250456988811493,0.30142535127921166,0.06361130307476663,0.09054224418808521,0.12187500553344006,0.00911060491877916,0.00450522913307388,1877.6029591769518,2247.595982512417,4153.8748820868805,0.07886762589493033,198.76802884615384
gtr_082_classic.mp3,../Data/raw/guitar_data\gtr_082_classic.mp3,guitar_data,-235.2030487060547,98.71378326416016,11.717126846313477,27.175981521606445,1.415188193321228,-6.076084136962891,-6.042308807373047,-0.13712085783481598,-0.9182533025741577,-7.305799961090088,-10.900612831115723,-10.449471473693848,-11.613906860351562,0.3370695114135742,0.19156111776828766,0.31712713837623596,0.15457561612129211,0.2413298487663269,0.4191809594631195,0.20984646677970886,0.31232020258903503,0.1712205410003662,0.31250429153442383,0.1581699550151825,0.13981695473194122,0.1604847783642117,0.36405924222997055,-0.19678192034590095,0.025437979927053753,-0.0554336123814519,0.02740728326186711,1848.2221484955555,2111.2356197065847,3952.2094348635837,0.07596514911474458,123.046875
gtr_083_classic.mp3,../Data/raw/guitar_data\gtr_083_classic.mp3,guitar_data,-183.59780883789062,91.60154724121094,12.001927375793457,32.65904235839844,8.541804313659668,-1.042672038078308,-0.34559834003448486,2.685589551925659,1.650162696838379,4.862250804901123,-5.798859119415283,-9.072579383850098,-4.793285846710205,0.41439253091812134,0.15500688552856445,0.13153302669525146,0.15013986825942993,0.3823629319667816,0.222396120429039,0.19204922020435333,0.3236992061138153,0.27962207794189453,0.6077536940574646,0.233242005109787,0.24283677339553833,0.2574647744915968,0.1790962031591959,-0.2859829068173087,0.17880427333271845,-0.01144023983121708,0.09670670833358443,2090.1816414282252,2421.9504100238246,4557.672440378289,0.09526737555630804,89.10290948275862
gtr_084_classic.mp3,../Data/raw/guitar_data\gtr_084_classic.mp3,guitar_data,-243.1099090576172,124.68328857421875,-0.9930353760719299,40.03787612915039,13.906177520751953,-6.365916728973389,-8.255219459533691,1.4986460208892822,2.2213265895843506,1.6157417297363281,-10.619396209716797,-16.94748878479004,-5.506552696228027,0.1663464456796646,0.19853436946868896,0.5228821635246277,0.18646572530269623,0.23449848592281342,0.2686781883239746,0.17126046121120453,0.2661944329738617,0.21453137695789337,0.5004451274871826,0.3879954218864441,0.14094533026218414,0.26411827079955913,0.27911140403143075,-0.13077863691581545,-0.22707338893898538,0.028660544954546684,-0.010068394633149721,1581.085847931275,1824.9302431548601,3231.72212488511,0.07221762831366099,99.38401442307692
gtr_085_classic.mp3,../Data/raw/guitar_data\gtr_085_classic.mp3,guitar_data,-154.9557342529297,103.54740905761719,-29.139848709106445,33.260101318359375,0.6976478695869446,0.817182719707489,-6.954072952270508,-0.5377074480056763,-5.7061333656311035,-1.7501734495162964,-12.04389476776123,-7.341969013214111,0.7806233763694763,0.30657505989074707,0.33069074153900146,0.6348198056221008,0.2400684654712677,0.21877078711986542,0.19399534165859222,0.19492276012897491,0.26110661029815674,0.31229645013809204,0.7508568167686462,0.44985273480415344,0.2590485215187073,0.25456606950623095,0.12489411688643136,-0.16347579003078147,-0.10217853528036579,-0.0342325031097502,0.05087389889942344,2005.659008020455,2048.6146421999147,3895.5764439821983,0.10009274320336688,161.4990234375
gtr_086_classic.mp3,../Data/raw/guitar_data\gtr_086_classic.mp3,guitar_data,-192.3746795654297,106.38690948486328,5.333709716796875,32.52962875366211,6.475895881652832,-8.499907493591309,-7.803836345672607,-2.92732310295105,-2.448430299758911,3.396352767944336,-8.122862815856934,-10.145740509033203,-16.804611206054688,0.3522564470767975,0.2453141063451767,0.1291535347700119,0.2528752386569977,0.158725306391716,0.20009516179561615,0.159281387925148,0.36084988713264465,0.6794765591621399,0.27679452300071716,0.10778291523456573,0.12461122125387192,-0.27207409955427053,0.0919548954529645,0.0017195630129480713,0.34978826671940394,-0.08075968180666546,-0.00204354520652324,1779.2314350558968,2203.200172723442,3834.0518160132065,0.062415722353908666,161.4990234375
gtr_087_classic.mp3,../Data/raw/guitar_data\gtr_087_classic.mp3,guitar_data,-217.68157958984375,153.67514038085938,-24.354217529296875,19.041885375976562,2.753425359725952,-3.948651075363159,-7.918367862701416,-7.780703544616699,-11.22348403930664,-7.22055721282959,-3.205510377883911,0.7690381407737732,-2.589986801147461,0.13381756842136383,0.22438666224479675,0.22469322383403778,0.1650441586971283,0.39000043272972107,0.12531377375125885,0.15585727989673615,0.11267257481813431,0.3469958007335663,0.44299599528312683,0.22516857087612152,0.43004336953163147,0.24173275369000513,-0.23211042317748656,-0.09424994698215301,0.08928201223785574,-0.046041149849521096,0.003626369946796998,1236.2279777511867,1413.0060502855315,2367.5940168162247,0.07156079177147832,89.10290948275862
gtr_088_classic.mp3,../Data/raw/guitar_data\gtr_088_classic.mp3,guitar_data,-244.1772003173828,158.9921417236328,3.4646222591400146,31.182270050048828,5.689287185668945,9.504859924316406,-3.716625213623047,-0.6561598777770996,0.4166967570781708,-0.9104622006416321,-6.867001533508301,-7.432886123657227,-0.5015164613723755,0.4481997787952423,0.36769795417785645,0.4973698556423187,0.26820316910743713,0.24099308252334595,0.2511843144893646,0.4252011179924011,0.3609362542629242,0.18050026893615723,0.30732738971710205,0.15693293511867523,0.337195485830307,0.22605654494968525,0.3186615175109884,0.013308584144419633,-0.009021154990860921,-0.055844385209176645,0.02207274892265246,908.2700080546521,1312.1887675677388,1732.2478586675213,0.040803986068111454,103.359375
gtr_089_classic.mp3,../Data/raw/guitar_data\gtr_089_classic.mp3,guitar_data,-262.655029296875,124.9959716796875,20.718276977539062,24.169513702392578,20.19292640686035,1.3220900297164917,5.419230937957764,-11.77247428894043,-7.476967811584473,-7.857081890106201,-17.73643684387207,-11.000470161437988,-18.103784561157227,0.1868685483932495,0.09899233281612396,0.2239646017551422,0.41995692253112793,0.2765272855758667,0.615537703037262,0.34840255975723267,0.31376904249191284,0.2727948725223541,0.18033817410469055,0.3560015559196472,0.18808051943778992,-0.2796558125397574,0.4266125861424504,-0.08681182836592576,-0.002620664478536406,-0.08769952303044673,-0.07754470510803856,1681.6537060170408,2331.499364176324,3986.925891604586,0.11226991824690402,143.5546875
gtr_090_classic.mp3,../Data/raw/guitar_data\gtr_090_classic.mp3,guitar_data,-195.8926239013672,188.5491180419922,-8.572664260864258,25.546463012695312,9.490955352783203,14.016471862792969,9.574185371398926,6.649757385253906,-0.5892680287361145,5.034145832061768,2.2065815925598145,5.3313140869140625,6.56888484954834,0.5721331238746643,0.310804545879364,0.4435114562511444,0.3793536126613617,0.4260706603527069,0.4438225328922272,0.2664697468280792,0.3003002107143402,0.16582803428173065,0.24422110617160797,0.2517176568508148,0.2524765431880951,-0.23625019360470917,0.4012371193943005,0.025970931669867272,0.09931773001968927,-0.04843321546464954,0.10822263508457539,797.6578773845268,1059.3637267382023,1576.4654673289958,0.04266603074206656,151.99908088235293
gtr_091_classic.mp3,../Data/raw/guitar_data\gtr_091_classic.mp3,guitar_data,-173.55947875976562,163.39877319335938,-4.322246074676514,20.114572525024414,10.027030944824219,5.851503372192383,-3.830991268157959,-6.185102939605713,-9.761011123657227,-10.097993850708008,-11.958273887634277,-4.835447311401367,4.61038064956665,0.36029794812202454,0.2450263649225235,0.49298152327537537,0.20537236332893372,0.22038127481937408,0.39938193559646606,0.17335093021392822,0.1833408623933792,0.19722694158554077,0.5435110926628113,0.19028635323047638,0.13824695348739624,0.2691983901196448,0.29367048655556177,-0.2056361500940779,-0.0673283114777047,-0.0826237082578176,0.021583992713051718,1034.1891690115888,1381.4230919111503,1964.896451873307,0.05406656649090557,184.5703125
gtr_092_classic.mp3,../Data/raw/guitar_data\gtr_092_classic.mp3,guitar_data,-178.5655059814453,169.02488708496094,-32.36172866821289,16.241153717041016,-21.938364028930664,-2.686408281326294,13.53183364868164,-1.5626643896102905,0.26702532172203064,-3.3474326133728027,-11.262059211730957,-13.01629638671875,-9.60014820098877,0.2646428644657135,0.15933486819267273,0.21880953013896942,0.18506650626659393,0.34689489006996155,0.1810249537229538,0.12844906747341156,0.15459436178207397,0.2629392743110657,0.3406265676021576,0.2482244074344635,0.7452400922775269,0.24771710550043952,-0.043891912269990084,-0.11540538169682936,0.15312276556713056,-0.030418864252744603,-0.014023240085477853,1182.5743515388408,1368.3072873750725,2053.4792495585816,0.07266622726393189,123.046875
gtr_093_classic.mp3,../Data/raw/guitar_data\gtr_093_classic.mp3,guitar_data,-200.71954345703125,129.86373901367188,29.373409271240234,14.153617858886719,0.23637603223323822,-1.9454591274261475,-8.3903226852417,-9.942219734191895,-13.669763565063477,-4.668887615203857,-8.86237621307373,-1.3185712099075317,-3.991971015930176,0.17414087057113647,0.5929308533668518,0.23014798760414124,0.2392866462469101,0.5882034301757812,0.17756251990795135,0.08508492261171341,0.048650991171598434,0.21033324301242828,0.4518146216869354,0.14130660891532898,0.10936032235622406,0.2883352614570414,-0.19439687865105043,-0.2638133198432639,0.0823552024723014,0.05616132578764027,-0.042315491811751135,1359.1065767423363,1982.97013027313,2585.0677017826047,0.06208579237616099,117.45383522727273
gtr_094_classic.mp3,../Data/raw/guitar_data\gtr_094_classic.mp3,guitar_data,-199.62466430664062,174.50758361816406,-14.376611709594727,26.07489013671875,6.23254919052124,15.110901832580566,8.975944519042969,8.41240406036377,-1.6656148433685303,-3.271052837371826,-5.850785255432129,-1.3203158378601074,-2.0964763164520264,0.16778598725795746,0.17508330941200256,0.666193425655365,0.3126199245452881,0.23274391889572144,0.2616501450538635,0.6426597833633423,0.45674440264701843,0.18806523084640503,0.18835417926311493,0.15725669264793396,0.41449466347694397,0.35202860230835836,-0.036164679451909314,0.2409600572096149,0.008320972712670086,0.06662584401538435,-0.07498455568520929,1031.024967107877,1365.2623585718586,1899.3051818280767,0.052312608842879256,143.5546875
gtr_095_classic.mp3,../Data/raw/guitar_data\gtr_095_classic.mp3,guitar_data,-221.92864990234375,172.0471954345703,18.562437057495117,38.43596267700195,7.373196601867676,-7.103707790374756,-10.84371566772461,0.45191439986228943,-12.485206604003906,-13.206548690795898,-13.232158660888672,-9.086868286132812,-11.345251083374023,0.251446396112442,0.6934406757354736,0.3630170524120331,0.527592122554779,0.15739943087100983,0.1840505450963974,0.6161295175552368,0.22589349746704102,0.20731191337108612,0.14866259694099426,0.24238114058971405,0.0985020324587822,-0.39141526832031126,-0.3645018094051529,-0.113311430722372,-0.1720085588307985,0.1079324227291137,0.04820278449462576,788.0297665875112,1207.2466619201887,1342.45021572054,0.0373648534249226,123.046875
gtr_096_classic.mp3,../Data/raw/guitar_data\gtr_096_classic.mp3,guitar_data,-229.60330200195312,120.25992584228516,9.772660255432129,-8.631762504577637,-20.780277252197266,-10.561758995056152,-19.59750747680664,-15.850319862365723,-18.2078800201416,-17.15023422241211,-19.185850143432617,-17.01810646057129,-4.9362921714782715,0.3923051059246063,0.1613657921552658,0.2558670938014984,0.12794311344623566,0.26134201884269714,0.12098772823810577,0.09017208963632584,0.2915637791156769,0.15856853127479553,0.3849143981933594,0.1549232006072998,0.3567650020122528,0.3996263466890341,0.11139780080148878,0.061888483297274394,0.14646541571656194,-0.021230356284670234,0.02132151288717618,1376.4226615039902,1895.126007519615,2266.652960526316,0.0601322894494969,123.046875
gtr_097_classic.mp3,../Data/raw/guitar_data\gtr_097_classic.mp3,guitar_data,-445.04736328125,119.6170654296875,62.706729888916016,29.21011734008789,17.88446617126465,14.494318962097168,-0.0007072897278703749,3.6812570095062256,-5.981945514678955,-1.8395780324935913,-2.3986525535583496,-4.295976161956787,-3.759446382522583,0.07499124854803085,0.1864023059606552,0.3864174485206604,0.20382411777973175,0.1566169559955597,0.22494646906852722,0.525307297706604,0.44214892387390137,0.3246208131313324,0.3691489100456238,0.1729871779680252,0.13172435760498047,0.31468248667356097,0.03636082205862446,0.09773070088496869,-0.2810564113144897,0.015308336606439729,0.02407150121758755,888.604193963238,1613.8487308056115,1498.6909376209364,0.02747489055243808,75.99954044117646
gtr_098_classic.mp3,../Data/raw/guitar_data\gtr_098_classic.mp3,guitar_data,-346.1819763183594,151.52394104003906,29.953441619873047,39.1257209777832,1.157936692237854,13.814217567443848,14.074929237365723,-1.1079226732254028,-5.393864154815674,3.3083856105804443,-1.3266148567199707,-12.31395149230957,-4.589747905731201,0.21629591286182404,0.21068495512008667,0.16073420643806458,0.3515530526638031,0.5020495653152466,0.2481578141450882,0.19711026549339294,0.19522009789943695,0.3415367305278778,0.27464064955711365,0.27865394949913025,0.46433010697364807,0.11481539794556472,-0.3119873344002714,0.09331532193750745,0.21261405198648856,-0.005623935645794332,-0.035670337003753765,748.0488566562007,1293.8754805408482,1231.4758867671246,0.028086753821594427,143.5546875
gtr_099_classic.mp3,../Data/raw/guitar_data\gtr_099_classic.mp3,guitar_data,-333.4927673339844,145.88571166992188,15.57615852355957,38.444095611572266,8.327281951904297,13.670828819274902,7.4579596519470215,-4.768100261688232,-7.579335689544678,-9.012889862060547,-8.919153213500977,-5.694431781768799,-3.3612329959869385,0.4754614233970642,0.2560234069824219,0.2551966607570648,0.1625846028327942,0.23856252431869507,0.29369789361953735,0.2421947568655014,0.4646042287349701,0.22289825975894928,0.13934551179409027,0.15309561789035797,0.23166406154632568,0.1947081471978022,0.3305475642819155,0.07482213141279864,0.0620347149614259,-0.0040166179190319245,-0.017167927355668723,900.3186016562069,1354.5150719647188,1611.631921348926,0.036495244170859135,172.265625
gtr_100_classic.mp3,../Data/raw/guitar_data\gtr_100_classic.mp3,guitar_data,-347.83392333984375,128.88890075683594,24.97396469116211,37.0463981628418,5.733466148376465,13.11380386352539,5.783151149749756,5.785258769989014,-1.3588982820510864,3.7728374004364014,-1.080603837966919,-6.032686233520508,-0.23388203978538513,0.1389021873474121,0.13106687366962433,0.22858797013759613,0.16016823053359985,0.1704784631729126,0.19462622702121735,0.3552210330963135,0.5289455652236938,0.36488813161849976,0.36064162850379944,0.20875929296016693,0.17288823425769806,0.3368228400191002,0.09799515417087169,0.14104868527361256,-0.04913374384336796,0.06961144397623742,-0.012436458399137484,970.2173322344695,1527.4721742987747,1782.6392206245162,0.033060268720975235,112.34714673913044
gtr_101_classic.mp3,../Data/raw/guitar_data\gtr_101_classic.mp3,guitar_data,-422.5397644042969,138.79104614257812,42.271629333496094,29.349119186401367,14.8860445022583,11.715929985046387,-6.083750247955322,-11.232305526733398,-8.44823169708252,-1.9409483671188354,-6.098663330078125,-15.720000267028809,-6.639169216156006,0.5536288619041443,0.29288551211357117,0.24721170961856842,0.1669549196958542,0.297520250082016,0.1509268581867218,0.12870724499225616,0.42259037494659424,0.17519688606262207,0.053367674350738525,0.0708361268043518,0.24836255609989166,0.2109357962043771,0.4453828477174456,0.0588073820477977,0.2760415742268941,0.009436566597457863,0.04133072477763941,758.4362535522948,1367.1589711104089,1101.8350040211396,0.029824838549729102,103.359375
gtr_102_classic.mp3,../Data/raw/guitar_data\gtr_102_classic.mp3,guitar_data,-298.2536926269531,120.4870834350586,31.90130615234375,43.75309753417969,12.723762512207031,13.76104736328125,3.4409501552581787,-3.531982898712158,-6.910341262817383,-4.7884626388549805,-2.1616244316101074,-17.181114196777344,2.3252248764038086,0.06177965924143791,0.24551387131214142,0.5624584555625916,0.22648422420024872,0.17970547080039978,0.13442973792552948,0.279399573802948,0.2964285612106323,0.33463263511657715,0.6023130416870117,0.31329023838043213,0.07937056571245193,0.3909566795577573,0.009656435684060702,-0.10229761458842532,-0.14571427152547622,0.011122998982579126,0.04944090909574541,1039.9535616150447,1777.5375364983322,1956.238170895414,0.03406479779411765,117.45383522727273
gtr_103_classic.mp3,../Data/raw/guitar_data\gtr_103_classic.mp3,guitar_data,-445.8415222167969,132.29046630859375,57.172950744628906,36.40871047973633,19.460350036621094,4.495650768280029,-2.5974857807159424,-7.944200038909912,-11.644909858703613,-8.195515632629395,-4.4930009841918945,-9.257941246032715,-12.129251480102539,0.5741017460823059,0.28125303983688354,0.17994719743728638,0.17960307002067566,0.3797830641269684,0.3794334828853607,0.13332481682300568,0.10108911246061325,0.0976330041885376,0.11495866626501083,0.14201727509498596,0.28333038091659546,0.257888162861094,0.2501721878791172,-0.06272506330985166,0.3310578045317753,-0.02775425380868825,0.033643823088792435,635.3875001724482,936.3310998225502,844.9698905826722,0.03913884118614551,129.19921875
gtr_104_classic.mp3,../Data/raw/guitar_data\gtr_104_classic.mp3,guitar_data,-518.7800903320312,62.243408203125,22.440933227539062,5.039795875549316,5.153049468994141,7.307388782501221,1.788564920425415,-2.1392550468444824,-1.9341059923171997,3.161771774291992,8.88103199005127,7.016628742218018,0.8428549766540527,0.028965041041374207,0.03234335780143738,0.08419611304998398,0.23037783801555634,0.6753604412078857,0.2621859014034271,0.3759778141975403,0.19394910335540771,0.06225007772445679,0.04100953787565231,0.03930030018091202,0.06962642073631287,0.34751095606466426,-0.20473547790614235,0.16807947912382812,0.3197083322208046,0.15498905298513885,-0.10391935711056074,1453.002228099796,1827.638060922601,2810.808003428551,0.06400943909636223,198.76802884615384
gtr_105_classic.mp3,../Data/raw/guitar_data\gtr_105_classic.mp3,guitar_data,-405.0028991699219,125.86172485351562,56.9289436340332,36.36624526977539,12.080225944519043,2.13022518157959,-13.52736759185791,-1.6852500438690186,0.49508941173553467,-2.7911300659179688,-5.259698867797852,-11.806931495666504,-5.527510166168213,0.6720387935638428,0.2845640778541565,0.10316520184278488,0.07865291833877563,0.19112654030323029,0.3352544605731964,0.18724103271961212,0.2623096704483032,0.17189115285873413,0.20133860409259796,0.20455427467823029,0.2799277603626251,-0.032427549308783256,0.4525085525134992,-0.09054841504054904,0.2093447553225101,-0.01648718018971572,0.03699692112512889,730.974675762525,1240.483875384737,1101.468339571643,0.03337810504547214,89.10290948275862
gtr_106_classic.mp3,../Data/raw/guitar_data\gtr_106_classic.mp3,guitar_data,-267.415283203125,102.78180694580078,14.007393836975098,48.450435638427734,-11.423280715942383,12.527291297912598,-4.959777355194092,-3.354802131652832,-7.439641952514648,3.8763296604156494,-0.9680812358856201,-13.688941955566406,-2.274728536605835,0.1875525861978531,0.193699911236763,0.46815529465675354,0.24076278507709503,0.26419636607170105,0.19949615001678467,0.35661113262176514,0.4591520428657532,0.2579817771911621,0.3032868504524231,0.17087002098560333,0.23850998282432556,0.31571031147579415,0.08587191360702023,0.1563853183274673,-0.033961249644894755,0.027015807476223237,-0.027632757356314108,1671.0449090907473,2024.7783244952723,3779.1271481351587,0.06126833700174149,123.046875
gtr_107_classic.mp3,../Data/raw/guitar_data\gtr_107_classic.mp3,guitar_data,-411.7808532714844,171.92071533203125,65.40787506103516,32.255340576171875,9.060195922851562,2.2732813358306885,-4.909786701202393,-8.405141830444336,-13.118233680725098,-4.081113338470459,4.127899646759033,-5.113889217376709,-3.95324444770813,0.11011539399623871,0.24919553101062775,0.36165982484817505,0.19533753395080566,0.28333038091659546,0.17352432012557983,0.3148181736469269,0.21696056425571442,0.23424437642097473,0.34223151206970215,0.21010318398475647,0.161918044090271,0.4068447017832436,-0.08733679774832463,-0.05296954510046173,-0.11819327627112251,0.009259816979382806,0.01823059667829281,535.8161571799109,917.111792394549,680.4208855879934,0.028852433243034055,99.38401442307692
gtr_108_classic.mp3,../Data/raw/guitar_data\gtr_108_classic.mp3,guitar_data,-348.8489074707031,121.74940490722656,22.061063766479492,25.60443115234375,15.694764137268066,13.458745956420898,6.483862400054932,-4.579179286956787,-1.30592679977417,-4.50288200378418,-8.730908393859863,-14.906697273254395,-12.480417251586914,0.32062092423439026,0.2150590717792511,0.24263538420200348,0.5340386033058167,0.23716674745082855,0.218392014503479,0.1425413340330124,0.19965456426143646,0.3143956661224365,0.23895882070064545,0.2948077321052551,0.17328304052352905,-0.4369191274270256,0.08641527672700564,0.03964618112826662,0.0638709070660886,-0.02259252418103357,0.03492189963660784,1277.254609506813,1989.7565878551177,2581.73438860536,0.042954766713428794,92.28515625
gtr_109_classic.mp3,../Data/raw/guitar_data\gtr_109_classic.mp3,guitar_data,-393.42755126953125,162.10569763183594,44.07843780517578,12.34758472442627,-7.7007317543029785,1.4971061944961548,5.463082790374756,1.7124637365341187,-4.5894975662231445,-8.900543212890625,-11.217262268066406,-18.198436737060547,-7.265685558319092,0.17719455063343048,0.17157931625843048,0.18785570561885834,0.24201112985610962,0.5125301480293274,0.21775929629802704,0.16840559244155884,0.1258823573589325,0.23058657348155975,0.2899167537689209,0.2409563511610031,0.598640501499176,0.3465438446898633,-0.3440334091552083,0.01472275084576173,0.0808836653712925,-0.019349342120810485,-0.017019718695188153,752.0151546328747,1161.3041485027338,1165.2012875205592,0.039170587025928794,161.4990234375
gtr_110_classic.mp3,../Data/raw/guitar_data\gtr_110_classic.mp3,guitar_data,-387.29974365234375,128.931640625,23.009151458740234,34.80952835083008,2.34342885017395,-3.1942319869995117,2.2354750633239746,0.7232858538627625,-2.7132668495178223,-6.87611722946167,-8.593801498413086,-6.730414390563965,-8.935730934143066,0.3830132782459259,0.19546544551849365,0.13393224775791168,0.053087808191776276,0.10990831255912781,0.3890298306941986,0.1642400473356247,0.20491039752960205,0.13222676515579224,0.2532806694507599,0.3212623596191406,0.25595664978027344,-0.16685533369031252,0.4693171335551048,-0.1340335137145911,-0.0548392687592621,0.03407177456483852,-0.01561996988893039,1150.2839442528282,1756.5306568369565,2208.344979773365,0.03936446340460526,135.99917763157896
gtr_111_classic.mp3,../Data/raw/guitar_data\gtr_111_classic.mp3,guitar_data,-419.92474365234375,136.73597717285156,38.13832092285156,27.450862884521484,17.877717971801758,13.787245750427246,2.089883327484131,0.05956010892987251,-11.780714988708496,-13.149093627929688,-13.514129638671875,-7.3393964767456055,-3.6632325649261475,0.3239249885082245,0.2785051167011261,0.44509264826774597,0.3539208471775055,0.21006080508232117,0.2666698396205902,0.21020761132240295,0.30467909574508667,0.18634195625782013,0.16847580671310425,0.25096267461776733,0.1925186812877655,0.0056284454986191,0.32007353324544396,0.08903674224168838,-0.05995244851271735,-0.03005002859050955,0.04319898145169351,779.9337179642296,1321.3225691626062,1273.2006344632837,0.030234888980263157,92.28515625
gtr_112_classic.mp3,../Data/raw/guitar_data\gtr_112_classic.mp3,guitar_data,-370.6398620605469,135.9017333984375,30.847166061401367,33.1699104309082,4.693258762359619,7.687882423400879,7.696263313293457,1.8931827545166016,0.38818100094795227,1.5398447513580322,-1.8733025789260864,-5.0101847648620605,-4.414841651916504,0.2835769057273865,0.21723857522010803,0.40173178911209106,0.17633457481861115,0.14023715257644653,0.1524564027786255,0.3906201720237732,0.5901885628700256,0.29781484603881836,0.22793959081172943,0.1483895182609558,0.26174983382225037,0.3087505981365746,0.26850329284199137,0.25339735272641783,-0.06939106079886366,0.0413069247869682,-0.01607153400426095,737.9673105917187,1189.8859470464813,1212.74266671101,0.03316382062693499,172.265625
gtr_113_classic.mp3,../Data/raw/guitar_data\gtr_113_classic.mp3,guitar_data,-385.9627685546875,154.70565795898438,50.00992202758789,16.383018493652344,11.44821834564209,6.823343276977539,3.105604648590088,3.151644468307495,-0.3145483434200287,-1.12525475025177,-5.58392333984375,-15.353241920471191,-4.110164165496826,0.21484257280826569,0.26257628202438354,0.5125123858451843,0.24827592074871063,0.17092245817184448,0.19177955389022827,0.36681410670280457,0.4067496657371521,0.2561515271663666,0.31789448857307434,0.17531491816043854,0.32028067111968994,0.45100858561392426,0.14237912059300675,0.19462038098759488,-0.05054882834661884,0.030102580132291442,-0.0407979650483841,542.7085481274386,965.3741605355905,798.9785020196401,0.025572785652089782,95.703125
gtr_114_classic.mp3,../Data/raw/guitar_data\gtr_114_classic.mp3,guitar_data,-394.6785583496094,149.3275604248047,54.966548919677734,24.72417449951172,13.062016487121582,10.916531562805176,2.778132677078247,-9.367706298828125,-7.241696357727051,-6.641265869140625,-4.213647842407227,-17.829103469848633,-8.568474769592285,0.2187299281358719,0.1693190485239029,0.3599163293838501,0.2502734065055847,0.3405805230140686,0.2235729992389679,0.31056275963783264,0.43778905272483826,0.2073459029197693,0.23420706391334534,0.1473027616739273,0.296154260635376,0.3621746309604261,0.059094117412610045,0.16379433483838307,-0.017088478810807106,0.019123773513856527,-0.02935835143312269,776.2694848022734,1363.4641068050228,1173.0012403553114,0.03406857706075851,172.265625
gtr_115_classic.mp3,../Data/raw/guitar_data\gtr_115_classic.mp3,guitar_data,-351.360595703125,127.4763412475586,40.64376449584961,46.88334274291992,21.931795120239258,16.949878692626953,-4.293574810028076,-0.20615540444850922,-1.5804001092910767,-1.9971619844436646,-9.180961608886719,-9.599102020263672,-3.485625982284546,0.12444894760847092,0.21320898830890656,0.47369182109832764,0.24694086611270905,0.15179699659347534,0.15802329778671265,0.3498137593269348,0.39678171277046204,0.3329545259475708,0.4946378767490387,0.30775368213653564,0.18496866524219513,0.33367975358975366,0.016509818138979716,0.05689606978684142,-0.23177380594862818,-0.015114746780329844,0.01898290334586033,975.2429310385671,1641.4196518922283,1780.230901853957,0.03385542642221362,112.34714673913044
gtr_116_classic.mp3,../Data/raw/guitar_data\gtr_116_classic.mp3,guitar_data,-365.0094909667969,156.2041473388672,34.56982421875,29.327030181884766,19.437789916992188,5.339030742645264,5.925220966339111,-1.1313951015472412,-4.984795093536377,-5.363914489746094,-8.994338989257812,-6.9467244148254395,-4.221972942352295,0.12720037996768951,0.12668010592460632,0.3648136854171753,0.201546773314476,0.18206772208213806,0.1346268355846405,0.24450555443763733,0.5600110292434692,0.2738429307937622,0.21611277759075165,0.12938986718654633,0.23352797329425812,0.3607924030014106,0.18121249855990929,0.23323608388655365,-0.03206093369807625,0.04965052351342104,-0.03499307002444313,826.6608920500613,1257.1174028801017,1350.6501661365614,0.0379581982875387,75.99954044117646
gtr_117_classic.mp3,../Data/raw/guitar_data\gtr_117_classic.mp3,guitar_data,-357.07855224609375,167.03578186035156,22.058143615722656,30.99616050720215,-0.5500819683074951,0.7349462509155273,4.483453750610352,4.266544342041016,-1.9702715873718262,-6.677562236785889,-8.07934284210205,-17.99633026123047,-6.4517340660095215,0.4784039556980133,0.2650061249732971,0.33132171630859375,0.16270025074481964,0.24226965010166168,0.4259539246559143,0.20293551683425903,0.2341192364692688,0.15924662351608276,0.2878294587135315,0.32574599981307983,0.2945798337459564,-0.017095792692653714,0.44217009259015433,-0.1948872506544614,0.022070482421172936,-0.029335505362113302,0.0019325776756493073,713.1102153594488,1043.1358847706704,1208.5176922588525,0.03469669117647059,161.4990234375
gtr_118_classic.mp3,../Data/raw/guitar_data\gtr_118_classic.mp3,guitar_data,-397.3064270019531,147.02813720703125,40.41050720214844,28.849687576293945,15.673419952392578,5.243177890777588,2.1957571506500244,-0.7172507047653198,-5.78188943862915,-4.178243637084961,-8.303939819335938,-17.072734832763672,-10.518126487731934,0.44355878233909607,0.2249266654253006,0.18168896436691284,0.173939511179924,0.3910466134548187,0.26957136392593384,0.1942833960056305,0.33222833275794983,0.2011907994747162,0.15100976824760437,0.07864392548799515,0.17629601061344147,0.2357325135997486,0.24196589052523762,0.0772444186283451,0.2555818116552219,0.052812900942011735,0.03049952623849029,760.0638576760839,1148.8601686688862,1245.484135394495,0.03335883078560371,89.10290948275862
gtr_119_classic.mp3,../Data/raw/guitar_data\gtr_119_classic.mp3,guitar_data,-369.3100891113281,162.2953338623047,38.54855728149414,26.07183074951172,1.264992117881775,-7.015294075012207,4.3529276847839355,3.291600227355957,-4.303243160247803,-1.6940674781799316,-2.9579434394836426,-10.085077285766602,-6.827824115753174,0.4489331841468811,0.16893215477466583,0.1195647194981575,0.12208318710327148,0.2786121666431427,0.503828763961792,0.2692379951477051,0.38084787130355835,0.15064768493175507,0.1694292575120926,0.20512692630290985,0.19308558106422424,-0.041000154155187915,0.4219067591272993,-0.15531440860240062,0.02940306313020147,-0.030794541273346035,-0.010176260418427232,787.1682378806522,1166.8422782908183,1279.1755983334947,0.0361214747000774,129.19921875
gtr_120_classic.mp3,../Data/raw/guitar_data\gtr_120_classic.mp3,guitar_data,-410.6468505859375,149.47586059570312,18.720678329467773,30.011568069458008,9.246538162231445,-7.687767505645752,-3.8903310298919678,2.430067777633667,-12.421975135803223,-8.19636344909668,0.7287985682487488,-6.423050880432129,-6.258006572723389,0.16649076342582703,0.35161760449409485,0.46320393681526184,0.20405399799346924,0.30026674270629883,0.114619679749012,0.16156098246574402,0.1363183557987213,0.20080995559692383,0.44862663745880127,0.30795806646347046,0.21612095832824707,0.474658337777806,-0.06679562649536097,-0.11029786695063051,-0.09572369647498888,-0.006050711149663228,0.010370164002202156,820.83772204595,1236.941961784789,1421.2414059476587,0.03604929070723684,172.265625
gtr_121_classic.mp3,../Data/raw/guitar_data\gtr_121_classic.mp3,guitar_data,-393.687744140625,182.52842712402344,51.33694839477539,24.906892776489258,1.2871018648147583,4.467668533325195,-1.3518905639648438,-6.713167190551758,-4.163052082061768,-5.896139144897461,0.9084010720252991,-18.96173667907715,-10.064921379089355,0.2289360910654068,0.18780310451984406,0.33673328161239624,0.14585146307945251,0.08268816769123077,0.08092052489519119,0.33178749680519104,0.7574504613876343,0.3384438753128052,0.12204794585704803,0.08117541670799255,0.18633687496185303,0.29705716691784184,0.3321843835404258,0.30174732377576774,0.0038834885553881903,0.06469996635038376,-0.025890886299466974,516.200355378367,819.9368085063013,724.8872833724362,0.030002086155185757,129.19921875
gtr_122_classic.mp3,../Data/raw/guitar_data\gtr_122_classic.mp3,guitar_data,-393.42529296875,127.3384780883789,53.44710159301758,33.04914855957031,26.872751235961914,10.097655296325684,-1.0220857858657837,1.7074235677719116,0.0798492431640625,-0.39992883801460266,0.4838159382343292,-4.558984756469727,-8.784119606018066,0.20229683816432953,0.21397364139556885,0.3817630410194397,0.24985741078853607,0.26277846097946167,0.19865377247333527,0.3699718713760376,0.47058191895484924,0.2806653380393982,0.3155767321586609,0.20021718740463257,0.2937915325164795,0.38201022300658105,0.08166654207629952,0.13844909927771343,0.006864243366498858,0.02093057670381563,-0.03696399681962034,1035.1292806127256,1677.2479369000794,1841.3305323928503,0.03521558448626161,69.83741554054055
gtr_123_classic.mp3,../Data/raw/guitar_data\gtr_123_classic.mp3,guitar_data,-318.75982666015625,130.9962921142578,17.286710739135742,45.98728942871094,13.616830825805664,16.969106674194336,-9.569097518920898,5.705949783325195,-1.3532567024230957,5.892424583435059,5.450081825256348,-10.378068923950195,-2.196584701538086,0.5513351559638977,0.3213132917881012,0.17538483440876007,0.10322795063257217,0.19845366477966309,0.380933552980423,0.24381065368652344,0.20639638602733612,0.2046479433774948,0.3421599864959717,0.3434965908527374,0.32956019043922424,0.03189552590769061,0.416983580368657,-0.17860175163939962,0.1337154182485065,-0.003562837410079461,0.07475505704016946,977.5256147490527,1606.1603259182966,1944.2465767402766,0.027920844016060372,92.28515625
gtr_124_classic.mp3,../Data/raw/guitar_data\gtr_124_classic.mp3,guitar_data,-369.1378479003906,150.32745361328125,40.29990005493164,44.08158493041992,12.816178321838379,4.830324649810791,0.10339700430631638,-5.664793491363525,-5.86798095703125,0.9983300566673279,-12.438518524169922,-13.465802192687988,-6.85800838470459,0.29964926838874817,0.14115270972251892,0.26098623871803284,0.18421994149684906,0.1888476014137268,0.49794700741767883,0.23945331573486328,0.1540207862854004,0.21150238811969757,0.42306452989578247,0.572616696357727,0.3058485686779022,-0.07492897649367365,0.3325833398675272,-0.12097538460980262,-0.13963460109424417,0.023684786835464187,0.030844307456410834,672.709119321238,1210.7630977024703,987.6523611346265,0.027100365228328174,161.4990234375
gtr_125_classic.mp3,../Data/raw/guitar_data\gtr_125_classic.mp3,guitar_data,-351.2275390625,128.236572265625,41.626861572265625,33.14899826049805,9.900638580322266,13.308799743652344,-1.7318663597106934,-3.1838438510894775,-10.6531982421875,-7.449934482574463,-8.254734992980957,-17.063186645507812,-13.396461486816406,0.22871585190296173,0.25764206051826477,0.10087781399488449,0.21037037670612335,0.40049266815185547,0.18940377235412598,0.13728640973567963,0.1357579231262207,0.3027098476886749,0.24552208185195923,0.24254249036312103,0.4124094545841217,0.16733235260020862,-0.40150940018788267,0.038094810646455375,0.1978315389790823,0.004666665208514233,-0.0649393195461737,912.8770888896988,1552.0857916474185,1545.4406549317919,0.03195936834849071,172.265625
gtr_126_classic.mp3,../Data/raw/guitar_data\gtr_126_classic.mp3,guitar_data,-359.9140319824219,132.84750366210938,50.343505859375,19.59171485900879,-5.067399978637695,15.328409194946289,2.8161368370056152,3.7521281242370605,-16.235916137695312,4.777703762054443,6.0460405349731445,-11.39238452911377,-1.0629751682281494,0.07873712480068207,0.20169179141521454,0.4900592565536499,0.23273952305316925,0.2037149965763092,0.12994125485420227,0.1721220165491104,0.19980932772159576,0.27580881118774414,0.49917522072792053,0.2821248173713684,0.11031588166952133,0.4171364859662298,0.016129309837381738,-0.09083581184970158,-0.10349922091817286,-0.039107120515166266,0.007495761875950037,1078.1574637011536,1766.2658555925161,1891.863560159878,0.0326524858504257,172.265625
gtr_127_classic.mp3,../Data/raw/guitar_data\gtr_127_classic.mp3,guitar_data,-400.7359619140625,164.49891662597656,58.867828369140625,18.48139190673828,5.593993186950684,6.063897609710693,3.0662055015563965,-1.2159682512283325,-6.72598123550415,-6.596682548522949,-5.277885913848877,-6.650656700134277,-8.231565475463867,0.2720129191875458,0.19271564483642578,0.43526920676231384,0.17844678461551666,0.151919886469841,0.11127443611621857,0.2417588084936142,0.3811444938182831,0.21473346650600433,0.1879526823759079,0.15576481819152832,0.2816168963909149,0.33611829100433366,0.17448797462455196,0.1959764707933364,-0.02948392990269432,-0.011038002894170602,-0.005429983517207634,538.7733408912536,806.8162418706527,769.7203456063758,0.03173299027670279,86.1328125
gtr_128_classic.mp3,../Data/raw/guitar_data\gtr_128_classic.mp3,guitar_data,-376.5402526855469,137.57728576660156,49.20378875732422,34.358985900878906,13.326011657714844,9.445646286010742,0.23018808662891388,2.2739930152893066,-10.456683158874512,-6.3386125564575195,-2.583308696746826,-9.032350540161133,-8.782173156738281,0.1765783727169037,0.18368500471115112,0.1006130650639534,0.24914619326591492,0.4039241075515747,0.22880710661411285,0.28935855627059937,0.1900884360074997,0.27294087409973145,0.23268967866897583,0.20280997455120087,0.3723266124725342,0.12219542550477157,-0.37190798865987046,0.0468163148982263,0.14088312880678142,0.010540348781628666,-0.019672845321105168,742.1752896778881,1400.9220665954244,990.9856743118711,0.028430289159249226,172.265625
gtr_129_classic.mp3,../Data/raw/guitar_data\gtr_129_classic.mp3,guitar_data,-385.7347717285156,174.62594604492188,43.24617385864258,26.539823532104492,4.259975910186768,-2.1957967281341553,-3.1754820346832275,-5.887877464294434,-11.623300552368164,-2.7843222618103027,-8.41981315612793,-17.905773162841797,-2.6744139194488525,0.3726915419101715,0.18697091937065125,0.16543897986412048,0.1372109055519104,0.37677454948425293,0.2854593098163605,0.15098965167999268,0.2841089367866516,0.16069664061069489,0.21880781650543213,0.13406124711036682,0.202806293964386,0.26278718713220767,0.2866682009368855,-0.10475382890917029,0.22192168650476848,0.008718255790101975,0.025452451238728763,550.8409340898639,874.6920758534036,732.8622351489938,0.030007755055147058,89.10290948275862
gtr_130_classic.mp3,../Data/raw/guitar_data\gtr_130_classic.mp3,guitar_data,-407.7622985839844,127.19124603271484,51.748958587646484,36.58580017089844,13.626751899719238,9.820384979248047,1.4359643459320068,-3.380734920501709,-6.0249786376953125,0.010174446739256382,-5.228827476501465,-12.354419708251953,-7.220111846923828,0.22713349759578705,0.15859150886535645,0.31184622645378113,0.250927209854126,0.21791771054267883,0.45858094096183777,0.27888891100883484,0.18941836059093475,0.11960417777299881,0.15517593920230865,0.281710684299469,0.1618850827217102,-0.034885388605943486,0.3340107919373612,-0.08542247621314429,-0.10687273805301453,-0.033781573105820265,-0.031289916693599824,828.0202648843838,1535.2262634647388,1233.3175422975523,0.02969483177728328,161.4990234375
gtr_131_classic.mp3,../Data/raw/guitar_data\gtr_131_classic.mp3,guitar_data,-322.6740417480469,134.70648193359375,15.111594200134277,33.68235397338867,8.12130069732666,9.619290351867676,8.533609390258789,2.4549100399017334,-1.7152180671691895,4.322019100189209,-0.9787342548370361,-15.84646224975586,-7.2880120277404785,0.1505821794271469,0.22398078441619873,0.413169264793396,0.24997566640377045,0.3107610046863556,0.25642889738082886,0.42149192094802856,0.48018568754196167,0.3668024241924286,0.44460397958755493,0.24422256648540497,0.2506308853626251,0.3547030167958999,-0.009944810427497373,0.14216793072454978,-0.10312168948960007,0.024951657387423543,-0.03700179416422195,1105.6439446675415,1728.7366835680327,2152.153652887964,0.03572502962945046,143.5546875
gtr_132_classic.mp3,../Data/raw/guitar_data\gtr_132_classic.mp3,guitar_data,-293.4906921386719,112.920654296875,19.344219207763672,31.487396240234375,7.696574687957764,9.092126846313477,-4.095613479614258,-4.710183143615723,-13.043665885925293,0.8588547706604004,-2.3049981594085693,-11.117395401000977,-13.447125434875488,0.13309705257415771,0.16452686488628387,0.12227259576320648,0.25906479358673096,0.6922457218170166,0.2610304653644562,0.19860044121742249,0.15538272261619568,0.29348093271255493,0.34596654772758484,0.21780380606651306,0.3084242343902588,0.315858767177027,-0.26009579124895854,-0.039843719547409936,0.16619007681959935,0.0381893855506877,-0.02592848833691258,1528.5471742753587,2037.1041950940576,3243.797051869679,0.053511770148026314,117.45383522727273
gtr_133_classic.mp3,../Data/raw/guitar_data\gtr_133_classic.mp3,guitar_data,-409.23394775390625,136.32406616210938,33.14397430419922,38.15544509887695,12.309050559997559,13.956632614135742,5.542450428009033,-4.091894149780273,-0.018147187307476997,-3.5575363636016846,-11.369959831237793,-17.11383056640625,-17.006120681762695,0.14046816527843475,0.41978785395622253,0.6231629848480225,0.27706125378608704,0.14242202043533325,0.11994356662034988,0.2561732530593872,0.17406019568443298,0.19334256649017334,0.29095667600631714,0.13136185705661774,0.0906750038266182,0.4368579739580147,0.03297176378192447,-0.049678003915366475,-0.3027557397589064,-0.03909911200917876,-0.02022334370220936,764.1589253080218,1245.8389721324422,1350.308501535894,0.02959241365131579,129.19921875
gtr_134_classic.mp3,../Data/raw/guitar_data\gtr_134_classic.mp3,guitar_data,-324.91741943359375,118.30899047851562,38.983062744140625,17.59410285949707,12.271991729736328,15.828052520751953,-1.7180908918380737,-1.143967628479004,-10.593406677246094,-5.846841335296631,3.5105819702148438,-7.435702800750732,-5.24135160446167,0.3064034879207611,0.1714349389076233,0.12680357694625854,0.2744949758052826,0.3251153826713562,0.15870939195156097,0.2141752690076828,0.1579253077507019,0.27526912093162537,0.2534286677837372,0.3838518559932709,0.6998677253723145,0.18750022974046768,-0.3407914143768513,0.11921654094584364,0.164120550226671,-0.030651856986750846,-0.03264753165349927,1363.6859825093586,2115.986922168391,2873.082626862423,0.04139846471071981,107.666015625
gtr_135_classic.mp3,../Data/raw/guitar_data\gtr_135_classic.mp3,guitar_data,-302.74212646484375,132.23507690429688,22.628314971923828,41.696407318115234,-0.4333467185497284,4.525770664215088,-2.0489654541015625,-5.388328552246094,-7.797337532043457,-7.208400726318359,-5.437395095825195,-10.972250938415527,-6.803780555725098,0.1641356647014618,0.32476839423179626,0.14268171787261963,0.21309539675712585,0.13149520754814148,0.2547733187675476,0.20706424117088318,0.24726995825767517,0.4796137511730194,0.20390942692756653,0.1960722655057907,0.06234464794397354,-0.3686292145213483,-0.183342475216485,-0.16003493961572499,-0.006667169791303447,-0.021653074108442513,-0.010273224195934329,1022.7397709141012,1615.1618083874278,1797.3974647167665,0.03786674003482972,151.99908088235293
gtr_136_classic.mp3,../Data/raw/guitar_data\gtr_136_classic.mp3,guitar_data,-351.0222473144531,136.47792053222656,42.71932601928711,16.389659881591797,-5.278447151184082,5.7446441650390625,0.7561653852462769,1.4711982011795044,-6.650953769683838,-6.334570407867432,-5.411877155303955,-7.449879169464111,-7.333584308624268,0.4146469533443451,0.5112521052360535,0.19801054894924164,0.2882509231567383,0.15123172104358673,0.309307724237442,0.18702492117881775,0.2365792989730835,0.47624102234840393,0.22024992108345032,0.15249530971050262,0.12154107540845871,-0.390851529904595,-0.12991722997882418,-0.1410327080331582,0.11570130504203537,0.01096299546997922,-0.03494087402450589,1103.8838638540058,1733.9039111687762,2022.3127713513447,0.04392566031346749,129.19921875
gtr_137_classic.mp3,../Data/raw/guitar_data\gtr_137_classic.mp3,guitar_data,-345.496337890625,139.32518005371094,28.089466094970703,37.391876220703125,8.87451171875,11.424337387084961,4.100593566894531,7.880856513977051,-3.421825885772705,1.2570003271102905,-2.6934025287628174,-12.240082740783691,-9.898109436035156,0.18460611999034882,0.27207258343696594,0.5872842669487,0.3591959476470947,0.28180021047592163,0.13856805860996246,0.16882744431495667,0.3182288110256195,0.22644172608852386,0.25774210691452026,0.16923435032367706,0.19827064871788025,0.3774906486448141,0.1599508376470705,0.09864013919433079,-0.10673040529098884,-0.01823614999821858,-0.020823716198421428,842.8931397958042,1465.8331124708677,1292.2338527053503,0.030960508175309598,172.265625
gtr_138_classic.mp3,../Data/raw/guitar_data\gtr_138_classic.mp3,guitar_data,-345.63275146484375,134.0882110595703,34.522830963134766,32.570411682128906,17.822011947631836,16.64569091796875,-0.46585261821746826,2.2476563453674316,0.6862921714782715,1.5133675336837769,-10.04297924041748,-11.386576652526855,-7.772213935852051,0.11310829967260361,0.2485998272895813,0.4614487886428833,0.24931210279464722,0.23121896386146545,0.22424450516700745,0.3386385142803192,0.2991273105144501,0.2341783344745636,0.40876898169517517,0.22703790664672852,0.16859613358974457,0.34863335630321,-0.057982767565629756,-0.05843438643255007,-0.2702297485077065,-0.0354995608626239,0.029918369505970384,936.5000788912845,1511.2162854769388,1709.8313275505516,0.03080631409636223,161.4990234375
gtr_139_classic.mp3,../Data/raw/guitar_data\gtr_139_classic.mp3,guitar_data,-376.6810302734375,162.9169158935547,45.87051773071289,22.911460876464844,-0.09117390960454941,-8.198311805725098,-4.991067886352539,2.732023000717163,-5.827735900878906,-6.955593585968018,-11.4260835647583,-17.054872512817383,-3.093719959259033,0.141731858253479,0.06778570264577866,0.1424092799425125,0.25508755445480347,0.14540532231330872,0.2729765474796295,0.15257808566093445,0.2767540514469147,0.20468769967556,0.2035500556230545,0.44949856400489807,0.20376385748386383,-0.33154068792764196,0.3053821116135479,0.1364784599526932,-0.1250336322309551,0.041931045739523165,-0.052544102641456834,704.283867762442,1137.556248825024,990.0190134904702,0.03424469088622291,95.703125
gtr_140_classic.mp3,../Data/raw/guitar_data\gtr_140_classic.mp3,guitar_data,-368.8168640136719,154.3226776123047,21.818071365356445,33.16044616699219,17.28036117553711,4.94243860244751,3.975257635116577,3.767476797103882,-7.160745620727539,-8.302816390991211,-9.02741813659668,-17.797409057617188,-12.10030746459961,0.23196196556091309,0.19850558042526245,0.33524978160858154,0.1577363908290863,0.1542544960975647,0.08012231439352036,0.25221943855285645,0.5257809162139893,0.3083694875240326,0.3045198321342468,0.1827046126127243,0.24615547060966492,0.345198647719482,0.2443961614567141,0.20584313116081765,0.013488036348994648,0.04590489406137127,0.007208423540019746,740.3999293437795,1119.1401264158876,1213.5343285906056,0.03376925914280186,143.5546875
gtr_141_classic.mp3,../Data/raw/guitar_data\gtr_141_classic.mp3,guitar_data,-389.7898254394531,159.98020935058594,44.64882278442383,22.33111572265625,16.13381004333496,14.17873477935791,6.658009052276611,-2.37886381149292,-8.53194808959961,-8.107499122619629,-8.185362815856934,-4.421939849853516,-2.735731363296509,0.17127107083797455,0.22300025820732117,0.39828312397003174,0.26046690344810486,0.13903185725212097,0.1367344856262207,0.2749845087528229,0.48484551906585693,0.23125287890434265,0.20803533494472504,0.11674707382917404,0.19145673513412476,0.3690049594508395,0.1299731006633794,0.182276659522868,-0.19522432618682212,-0.01078786299351326,-0.0090860030583428,674.6776323569404,1184.0518725890654,982.8940565741099,0.029817657943111454,172.265625
gtr_142_classic.mp3,../Data/raw/guitar_data\gtr_142_classic.mp3,guitar_data,-295.95880126953125,135.6580352783203,26.82094383239746,36.843658447265625,-0.8718786239624023,2.356131076812744,-0.015407975763082504,-2.8854315280914307,-7.963894367218018,2.79669451713562,-0.5751299858093262,-8.580425262451172,-5.101956844329834,0.23590044677257538,0.23252655565738678,0.0896793082356453,0.20823673903942108,0.36312052607536316,0.20588558912277222,0.30199676752090454,0.22714677453041077,0.3470885157585144,0.32420894503593445,0.29554611444473267,0.517092227935791,0.20546983058604382,-0.3392854665895203,0.058337963542388384,0.07765825445264206,-0.009580567390957025,0.014967515444069983,1096.9282322683673,1710.051127473663,2086.9707137069468,0.03845290429082817,103.359375
gtr_143_classic.mp3,../Data/raw/guitar_data\gtr_143_classic.mp3,guitar_data,-330.0074768066406,129.70152282714844,28.596317291259766,39.12458801269531,10.47842025756836,9.365043640136719,7.25015926361084,2.944392442703247,7.350836277008057,4.928926467895508,-2.549577474594116,-6.760184288024902,-6.534584045410156,0.16351580619812012,0.24713470041751862,0.4463222622871399,0.24279248714447021,0.17299805581569672,0.18247556686401367,0.36772897839546204,0.3587706387042999,0.4021807312965393,0.5659846067428589,0.3878338634967804,0.2745476961135864,0.333812058104208,-0.024159677073055035,-0.09455428068317409,-0.15983616808476578,-0.04566060482875311,0.04636930432777485,986.3525510389529,1528.7870269374744,2008.6045209099266,0.029088637408088234,172.265625
gtr_144_classic.mp3,../Data/raw/guitar_data\gtr_144_classic.mp3,guitar_data,-317.82366943359375,157.56927490234375,26.839492797851562,19.085437774658203,1.225101351737976,-0.02396503835916519,5.951584339141846,3.269740581512451,-14.73526382446289,-1.796282410621643,-1.837039589881897,-11.809139251708984,-7.897075653076172,0.25230807065963745,0.20192447304725647,0.41105619072914124,0.22779718041419983,0.198067769408226,0.13697652518749237,0.23394331336021423,0.4447114169597626,0.30789393186569214,0.37607628107070923,0.1998600959777832,0.27602049708366394,0.32549260554695075,0.1110879208150955,0.11369577912547432,0.060123404710886535,-0.007027048689276606,-0.026777052416614107,856.3592700552831,1313.7028214171544,1438.8662993723394,0.034850129402089786,89.10290948275862
gtr_145_classic.mp3,../Data/raw/guitar_data\gtr_145_classic.mp3,guitar_data,-310.5010681152344,111.84326934814453,32.10293960571289,16.829673767089844,2.3636226654052734,11.055309295654297,13.95976448059082,2.400221347808838,0.5413450002670288,0.6759091019630432,-2.144270420074463,-17.76067543029785,-5.757025241851807,0.13535302877426147,0.20528505742549896,0.15246766805648804,0.22747273743152618,0.43303951621055603,0.24461624026298523,0.2668467164039612,0.2089998424053192,0.31187382340431213,0.5377378463745117,0.2768495976924896,0.3199726641178131,0.3301728478791988,-0.17127470461274732,-0.08145946925707832,0.0378266196620816,0.03471969639425036,0.02984961094621255,1658.3911711087871,2290.3223261859175,3491.228889016544,0.05355560964106037,73.828125
gtr_146_classic.mp3,../Data/raw/guitar_data\gtr_146_classic.mp3,guitar_data,-382.1160888671875,161.48471069335938,37.94919204711914,24.027652740478516,6.536011695861816,7.329864025115967,12.490962982177734,-1.9757832288742065,-3.895423173904419,9.563704490661621,-1.0602645874023438,-10.135543823242188,-5.522299289703369,0.5270256400108337,0.238385409116745,0.10958269238471985,0.08892296254634857,0.25512054562568665,0.30311304330825806,0.16086149215698242,0.19924671947956085,0.16722257435321808,0.34557628631591797,0.29270440340042114,0.39178386330604553,0.0609502432604023,0.4056729499124708,-0.19317751516960707,0.18930170413125774,-0.005840438476850411,0.08289733255039572,606.4338280292542,1031.1475864238396,866.7364256300793,0.030310096386416407,92.28515625
gtr_147_classic.mp3,../Data/raw/guitar_data\gtr_147_classic.mp3,guitar_data,-184.59295654296875,116.96139526367188,15.849609375,13.645425796508789,5.568912029266357,7.663106918334961,1.846535325050354,-1.5468297004699707,-7.572264194488525,3.611386299133301,-4.389686107635498,0.46538692712783813,-1.6625609397888184,0.22372384369373322,0.3595413863658905,0.278999000787735,0.3986004889011383,0.27970966696739197,0.30706679821014404,0.32427987456321716,0.29887741804122925,0.3820071816444397,0.24836649000644684,0.3264526426792145,0.3164771795272827,-0.1752784894825424,-0.047011343879474005,0.0974102164766442,0.009797440239533762,-0.016334733999072492,-0.004658969670091502,1695.575677011818,2246.952058325528,3533.5202999528346,0.06554495513254643,135.99917763157896
gtr_148_classic.mp3,../Data/raw/guitar_data\gtr_148_classic.mp3,guitar_data,-197.14454650878906,108.08269500732422,10.047346115112305,42.40974426269531,-1.7518043518066406,8.030449867248535,0.5449286103248596,0.23032957315444946,-7.855802059173584,7.278453350067139,-1.8323371410369873,3.9790847301483154,-2.317492961883545,0.27669620513916016,0.3314962089061737,0.3083103895187378,0.37557199597358704,0.281023770570755,0.33828604221343994,0.3211832046508789,0.278520405292511,0.36293643712997437,0.2530631721019745,0.2840285897254944,0.26815366744995117,-0.13563664273149623,-0.057402937036110276,0.01487482254409233,0.005513335378471422,-0.004917256611381458,-0.008315314019503245,1592.2104791473305,1955.1603770304075,3281.0051602106714,0.06076040356520898,129.19921875
gtr_149_classic.mp3,../Data/raw/guitar_data\gtr_149_classic.mp3,guitar_data,-244.50437927246094,105.77381134033203,14.31799030303955,21.49972152709961,17.616912841796875,24.778738021850586,9.675013542175293,-1.0811200141906738,-7.134012699127197,5.127045154571533,6.108973026275635,3.368807554244995,-1.6854491233825684,0.24027615785598755,0.24138379096984863,0.1771419793367386,0.30068063735961914,0.21737399697303772,0.35743993520736694,0.2923121452331543,0.22234369814395905,0.39527302980422974,0.2065892219543457,0.18395888805389404,0.14581267535686493,-0.22074707521000048,-0.046074748266190194,-0.030443686925252546,-0.02345211648680686,-0.02318717050825266,0.02338465076037567,1706.0941120294456,2135.1560368357536,3269.4385634856326,0.0850062886996904,117.45383522727273
gtr_150_classic.mp3,../Data/raw/guitar_data\gtr_150_classic.mp3,guitar_data,-190.70388793945312,101.87071990966797,18.585750579833984,32.00914764404297,7.6413702964782715,13.185590744018555,5.510896682739258,6.7983245849609375,-1.8873653411865234,6.536642074584961,-3.70251202583313,2.640991687774658,0.7080315947532654,0.5359178781509399,0.400032639503479,0.4427216351032257,0.3572295904159546,0.34577953815460205,0.45730486512184143,0.33047550916671753,0.40432819724082947,0.34268832206726074,0.41767480969429016,0.4986647963523865,0.4854024350643158,-0.03490126334028113,0.1777160551875426,-0.0028957173771776376,-0.022805155667940873,-0.026124355488631183,-0.005845702557250347,1781.969792257556,2364.1377500137505,4010.2424172794117,0.0426648969620743,112.34714673913044
gtr_151_classic.mp3,../Data/raw/guitar_data\gtr_151_classic.mp3,guitar_data,-269.53173828125,159.6635284423828,36.89003372192383,15.109668731689453,1.4432275295257568,11.08312702178955,-4.417531490325928,1.549443006515503,-7.588164329528809,0.815446138381958,-2.6258978843688965,-0.8193680644035339,-2.2123172283172607,0.3670947551727295,0.3018838167190552,0.29381540417671204,0.2523818612098694,0.23295432329177856,0.27801215648651123,0.2383441925048828,0.2622048258781433,0.29053717851638794,0.2847693860530853,0.2809966504573822,0.27270203828811646,-0.019913515610506118,0.10002821386136347,-0.032027818258072015,0.05735305261610053,-0.010974420507696269,-0.0010948343057943287,955.3814428369441,1485.2772383630836,1493.7409675527283,0.03333766689241486,143.5546875
gtr_152_classic.mp3,../Data/raw/guitar_data\gtr_152_classic.mp3,guitar_data,-259.6145935058594,134.0097198486328,44.575618743896484,33.25459289550781,13.96524429321289,16.791641235351562,1.202795386314392,6.44888973236084,0.8256826400756836,5.711767196655273,1.3827385902404785,2.940152645111084,-1.8726555109024048,0.3310912847518921,0.39321663975715637,0.4369102418422699,0.3882370591163635,0.38140881061553955,0.3940688967704773,0.46294721961021423,0.4279816746711731,0.4093637764453888,0.4983150064945221,0.38387566804885864,0.35738468170166016,0.09943623588227517,-0.06828635616257196,-0.06995108661432144,-0.017229466779797798,0.003831880940194007,0.017831315587046957,1033.4219633860453,1744.5061975110218,1930.5466595818016,0.022508556259674923,135.99917763157896
gtr_153_classic.mp3,../Data/raw/guitar_data\gtr_153_classic.mp3,guitar_data,-267.19659423828125,167.2595977783203,21.957210540771484,5.819991111755371,-6.095094680786133,4.1720871925354,-1.5406081676483154,-2.2690346240997314,-4.677061080932617,-2.7130236625671387,-3.3949904441833496,-6.4531779289245605,-7.6786346435546875,0.24048751592636108,0.19129422307014465,0.2509181797504425,0.23882851004600525,0.19545339047908783,0.3089160621166229,0.2601640820503235,0.35598209500312805,0.2399914413690567,0.26925885677337646,0.255642831325531,0.15747477114200592,-0.0202559703881241,0.16982325209146754,-0.03224332603801137,-0.0502671338192508,-0.010815598380655588,-0.0053486319504524055,1020.8569413154424,1452.1372986376105,1704.8813574823432,0.048296382183630034,129.19921875
gtr_154_classic.mp3,../Data/raw/guitar_data\gtr_154_classic.mp3,guitar_data,-184.38214111328125,121.13506317138672,4.332716941833496,32.795265197753906,2.1392903327941895,1.5524909496307373,-1.5860501527786255,-4.363436222076416,-11.598634719848633,5.226276874542236,-4.0646138191223145,-3.98637056350708,-3.6496801376342773,0.2561796009540558,0.25636768341064453,0.17894069850444794,0.2707545757293701,0.24496807157993317,0.3876102566719055,0.30026328563690186,0.23182491958141327,0.3451230227947235,0.2259664386510849,0.210312619805336,0.24433372914791107,-0.1585976879226093,-0.0702176997407187,-0.037728287612633096,0.053971901613117365,-0.027069312036695832,0.0013828937196022682,1505.8842298683512,1951.4903367942668,3084.2396833579237,0.06016403528928019,151.99908088235293
gtr_155_classic.mp3,../Data/raw/guitar_data\gtr_155_classic.mp3,guitar_data,-161.66879272460938,110.88558197021484,0.6720681190490723,10.186858177185059,8.78805160522461,11.93059253692627,4.741673469543457,9.708742141723633,-3.433375597000122,2.0902984142303467,0.35509780049324036,1.06928288936615,-3.9147043228149414,0.40633994340896606,0.47421160340309143,0.3744582533836365,0.4210827350616455,0.33963829278945923,0.43037429451942444,0.30604541301727295,0.2648819088935852,0.3328774571418762,0.2977532148361206,0.43456724286079407,0.3071962594985962,-0.15547699095140624,-0.028437225816806275,-0.09427401873257144,-0.005767452690589011,0.006016174051273847,-0.023682542427099846,1928.0991902288633,2295.5884170456993,4007.134102741631,0.07375767946981424,135.99917763157896
gtr_156_classic.mp3,../Data/raw/guitar_data\gtr_156_classic.mp3,guitar_data,-203.73114013671875,116.61677551269531,25.881717681884766,27.83057975769043,10.907394409179688,10.569472312927246,3.3327553272247314,5.445087909698486,-4.404071807861328,3.717644214630127,3.2677040100097656,2.137129306793213,-1.271109700202942,0.4452415406703949,0.45757243037223816,0.4164316654205322,0.41126787662506104,0.5332885384559631,0.48181360960006714,0.42582961916923523,0.3869537115097046,0.3811187744140625,0.42505666613578796,0.3512967824935913,0.36716896295547485,0.0462420987430422,-0.019238021008993036,-0.07887626763637941,0.04013366819321149,-0.01698120932661401,0.010641096921065659,1592.7934127369424,2259.657844354721,3512.91209123452,0.03774958276896285,151.99908088235293
