file_name,path,instrument,mfcc_1,mfcc_2,mfcc_3,mfcc_4,mfcc_5,mfcc_6,mfcc_7,mfcc_8,mfcc_9,mfcc_10,mfcc_11,mfcc_12,mfcc_13,chroma_C,chroma_Csharp,chroma_D,chroma_Dsharp,chroma_E,chroma_F,chroma_Fsharp,chroma_G,chroma_Gsharp,chroma_A,chroma_Asharp,chroma_B,tonnetz_1,tonnetz_2,tonnetz_3,tonnetz_4,tonnetz_5,tonnetz_6,spectral_centroid,spectral_bandwidth,spectral_rolloff,zero_crossing_rate,tempo
pia_001_classic.mp3,../Data/raw/piano_data\pia_001_classic.mp3,piano_data,-330.3302917480469,107.67643737792969,-27.209495544433594,5.1290130615234375,-15.335585594177246,4.787559986114502,1.697932243347168,-9.508515357971191,-12.676971435546875,-3.0547845363616943,-5.038440704345703,0.5588276982307434,0.09060149639844894,0.3865358829498291,0.19395259022712708,0.4048805236816406,0.17382197082042694,0.2757718861103058,0.07732638716697693,0.15912215411663055,0.6062203645706177,0.19988304376602173,0.2809962034225464,0.10796225070953369,0.2099241316318512,0.4192760739981771,0.33880792351706124,0.20301051398578107,0.055062139088189826,0.05221966295060973,-0.014663424159597614,1488.745268177993,1627.7545982270037,2624.42579712292,0.07395873645510836,117.45383522727273
pia_002_classic.mp3,../Data/raw/piano_data\pia_002_classic.mp3,piano_data,-315.25787353515625,113.77295684814453,-30.469913482666016,4.989861488342285,-14.05203914642334,5.5338215827941895,4.404399871826172,-10.683255195617676,-19.880002975463867,-8.439068794250488,-8.279358863830566,0.5668420195579529,8.600170135498047,0.6978282928466797,0.2972976267337799,0.16744941473007202,0.14747929573059082,0.549495279788971,0.4086102545261383,0.12266316264867783,0.323967844247818,0.18785549700260162,0.101530060172081,0.08398948609828949,0.43015533685684204,0.2823024443271474,0.11731606117186788,0.12300262801477459,0.3628878334103564,0.03310326579411452,-0.015569042237573735,1413.0430859419373,1584.6716326129413,2493.1099245053697,0.06756421729876161,117.45383522727273
pia_003_classic.mp3,../Data/raw/piano_data\pia_003_classic.mp3,piano_data,-300.7255554199219,120.81260681152344,-27.456844329833984,11.858235359191895,-11.794105529785156,9.232799530029297,7.341526508331299,-7.456140041351318,-17.80679702758789,-7.1577935218811035,-8.972227096557617,1.7311311960220337,6.952724456787109,0.5459964871406555,0.22638411819934845,0.40479910373687744,0.19574911892414093,0.40596121549606323,0.12373387813568115,0.201666459441185,0.561505913734436,0.21084986627101898,0.23802220821380615,0.10744831711053848,0.2680615782737732,0.36490039865755153,0.35389768763036406,0.2123073076242912,0.1608330698387593,0.06141333760491594,0.014348747521828483,1355.63625048763,1581.911221014021,2450.076851387142,0.06146070167376161,117.45383522727273
pia_004_classic.mp3,../Data/raw/piano_data\pia_004_classic.mp3,piano_data,-291.0461120605469,134.59121704101562,-21.429113388061523,11.7295560836792,-14.583556175231934,3.455376625061035,3.7251853942871094,-8.14570426940918,-16.03230857849121,-7.969232082366943,-10.78528881072998,-2.731024742126465,3.488527774810791,0.5966243743896484,0.25342077016830444,0.3574524521827698,0.20581717789173126,0.3273880183696747,0.18072976171970367,0.1925077587366104,0.6804180145263672,0.27435630559921265,0.09268292039632797,0.1136123463511467,0.30873796343803406,0.2988907167641987,0.3285039367811518,0.2696163577230174,0.14368029787836248,0.04844545283931707,-0.02472993303726457,1278.1769581126712,1507.1779732304983,2220.528239436194,0.05788589335816564,117.45383522727273
pia_005_classic.mp3,../Data/raw/piano_data\pia_005_classic.mp3,piano_data,-293.1362609863281,127.37306213378906,-28.365253448486328,8.465147018432617,-14.092531204223633,3.448829412460327,-0.6000145673751831,-13.488261222839355,-18.706876754760742,-7.704964637756348,-8.467595100402832,0.08879490941762924,5.148005962371826,0.7738438248634338,0.3699758052825928,0.18724720180034637,0.16215640306472778,0.33770158886909485,0.46456125378608704,0.23537054657936096,0.5397462248802185,0.29781925678253174,0.06513223052024841,0.05584659054875374,0.3009457588195801,0.1291062568577802,0.4027467114278292,0.06848191874676261,0.28254299675962874,-0.01823005015304333,-0.001922289774334673,1346.983034740777,1556.2775506527519,2383.610586632885,0.05990288796439629,117.45383522727273
pia_006_classic.mp3,../Data/raw/piano_data\pia_006_classic.mp3,piano_data,-313.3915710449219,115.5416488647461,-28.94955825805664,4.469120502471924,-19.738916397094727,-2.6541664600372314,-4.935039520263672,-15.738459587097168,-21.344871520996094,-8.222646713256836,-6.9453535079956055,3.874842405319214,9.68610954284668,0.7737403512001038,0.18644586205482483,0.20425520837306976,0.1568426638841629,0.479307621717453,0.18063583970069885,0.1314624696969986,0.49185553193092346,0.12730669975280762,0.09971100091934204,0.08121045678853989,0.40874621272087097,0.31041961087747105,0.2536057051184416,0.17308079872111665,0.36836754494013646,0.06361896930891184,0.0015897439979630004,1466.1682028008652,1619.9196770966141,2586.009362755176,0.07183365482294891,117.45383522727273
pia_007_classic.mp3,../Data/raw/piano_data\pia_007_classic.mp3,piano_data,-297.8391418457031,124.17625427246094,-23.42446517944336,9.056408882141113,-15.153199195861816,4.493387699127197,2.5834884643554688,-11.88261604309082,-18.857696533203125,-6.8481340408325195,-7.308699607849121,2.138867139816284,8.501867294311523,0.6396070122718811,0.24485929310321808,0.21793965995311737,0.16119757294654846,0.430289626121521,0.21031059324741364,0.18385562300682068,0.5978424549102783,0.23957349359989166,0.05574620142579079,0.09433189779520035,0.2907099723815918,0.25621847063142933,0.3088327508323309,0.258535360652631,0.2934862690440367,0.07902935573834922,0.005881667717825992,1355.5299949679456,1570.8221346104192,2359.7857306985293,0.06326227808146284,117.45383522727273
pia_008_classic.mp3,../Data/raw/piano_data\pia_008_classic.mp3,piano_data,-330.8842468261719,103.56490325927734,-31.661819458007812,2.9938063621520996,-16.4224910736084,3.2889578342437744,1.1557879447937012,-12.904457092285156,-19.166589736938477,-5.968050479888916,-4.838629245758057,5.060031414031982,8.622396469116211,0.5993902683258057,0.17531855404376984,0.22474348545074463,0.14942806959152222,0.5063248872756958,0.21682295203208923,0.12486795336008072,0.407157838344574,0.1106669157743454,0.0338212326169014,0.07476389408111572,0.42953917384147644,0.28538940876853996,0.23452596301001066,0.1745226520661752,0.30068913461568747,0.023292972970255028,-0.034485020123605686,1495.171109832543,1647.226166998959,2655.7422744231326,0.07140508598587461,117.45383522727273
pia_009_classic.mp3,../Data/raw/piano_data\pia_009_classic.mp3,piano_data,-299.3706970214844,124.3542709350586,-27.9813175201416,3.3293426036834717,-18.219463348388672,1.99765944480896,4.533632278442383,-8.170073509216309,-19.176528930664062,-9.895977973937988,-9.66593074798584,-0.7010509371757507,6.225033283233643,0.4139951765537262,0.2185768187046051,0.5936911106109619,0.27287372946739197,0.4261060357093811,0.15500850975513458,0.11811743676662445,0.4321548342704773,0.19266869127750397,0.2520851194858551,0.13702745735645294,0.3324197232723236,0.4655103742482422,0.21608564069905592,0.0984028729445433,0.014419795919336542,-0.026016059018628686,-0.04371696838873169,1317.8501342170196,1526.3080729552973,2317.060989049197,0.06085526315789474,117.45383522727273
pia_010_classic.mp3,../Data/raw/piano_data\pia_010_classic.mp3,piano_data,-311.8571472167969,106.50909423828125,-36.34727478027344,7.75883674621582,-14.512938499450684,4.23111629486084,2.3070926666259766,-12.505865097045898,-19.663251876831055,-7.6337409019470215,-8.617242813110352,2.6903834342956543,9.33486270904541,0.6879957914352417,0.20122681558132172,0.2723463177680969,0.182904914021492,0.5404306650161743,0.19303889572620392,0.12094207108020782,0.4004453420639038,0.10438196361064911,0.07350213825702667,0.08113406598567963,0.38943642377853394,0.25708263336083303,0.32715161297900636,0.1266397326231729,0.3398719175049066,0.028814984947488253,0.00945199444751622,1470.8078835371427,1642.035759854558,2696.383695336687,0.06700866510255418,123.046875
pia_011_classic.mp3,../Data/raw/piano_data\pia_011_classic.mp3,piano_data,-305.3949279785156,117.1908950805664,-25.359024047851562,9.901604652404785,-12.984455108642578,7.772237300872803,3.5305280685424805,-10.052536964416504,-15.53303050994873,-5.9547834396362305,-8.745018005371094,-1.7819159030914307,1.3578232526779175,0.4695940911769867,0.18484318256378174,0.1823091357946396,0.17642159759998322,0.5597949624061584,0.18910691142082214,0.16874907910823822,0.67155921459198,0.19623444974422455,0.18504661321640015,0.09387262165546417,0.2843300402164459,0.35875166847930134,0.24164758185850296,0.15762549358810765,0.3065586552691022,0.12608260312213598,-0.018310426601708566,1440.5977746270714,1626.5480637751157,2555.267881978038,0.06810578620839783,117.45383522727273
pia_012_classic.mp3,../Data/raw/piano_data\pia_012_classic.mp3,piano_data,-311.4880065917969,124.3364486694336,-20.95549774169922,5.849691867828369,-15.496838569641113,5.843783855438232,3.503004550933838,-8.785748481750488,-15.081904411315918,-2.54518461227417,-4.34661340713501,-1.4358272552490234,-0.04294465854763985,0.37097421288490295,0.20558643341064453,0.3943585753440857,0.21772600710391998,0.480648398399353,0.12385313212871552,0.1405881643295288,0.46306559443473816,0.20727890729904175,0.4277079105377197,0.15998360514640808,0.31335315108299255,0.49669859024085483,0.12239596473220714,0.0531709448813932,0.07748238688658113,0.023379192486545925,-0.017027309727266637,1384.9012937333082,1560.2715096707764,2383.710586028202,0.07066548350425697,117.45383522727273
pia_013_classic.mp3,../Data/raw/piano_data\pia_013_classic.mp3,piano_data,-290.36407470703125,120.89480590820312,-34.47180938720703,9.798909187316895,-16.992042541503906,1.030973196029663,0.49022871255874634,-11.522684097290039,-20.503507614135742,-12.461435317993164,-11.002212524414062,-1.6563159227371216,3.5804402828216553,0.7155905365943909,0.19126015901565552,0.20004898309707642,0.14819908142089844,0.3675535321235657,0.3276194632053375,0.16714777052402496,0.4179666340351105,0.12595927715301514,0.1159590631723404,0.08901932835578918,0.38158729672431946,0.1913527046951383,0.3581983541821989,0.0662838580762072,0.2998312238229715,-0.010118230340741026,0.015551002254372975,1394.1400974373096,1569.7073296531319,2516.1347852771864,0.06970139258417182,117.45383522727273
pia_014_classic.mp3,../Data/raw/piano_data\pia_014_classic.mp3,piano_data,-313.0909423828125,117.51692199707031,-30.0255184173584,4.948957920074463,-17.268373489379883,3.909383773803711,2.7798423767089844,-12.200244903564453,-20.23138427734375,-7.904627799987793,-8.215861320495605,2.033201217651367,7.71739387512207,0.58989018201828,0.189154714345932,0.25885310769081116,0.2076738476753235,0.6290411949157715,0.16192370653152466,0.1088942214846611,0.4211965799331665,0.13017700612545013,0.06553810089826584,0.09491609036922455,0.4157266616821289,0.352164008799415,0.1536394999552693,0.2225843000962057,0.37539100094648625,0.07298078643880584,-0.038166622075891145,1403.4548995580865,1572.5301657488787,2473.2267114031056,0.06766134445143189,117.45383522727273
pia_015_classic.mp3,../Data/raw/piano_data\pia_015_classic.mp3,piano_data,-322.52691650390625,125.43000030517578,-16.675668716430664,8.341373443603516,-10.430315017700195,6.449717044830322,-0.9947215914726257,-13.134977340698242,-13.86976146697998,-1.8101073503494263,-2.0418190956115723,0.24555517733097076,-2.3325273990631104,0.5042443871498108,0.1562379151582718,0.18509404361248016,0.1813470423221588,0.42416447401046753,0.3826293349266052,0.18018394708633423,0.5092719197273254,0.14847302436828613,0.06275570392608643,0.09980029612779617,0.4216504693031311,0.18818686877107876,0.2915749458292298,0.15861059154651266,0.23856217319282913,0.009426507783005036,-0.07450395537840224,1383.4246321791222,1529.8665496196263,2383.2439221833883,0.07083441672310371,123.046875
pia_016_classic.mp3,../Data/raw/piano_data\pia_016_classic.mp3,piano_data,-299.09918212890625,127.10478210449219,-24.76313591003418,10.013368606567383,-14.804817199707031,1.5173026323318481,-0.7431106567382812,-9.925230026245117,-15.368502616882324,-9.016949653625488,-10.769401550292969,-0.9902529716491699,5.745691776275635,0.6919279098510742,0.17954429984092712,0.1901196986436844,0.11612170934677124,0.30673128366470337,0.0888746902346611,0.18084512650966644,0.6883862018585205,0.1873873919248581,0.11435952037572861,0.13264189660549164,0.4882260262966156,0.2918871724213673,0.3357423819415822,0.3002574979123081,0.31689772169028574,0.08899926616063591,0.015492073859286687,1355.8667413717505,1531.1007176402377,2366.469023618905,0.06564132643188854,117.45383522727273
pia_017_classic.mp3,../Data/raw/piano_data\pia_017_classic.mp3,piano_data,-307.3439025878906,119.3267593383789,-27.40965461730957,6.517213821411133,-15.652852058410645,4.722720623016357,3.180370807647705,-9.066322326660156,-17.449113845825195,-7.979465007781982,-10.231402397155762,-1.775706171989441,3.99363112449646,0.48996320366859436,0.22013245522975922,0.3001112639904022,0.1685052216053009,0.46134474873542786,0.11608382314443588,0.14637841284275055,0.6195520758628845,0.20684769749641418,0.2912035286426544,0.11440788209438324,0.27298393845558167,0.3887947028732394,0.25922210881127716,0.0809893290075795,0.21144263276708847,0.07500287648375753,0.019357165463780406,1430.5049690433405,1615.93616395878,2536.4763289413218,0.06705741764222137,117.45383522727273
pia_018_classic.mp3,../Data/raw/piano_data\pia_018_classic.mp3,piano_data,-285.1307373046875,157.540283203125,-5.470581531524658,15.46417236328125,-5.524528503417969,9.264180183410645,4.690008640289307,-10.000882148742676,-17.654150009155273,-11.386972427368164,-12.044217109680176,-3.4171459674835205,4.383810997009277,0.4631388187408447,0.19288143515586853,0.2971174120903015,0.23152793943881989,0.5277066230773926,0.15625758469104767,0.15736156702041626,0.4125479459762573,0.200250506401062,0.17040085792541504,0.1799212396144867,0.5003719925880432,0.3789775975503835,0.10534203337462487,0.23000395482088126,0.2935651563028314,0.061424999716110616,-0.039493930855928665,1088.407780928669,1325.7986556241171,1844.605512589493,0.05132546439628483,117.45383522727273
pia_019_classic.mp3,../Data/raw/piano_data\pia_019_classic.mp3,piano_data,-486.2882080078125,135.4213409423828,77.65028381347656,30.882564544677734,10.683693885803223,4.007991790771484,-2.421633243560791,-8.983735084533691,-12.449689865112305,-13.226388931274414,-12.681448936462402,-11.112590789794922,-9.434874534606934,0.40245896577835083,0.17937542498111725,0.06293891370296478,0.0772307962179184,0.3328450322151184,0.5170097947120667,0.21414083242416382,0.31728219985961914,0.08478165417909622,0.0632753074169159,0.11988066136837006,0.22227230668067932,0.2285637605353821,-0.22552085891610568,0.17792928240646896,0.13835529025861035,-0.023702393656314928,0.001393357953411681,353.90004435502834,444.0461270412581,450.9472731835333,0.026267414860681116,92.28515625
pia_020_classic.mp3,../Data/raw/piano_data\pia_020_classic.mp3,piano_data,-374.3547058105469,226.3119659423828,76.51312255859375,4.340001106262207,5.778435230255127,7.292477607727051,-5.719428539276123,-11.686647415161133,-9.1638765335083,-8.30649185180664,-9.401619911193848,-7.07377290725708,-1.2051538228988647,0.16709791123867035,0.26226580142974854,0.11180373281240463,0.20218604803085327,0.45240291953086853,0.2087516188621521,0.20633919537067413,0.13513581454753876,0.33947452902793884,0.3218807578086853,0.23130813241004944,0.35858768224716187,0.097460511731547,0.20889137073333228,-0.13968735936691773,0.01944179424598634,-0.03055803405486275,-0.028920155509233384,388.5610809724816,349.88690738600377,553.063322368421,0.03292988402186533,92.28515625
pia_021_classic.mp3,../Data/raw/piano_data\pia_021_classic.mp3,piano_data,-396.0472106933594,196.30380249023438,74.1481704711914,6.003360271453857,-2.919159173965454,-4.121460437774658,-12.1786470413208,-13.605295181274414,-8.050376892089844,-5.512845039367676,-7.269191741943359,-7.32967472076416,-3.941809892654419,0.17621102929115295,0.13913869857788086,0.05360990762710571,0.15234918892383575,0.5200901031494141,0.19208119809627533,0.13826435804367065,0.08599044382572174,0.2540811002254486,0.2549396753311157,0.17836064100265503,0.5869569778442383,0.23606550851239633,-0.179519883344111,-0.10595733044494596,0.17852454867838208,0.006038272906524629,-0.025259983350559595,451.8772342333036,374.65738089171003,666.8376343907217,0.041691735802051086,89.10290948275862
pia_022_classic.mp3,../Data/raw/piano_data\pia_022_classic.mp3,piano_data,-468.427734375,182.09780883789062,89.14693450927734,25.309263229370117,8.326019287109375,7.281432151794434,0.9203089475631714,-6.866298675537109,-9.719710350036621,-9.977387428283691,-9.993898391723633,-8.009333610534668,-4.162558555603027,0.2197168618440628,0.20853650569915771,0.12089237570762634,0.2534105181694031,0.45020920038223267,0.22766417264938354,0.30372878909111023,0.15868638455867767,0.22434568405151367,0.15509949624538422,0.1723606437444687,0.4389737844467163,0.09434089954225675,0.25194374273360043,-0.10643125187112573,0.1204216954033048,-0.015037032507825258,0.00016616695923097992,344.0238435626536,361.7112598986692,468.24716857343265,0.02871297830398607,184.5703125
pia_023_classic.mp3,../Data/raw/piano_data\pia_023_classic.mp3,piano_data,-386.77618408203125,216.90174865722656,72.92320251464844,4.003255367279053,5.551248550415039,7.700969219207764,-5.4321393966674805,-11.377233505249023,-4.770913600921631,1.771639347076416,2.224199056625366,0.5774571299552917,0.23152273893356323,0.20099809765815735,0.28639736771583557,0.11718375980854034,0.24081145226955414,0.5970379710197449,0.2170289009809494,0.10983014106750488,0.13463982939720154,0.32115691900253296,0.2995266914367676,0.21356333792209625,0.41210082173347473,0.04305771174217571,0.22999861032061747,-0.25636249838339964,-0.0023183072472050714,-0.012043741459494193,-0.029286187212370363,404.86652372617925,374.44271128275864,649.7627376402863,0.03529116981907895,92.28515625
pia_024_classic.mp3,../Data/raw/piano_data\pia_024_classic.mp3,piano_data,-374.17987060546875,213.65475463867188,70.82708740234375,3.851496696472168,7.8586530685424805,10.58177661895752,-3.840866804122925,-12.295904159545898,-8.553857803344727,-3.4728989601135254,-2.5819432735443115,-2.576475143432617,-0.23018398880958557,0.24207039177417755,0.2370098978281021,0.09333878010511398,0.1768513321876526,0.4856327474117279,0.20360472798347473,0.14869944751262665,0.1350308060646057,0.270220011472702,0.32108864188194275,0.2565825581550598,0.6356543898582458,0.24765887966646463,-0.15711737713201845,-0.1292478698269744,0.15490335692585216,0.01459705579081676,-0.009282034498737799,398.44972230759464,369.24996567252384,609.2296494049923,0.03340002479198916,89.10290948275862
pia_025_classic.mp3,../Data/raw/piano_data\pia_025_classic.mp3,piano_data,-486.4253234863281,135.5854949951172,77.42833709716797,30.77328109741211,10.9622220993042,4.37375020980835,-2.3783209323883057,-9.255651473999023,-12.714659690856934,-13.3562593460083,-12.888439178466797,-11.592823028564453,-10.079875946044922,0.40297597646713257,0.17259742319583893,0.05834627151489258,0.07496184855699539,0.3361724019050598,0.5335973501205444,0.2073144167661667,0.28704795241355896,0.08422377705574036,0.08533177524805069,0.11772178113460541,0.22288459539413452,0.2343645116152371,-0.23543529850521341,0.169527051463974,0.15631473446773053,-0.024383011814231265,-0.004472567300910951,356.424326501794,445.16095472936195,453.78058938419116,0.026429545399574303,184.5703125
pia_026_classic.mp3,../Data/raw/piano_data\pia_026_classic.mp3,piano_data,-436.0502014160156,183.79080200195312,85.28706359863281,22.513221740722656,8.757043838500977,7.16570520401001,-1.3585903644561768,-9.364398002624512,-11.25114631652832,-11.050365447998047,-11.037871360778809,-9.454039573669434,-6.953000068664551,0.1636606901884079,0.15258805453777313,0.06880591064691544,0.19753983616828918,0.5963166952133179,0.24456541240215302,0.24358120560646057,0.11119703203439713,0.16960398852825165,0.15458478033542633,0.159161776304245,0.39698007702827454,0.04222041844162489,0.2995097595230959,-0.16953819550122587,0.04333776009309387,-0.017953356542022497,-0.02801765049930269,353.50964386502477,344.8298890530552,482.8970799874226,0.029843734882933435,31.51200457317073
pia_027_classic.mp3,../Data/raw/piano_data\pia_027_classic.mp3,piano_data,-403.0656433105469,191.72206115722656,82.4436264038086,18.387449264526367,6.880576133728027,4.006038665771484,-4.633615970611572,-9.459754943847656,-9.546557426452637,-9.60413932800293,-9.428349494934082,-7.067172527313232,-3.0267772674560547,0.30964338779449463,0.11358359456062317,0.14887098968029022,0.05610457807779312,0.18828989565372467,0.5041760802268982,0.20826099812984467,0.15142548084259033,0.12992987036705017,0.3098662793636322,0.33096349239349365,0.16964083909988403,0.03513065788751885,0.25634829468914483,-0.2502563672234671,-0.03675216292506879,0.003985231833060205,-0.02800932252868267,377.66367936703426,341.7050296768266,535.0217647965848,0.032554602844427245,61.5234375
pia_028_classic.mp3,../Data/raw/piano_data\pia_028_classic.mp3,piano_data,-394.7734069824219,212.60345458984375,73.07392883300781,3.316906213760376,2.1924986839294434,5.325455188751221,-4.852007865905762,-9.60953140258789,-3.3574488162994385,2.8321545124053955,2.838608980178833,0.33455702662467957,-0.8962744474411011,0.32868286967277527,0.1741389036178589,0.2508830428123474,0.10595176368951797,0.27744603157043457,0.626489520072937,0.21887506544589996,0.17849059402942657,0.165882408618927,0.3690113425254822,0.23104232549667358,0.19051802158355713,0.057397841089479526,0.23604573913235463,-0.24273916815685823,0.06200749424521171,-0.018196903173942448,-0.025592385460737947,416.79125064900813,380.55445902150115,667.4209641967395,0.036791916602167185,92.28515625
pia_029_classic.mp3,../Data/raw/piano_data\pia_029_classic.mp3,piano_data,-473.03192138671875,177.371826171875,89.50940704345703,26.576208114624023,7.7884321212768555,5.980260372161865,-0.06353731453418732,-7.8087568283081055,-10.81238842010498,-10.868221282958984,-10.609496116638184,-8.794050216674805,-5.365442752838135,0.2121601104736328,0.1900220513343811,0.1113513708114624,0.2552330195903778,0.4985547959804535,0.23305454850196838,0.28288522362709045,0.14872312545776367,0.20966678857803345,0.1404731720685959,0.16568610072135925,0.42520204186439514,0.09143422314309085,0.25621172158784133,-0.11262338035347107,0.1422021934442184,-0.023635958014232735,-7.933919158890397e-05,346.19653475759543,355.6492643711618,470.35548915803986,0.028635503337848298,184.5703125
pia_030_classic.mp3,../Data/raw/piano_data\pia_030_classic.mp3,piano_data,-408.10052490234375,188.80844116210938,85.5262680053711,21.693283081054688,7.950399398803711,5.305690288543701,-2.4791805744171143,-8.075936317443848,-9.008418083190918,-8.792108535766602,-7.999680042266846,-5.35853385925293,-1.656922698020935,0.14281174540519714,0.207522913813591,0.08610961586236954,0.19126832485198975,0.5297114253044128,0.24629716575145721,0.17639687657356262,0.1392674446105957,0.2981593608856201,0.2969752848148346,0.16397160291671753,0.31111425161361694,0.03990696312216066,0.25506314247864104,-0.24813647606304126,-0.05965099494541018,0.007029177423884229,-0.03728833158702146,361.06425271219524,341.3865081379621,516.7635418682275,0.03104667545472136,61.5234375
pia_031_classic.mp3,../Data/raw/piano_data\pia_031_classic.mp3,piano_data,-480.9850158691406,168.35345458984375,83.52874755859375,24.17710304260254,7.615926742553711,6.028148174285889,-0.46552208065986633,-8.27995491027832,-11.436148643493652,-12.047125816345215,-12.25418758392334,-10.839415550231934,-8.422201156616211,0.18212927877902985,0.06565617024898529,0.06911491602659225,0.2460651397705078,0.3656064569950104,0.23070478439331055,0.5010727643966675,0.19677309691905975,0.1407589465379715,0.10329544544219971,0.15676894783973694,0.3805237114429474,0.18408222228661159,-0.26262060770425144,0.21323512790008478,0.09878254870036413,-0.030090257877743956,0.017334870692938473,359.8589500844854,375.0981630648926,462.4222037961978,0.029336179373065017,184.5703125
pia_032_classic.mp3,../Data/raw/piano_data\pia_032_classic.mp3,piano_data,-480.9783630371094,140.24513244628906,77.72235107421875,27.24950408935547,5.131211280822754,-1.5181093215942383,-5.328625202178955,-7.935679912567139,-8.983494758605957,-10.311836242675781,-12.153398513793945,-12.315409660339355,-10.151191711425781,0.23981475830078125,0.14815548062324524,0.08174236863851547,0.2660277485847473,0.4247688353061676,0.2025291919708252,0.3044130206108093,0.11738553643226624,0.11565443128347397,0.18010872602462769,0.21456287801265717,0.44741255044937134,0.21302475119595324,-0.2553911502823018,0.16459495061395785,0.09672056081082701,-0.031105358270715096,0.004568504103761772,381.1803152107488,455.08930101560367,521.3801806187113,0.030185002660603717,78.30255681818181
pia_033_classic.mp3,../Data/raw/piano_data\pia_033_classic.mp3,piano_data,-376.65301513671875,228.51727294921875,79.8178482055664,5.892780780792236,6.700048446655273,9.51305103302002,-4.105032444000244,-12.041746139526367,-9.57822036743164,-7.500797271728516,-8.08210563659668,-6.091764450073242,-1.102022647857666,0.19375497102737427,0.24781768023967743,0.11200542747974396,0.19475175440311432,0.4930649399757385,0.22432491183280945,0.2127697765827179,0.14551573991775513,0.37742701172828674,0.27903491258621216,0.16884063184261322,0.4253115952014923,0.10409741949007348,0.22417987692123464,-0.1648684868090945,0.04705782210106177,-0.03177018240787096,-0.0201046576398809,373.77519369415654,347.9703187910818,537.5467495283475,0.0319057027621904,89.10290948275862
pia_034_classic.mp3,../Data/raw/piano_data\pia_034_classic.mp3,piano_data,-469.8233337402344,152.16587829589844,80.75457000732422,26.601112365722656,7.4684038162231445,3.4882030487060547,-2.8397328853607178,-10.236102104187012,-13.46378231048584,-13.591004371643066,-13.047897338867188,-11.850043296813965,-10.37552261352539,0.24608224630355835,0.09548827260732651,0.04694885015487671,0.06605057418346405,0.30654969811439514,0.5478867888450623,0.2490551620721817,0.39845922589302063,0.12611030042171478,0.14133672416210175,0.10515683144330978,0.13834832608699799,0.0859360030891242,0.2511683936623228,-0.052832643847643024,0.15471834142460977,0.003782223625008742,-0.01046311773158661,406.56578978074936,401.76990753041844,541.3633931162925,0.02993103594233746,184.5703125
pia_035_classic.mp3,../Data/raw/piano_data\pia_035_classic.mp3,piano_data,-360.18255615234375,222.1188507080078,61.35393142700195,-2.470160722732544,6.384288787841797,3.603771209716797,-12.05940055847168,-13.360118865966797,-6.0782575607299805,-3.8031857013702393,-3.460064172744751,-0.07308029383420944,2.5703351497650146,0.26090848445892334,0.6530600190162659,0.18867845833301544,0.16421064734458923,0.06900481134653091,0.19550135731697083,0.49817007780075073,0.18507814407348633,0.13630567491054535,0.10406435281038284,0.2597193419933319,0.3260808289051056,-0.1609215614125548,-0.49703415751429425,0.05382986543714509,-0.23528699444166468,-0.0026127667541792385,0.025004859597844903,440.8266062680062,389.607118339185,653.8627128482972,0.038472178550696595,99.38401442307692
pia_036_classic.mp3,../Data/raw/piano_data\pia_036_classic.mp3,piano_data,-369.2188415527344,232.0127410888672,65.7725601196289,-1.2425322532653809,6.45776891708374,4.243658065795898,-10.046709060668945,-12.727643013000488,-9.415666580200195,-9.432793617248535,-8.102477073669434,-1.745827317237854,3.7645153999328613,0.2242135852575302,0.41184571385383606,0.16801248490810394,0.2523798942565918,0.10126741230487823,0.2047380656003952,0.45366156101226807,0.19454355537891388,0.19620341062545776,0.1242842748761177,0.3276096284389496,0.2822299003601074,-0.2841456918277112,-0.36537150464562995,0.01334209640397923,-0.17642940286977285,0.023742368142458593,0.06748011977758349,425.70487552612883,374.0371528185731,604.6796769180534,0.03663205362325851,99.38401442307692
pia_037_classic.mp3,../Data/raw/piano_data\pia_037_classic.mp3,piano_data,-431.3299255371094,179.03074645996094,82.48102569580078,20.350793838500977,5.460143566131592,2.7594215869903564,-4.909263610839844,-10.68448257446289,-10.936692237854004,-9.133641242980957,-5.923720836639404,-1.6103835105895996,-0.019924577325582504,0.18264736235141754,0.48117509484291077,0.21460452675819397,0.26852306723594666,0.1273311823606491,0.2690846920013428,0.4536837637424469,0.21235038340091705,0.24796004593372345,0.11785521358251572,0.1638103723526001,0.13319545984268188,-0.2881377350130104,-0.422042557208891,-0.06612618804326136,-0.17087131233445454,0.01791341218153023,0.03903105623207174,381.6889940570999,365.64710892026176,533.5884401303696,0.03373864708301084,99.38401442307692
pia_038_classic.mp3,../Data/raw/piano_data\pia_038_classic.mp3,piano_data,-463.7923889160156,186.81976318359375,82.3518295288086,17.7596378326416,5.283590316772461,4.211726665496826,-4.496654987335205,-11.711071014404297,-12.41971206665039,-11.31692886352539,-9.604860305786133,-5.8914642333984375,-2.875215530395508,0.17841900885105133,0.42751067876815796,0.1928098350763321,0.19435571134090424,0.10655097663402557,0.2560606300830841,0.489262193441391,0.2232913374900818,0.27702954411506653,0.13459046185016632,0.2199431210756302,0.15575021505355835,-0.2586330328560199,-0.45250616645880615,-0.09402165740159639,-0.20639544091405115,0.021190649072606205,0.024066245608102367,378.22274018257997,367.8391398402193,513.8218929893092,0.031834652549342105,198.76802884615384
pia_039_classic.mp3,../Data/raw/piano_data\pia_039_classic.mp3,piano_data,-392.9996032714844,151.82962036132812,53.69385528564453,1.29936683177948,-2.4253790378570557,0.9651991128921509,-1.647091269493103,-4.9164276123046875,-9.411680221557617,-15.18860912322998,-17.005455017089844,-11.424493789672852,-2.1751654148101807,0.7247137427330017,0.3339504897594452,0.19402211904525757,0.08991638571023941,0.03915217146277428,0.014118872582912445,0.08335399627685547,0.4486042857170105,0.18697993457317352,0.12772603332996368,0.10500459372997284,0.21783964335918427,0.21590620181132783,0.473535678304604,0.15944378773213994,0.2511340816813051,0.03126850529325075,0.1065386423535033,654.5472448357738,1055.0558865755536,840.2699190027573,0.03572805304276316,67.99958881578948
pia_040_classic.mp3,../Data/raw/piano_data\pia_040_classic.mp3,piano_data,-400.7138671875,143.5408935546875,56.60374069213867,10.455782890319824,2.7497682571411133,-2.296623706817627,-10.544356346130371,-15.304149627685547,-17.098466873168945,-16.487655639648438,-13.579733848571777,-9.407604217529297,-3.8287413120269775,0.3444214463233948,0.2408839613199234,0.5615475177764893,0.20582710206508636,0.018509631976485252,0.018560416996479034,0.11302974075078964,0.5249738693237305,0.1912827491760254,0.16227643191814423,0.05451025068759918,0.07491813600063324,0.37318074410125335,0.4364170822980744,0.19551193163890226,-0.07551779787055432,0.00226980485890316,-0.019278690999052273,639.4684986081214,1055.8115544242132,733.3872319744098,0.03247145897832817,71.77734375
pia_041_classic.mp3,../Data/raw/piano_data\pia_041_classic.mp3,piano_data,-380.6535949707031,180.0995330810547,62.28154754638672,-0.0732932984828949,-0.9639982581138611,3.619633436203003,-3.230734348297119,-5.076844692230225,-3.4376235008239746,-11.408546447753906,-22.398649215698242,-19.86821174621582,-6.664034366607666,0.6317440271377563,0.2778564393520355,0.03993671014904976,0.08260150253772736,0.40148305892944336,0.13440373539924622,0.09016089886426926,0.4147358238697052,0.21280160546302795,0.19552503526210785,0.18186452984809875,0.21020543575286865,0.24802036551165862,0.38702412877180614,0.06553962699825303,0.40795632232205453,0.12769050051066133,0.1306902070189794,490.7985005340607,819.4820594305294,646.4794241607004,0.026615485318304953,38.56693097014925
pia_042_classic.mp3,../Data/raw/piano_data\pia_042_classic.mp3,piano_data,-390.4432373046875,167.2773895263672,55.171077728271484,0.5085902810096741,0.5941371917724609,3.521191120147705,-2.9573779106140137,-7.62562894821167,-9.036245346069336,-11.324686050415039,-13.756760597229004,-11.392860412597656,-3.8432741165161133,0.46981772780418396,0.27103039622306824,0.3717566728591919,0.17708566784858704,0.20023204386234283,0.09420140087604523,0.10106943547725677,0.31486448645591736,0.21118728816509247,0.3874128460884094,0.2553013265132904,0.213017538189888,0.29962708405860594,0.3122984831488007,-0.021505433880441467,0.1425066690804758,0.016317908434513816,0.10133670353695236,709.7404816649894,1116.120290596308,1198.009422467589,0.031677435057082044,92.28515625
pia_043_classic.mp3,../Data/raw/piano_data\pia_043_classic.mp3,piano_data,-354.9171447753906,171.9207305908203,33.88080978393555,-6.734551906585693,2.504289388656616,-5.276267051696777,-17.01079750061035,-18.324920654296875,-20.038230895996094,-20.050466537475586,-12.837384223937988,-4.570446968078613,0.24740831553936005,0.6166540384292603,0.1690388023853302,0.10614576190710068,0.056355070322752,0.11624468863010406,0.10790407657623291,0.15397515892982483,0.555647611618042,0.16277848184108734,0.1958656907081604,0.08223620057106018,0.33698874711990356,0.23933602197909995,0.398373247844867,0.19701289242254597,0.2564040808300502,0.03971844571084907,0.051867385473622796,735.1359946489532,1122.3183449617893,924.4777431428986,0.03915584788602941,69.83741554054055
pia_044_classic.mp3,../Data/raw/piano_data\pia_044_classic.mp3,piano_data,-378.6226806640625,179.0543975830078,59.70820999145508,1.4306252002716064,1.4896382093429565,5.0658278465271,-2.0119714736938477,-8.215812683105469,-12.433784484863281,-14.759032249450684,-15.170991897583008,-14.517241477966309,-9.491314888000488,0.42312556505203247,0.27829766273498535,0.46438777446746826,0.17596642673015594,0.0334823802113533,0.024792397394776344,0.14312487840652466,0.602302610874176,0.22735902667045593,0.07077275961637497,0.09876144677400589,0.1694246083498001,0.30186805795848437,0.5267021823007259,0.2953416255899941,0.04565615120762661,0.04752566700880785,-0.0059800986438897485,506.0221263816252,849.7703815746871,663.2876558569562,0.0280648340750774,83.35433467741936
pia_045_classic.mp3,../Data/raw/piano_data\pia_045_classic.mp3,piano_data,-368.2575988769531,187.73190307617188,58.130455017089844,4.309925556182861,2.469912052154541,-0.8219674229621887,-10.1056547164917,-12.407370567321777,-12.861666679382324,-14.735757827758789,-14.63703441619873,-9.534300804138184,-3.535421848297119,0.39793872833251953,0.2369617372751236,0.4293450117111206,0.16638898849487305,0.07838816940784454,0.10875289887189865,0.1490287035703659,0.6030383706092834,0.20973411202430725,0.059426311403512955,0.046100109815597534,0.16908720135688782,0.30341679720405007,0.4759507714329792,0.27502765966148257,0.04781620926908485,0.02528075325394313,-0.04314776120297232,589.5671169706307,1039.0286415777896,676.4625761900155,0.03196503724845201,73.828125
pia_046_classic.mp3,../Data/raw/piano_data\pia_046_classic.mp3,piano_data,-379.5181579589844,164.45082092285156,31.77028465270996,-9.288501739501953,0.6584362387657166,-2.7528584003448486,-13.311441421508789,-15.203543663024902,-14.870165824890137,-14.158735275268555,-11.157038688659668,-7.031646251678467,-4.06283712387085,0.46504154801368713,0.14254985749721527,0.1410389393568039,0.06437110900878906,0.1045306921005249,0.14821770787239075,0.16742318868637085,0.5030880570411682,0.1421632617712021,0.1251119077205658,0.10243657231330872,0.3540566563606262,0.21131487368860635,0.2849564849597442,0.16619738224002123,0.13406840669122388,-0.011033293901325477,0.0037743135160967422,527.8074959763172,805.1912451057763,680.1792203826432,0.02969294214396285,123.046875
pia_047_classic.mp3,../Data/raw/piano_data\pia_047_classic.mp3,piano_data,-419.0194091796875,119.63868713378906,34.430423736572266,-1.758655309677124,2.952615976333618,3.872626543045044,-4.256591796875,-9.851785659790039,-13.561299324035645,-16.423038482666016,-14.761207580566406,-8.421993255615234,-1.6317442655563354,0.6393539905548096,0.23462894558906555,0.020988354459404945,0.022367779165506363,0.07834381610155106,0.02936113066971302,0.08182103931903839,0.43466630578041077,0.1627373993396759,0.05486830696463585,0.06463519483804703,0.2895286977291107,0.1548330180084184,0.36520937023540584,0.21908536499247938,0.3076673326797598,0.05248551795160489,0.09337304991278181,634.8573234418795,1002.2088273604395,929.7527112458881,0.028548958131772446,56.17357336956522
pia_048_classic.mp3,../Data/raw/piano_data\pia_048_classic.mp3,piano_data,-358.1282043457031,175.5237274169922,49.768943786621094,-2.8404242992401123,-2.605447292327881,-7.069857597351074,-14.568222999572754,-15.774781227111816,-17.43605613708496,-16.978984832763672,-11.371148109436035,-6.467446327209473,-4.158369064331055,0.3118059039115906,0.17129534482955933,0.4218129813671112,0.1532207578420639,0.12978558242321014,0.13234283030033112,0.1696559637784958,0.570216953754425,0.1968744695186615,0.28478100895881653,0.12362512946128845,0.30690476298332214,0.38900011111334404,0.25676099456786483,0.13381489477410113,-0.06963688264861896,-0.03004816004548317,-0.04395095752797235,724.9568045164661,1141.0553481307168,901.4445490881385,0.038193646599264705,63.02400914634146
pia_049_classic.mp3,../Data/raw/piano_data\pia_049_classic.mp3,piano_data,-412.92236328125,134.83053588867188,34.70372009277344,-5.959725379943848,-0.43005743622779846,0.8937555551528931,-5.596782207489014,-6.712071418762207,-6.027838706970215,-9.23964786529541,-12.00464916229248,-8.759222030639648,-2.811849355697632,0.4706919193267822,0.1705935299396515,0.05232467129826546,0.02920854091644287,0.07247425615787506,0.04536425694823265,0.12104732543230057,0.45817527174949646,0.16047488152980804,0.1399966925382614,0.10106468945741653,0.24747975170612335,0.16821248622423018,0.30636963973084186,0.1878372400454115,0.23270676789326647,0.050698501113109626,0.057885576809768136,414.9206999334277,651.9658513602536,566.6049071509772,0.02327196812113003,99.38401442307692
pia_050_classic.mp3,../Data/raw/piano_data\pia_050_classic.mp3,piano_data,-399.33599853515625,152.65252685546875,58.769447326660156,8.746893882751465,2.4994425773620605,1.2910780906677246,-6.413131237030029,-13.268072128295898,-17.587610244750977,-18.400287628173828,-15.599769592285156,-11.371363639831543,-6.710269451141357,0.4370289146900177,0.25503647327423096,0.4226694107055664,0.14985854923725128,0.017943844199180603,0.018702151253819466,0.13507908582687378,0.6651169061660767,0.2145988792181015,0.018237868323922157,0.022334562614560127,0.15548968315124512,0.31158428383236747,0.5348961883680315,0.3620727144883824,0.07515012545276128,0.05569994093931711,-0.024647961326090127,560.584580025983,922.7071579675841,690.2458261779218,0.03150472257159443,60.09265988372093
pia_051_classic.mp3,../Data/raw/piano_data\pia_051_classic.mp3,piano_data,-366.864013671875,184.80812072753906,47.374393463134766,-6.675530433654785,-2.7039413452148438,-2.4735963344573975,-10.615926742553711,-14.916387557983398,-17.60395622253418,-17.301904678344727,-11.753664016723633,-4.839127063751221,-1.9390753507614136,0.5652729868888855,0.1577271670103073,0.09357810020446777,0.07074175775051117,0.2159939408302307,0.373128741979599,0.21801646053791046,0.4685697853565216,0.16312050819396973,0.21605122089385986,0.12405217438936234,0.40681377053260803,0.17402494975405322,0.3264422652868669,0.06043291354213834,0.2269381560019762,-0.02114915929796284,0.014488969255983425,736.9942754309449,1182.0264354292058,1027.2187885485198,0.03599864853424923,86.1328125
pia_052_classic.mp3,../Data/raw/piano_data\pia_052_classic.mp3,piano_data,-404.8533935546875,156.4835968017578,52.70168685913086,3.748983383178711,-3.756256103515625,-7.505633354187012,-12.077592849731445,-13.808732986450195,-15.862377166748047,-16.00640296936035,-11.194220542907715,-4.6960368156433105,-0.03899258375167847,0.4141633212566376,0.21863749623298645,0.4635293781757355,0.1849265992641449,0.20314541459083557,0.232840433716774,0.15785348415374756,0.4407474398612976,0.15158900618553162,0.21819402277469635,0.09203305095434189,0.28027838468551636,0.297431847832359,0.29353835130585715,0.03520912097351784,0.023616718471802797,-0.04566709534364608,-0.03492139725608537,812.040322649774,1342.886260856359,1057.0769413336882,0.03732970624516254,143.5546875
pia_053_classic.mp3,../Data/raw/piano_data\pia_053_classic.mp3,piano_data,-384.9137878417969,156.16554260253906,56.65843963623047,4.742649555206299,0.16017061471939087,-0.5223042964935303,-7.563502311706543,-12.559991836547852,-14.931038856506348,-16.14946937561035,-15.577347755432129,-12.085790634155273,-5.441524505615234,0.3466896414756775,0.14669345319271088,0.17153815925121307,0.13083435595035553,0.3062150478363037,0.08613775670528412,0.12667769193649292,0.582829475402832,0.23741239309310913,0.20232923328876495,0.11915329843759537,0.1506384164094925,0.3577974295643648,0.3368798034087094,0.11346956114926235,0.16625997936010686,0.08716189094392077,0.039892031453326815,602.2588716112859,1003.2253451980398,689.9958276896285,0.03244689374516254,73.828125
pia_054_classic.mp3,../Data/raw/piano_data\pia_054_classic.mp3,piano_data,-404.4106140136719,139.20436096191406,45.94789505004883,0.6148432493209839,0.18156211078166962,0.5459142923355103,-7.011904716491699,-11.794791221618652,-13.118916511535645,-12.847810745239258,-9.861464500427246,-5.157593727111816,-1.2763601541519165,0.5320364236831665,0.1761610358953476,0.03982856869697571,0.03443470597267151,0.101435586810112,0.10556530207395554,0.17026738822460175,0.6409153938293457,0.21200445294380188,0.05611705034971237,0.10117945820093155,0.3464975357055664,0.16219465532599217,0.3632005343357007,0.266296242141012,0.24510152361481144,0.07100275136433856,0.026088544499704314,900.6694682341284,1382.038894852547,1568.5321819671537,0.03901525916698916,61.5234375
pia_055_classic.mp3,../Data/raw/piano_data\pia_055_classic.mp3,piano_data,-441.30181884765625,115.2677993774414,40.6990852355957,1.4186168909072876,-1.430068016052246,0.34709492325782776,-2.2452332973480225,-4.730195045471191,-7.9207072257995605,-12.00778579711914,-13.433926582336426,-10.227408409118652,-4.256688117980957,0.5403127074241638,0.2472800314426422,0.09345399588346481,0.042347971349954605,0.035856809467077255,0.01680280640721321,0.09835650771856308,0.4655676782131195,0.18974529206752777,0.06387288868427277,0.1469554752111435,0.14990736544132233,0.12630361472044963,0.42092624010237667,0.18297938432943803,0.22671755328042792,0.08118275562724973,0.07076916004849698,475.52121525133896,823.7209969209046,587.979777900058,0.02326176410119969,15.289848372781066
pia_056_classic.mp3,../Data/raw/piano_data\pia_056_classic.mp3,piano_data,-380.3241882324219,163.6619110107422,43.612857818603516,-1.3167682886123657,0.4095035791397095,-2.654062271118164,-9.024127006530762,-9.990843772888184,-13.032942771911621,-15.26307487487793,-13.020670890808105,-10.275473594665527,-8.178730964660645,0.7725195288658142,0.24166159331798553,0.07375197857618332,0.03693050518631935,0.058653753250837326,0.0510074645280838,0.11318842321634293,0.40377888083457947,0.11772163212299347,0.1377716213464737,0.1221090629696846,0.3928910493850708,0.1718065024012468,0.4933263286485473,0.2018239060377171,0.3873867270329119,0.045778869470767515,0.14001622809696007,694.9157953919317,1093.9487834007105,924.7027417823626,0.03301605130127709,99.38401442307692
pia_057_classic.mp3,../Data/raw/piano_data\pia_057_classic.mp3,piano_data,-393.12567138671875,146.772216796875,44.59284973144531,-2.016605854034424,0.1467045694589615,2.0126030445098877,-3.6929361820220947,-6.4712677001953125,-9.225616455078125,-14.424177169799805,-16.26280403137207,-11.463888168334961,-4.409868240356445,0.5003668665885925,0.19478482007980347,0.07315751165151596,0.030802307650446892,0.030093131586909294,0.012960287742316723,0.13214538991451263,0.6159566640853882,0.18095280230045319,0.04806841164827347,0.08042439073324203,0.17967668175697327,0.17356447496702623,0.49719035020598007,0.28292038989175483,0.25984670785789143,0.1072113171549603,0.0577155119990775,520.280210342185,801.5537172946229,690.0541606702303,0.028309730553405573,71.77734375
pia_058_classic.mp3,../Data/raw/piano_data\pia_058_classic.mp3,piano_data,-410.7144470214844,136.90989685058594,59.80575942993164,15.179356575012207,4.291368007659912,0.20000122487545013,-3.9009523391723633,-7.9230451583862305,-13.32217025756836,-16.15456199645996,-14.246529579162598,-11.17448616027832,-9.159140586853027,0.15770047903060913,0.20791848003864288,0.4964134693145752,0.1639757603406906,0.025464536622166634,0.02078835293650627,0.1603727638721466,0.598680853843689,0.22395655512809753,0.2860058546066284,0.06885934621095657,0.05084843188524246,0.4180736266271297,0.36221365196598254,0.12427074011849906,-0.19030899482479338,-0.009763218061335191,-0.044284706672315766,792.6102501147387,1347.3233001622998,1342.1668841004741,0.03452397869098297,64.599609375
pia_059_classic.mp3,../Data/raw/piano_data\pia_059_classic.mp3,piano_data,-417.51416015625,148.09579467773438,59.55220413208008,7.070178031921387,-3.5629541873931885,-2.349287986755371,-3.230260133743286,-7.36659049987793,-12.500532150268555,-13.758262634277344,-10.436055183410645,-6.52870512008667,-3.8635241985321045,0.5194577574729919,0.21268761157989502,0.07092598080635071,0.0741197019815445,0.26827505230903625,0.3605961203575134,0.18566906452178955,0.30753594636917114,0.1524350345134735,0.2292466014623642,0.23923319578170776,0.29114097356796265,0.13952957544563943,0.31363947566306294,-0.0035387221166948363,0.2738509744869966,0.023981495645305766,0.021384010360656958,732.4707237327596,1268.112198677717,1020.4604960816564,0.03094198976876935,123.046875
pia_060_classic.mp3,../Data/raw/piano_data\pia_060_classic.mp3,piano_data,-390.41766357421875,148.90505981445312,35.106422424316406,-6.171037197113037,-2.0935072898864746,-3.1307458877563477,-8.316548347473145,-10.942502975463867,-13.918917655944824,-13.582741737365723,-8.602836608886719,-4.403550148010254,-2.5733752250671387,0.3880312144756317,0.13102707266807556,0.12774570286273956,0.06749289482831955,0.15798309445381165,0.18903987109661102,0.1660834550857544,0.4428054392337799,0.16624704003334045,0.2693464457988739,0.15390130877494812,0.3155060410499573,0.18481358865535646,0.25181157265492554,0.09383711635478222,0.15743162783728498,0.019311642073258167,0.014329804443772654,502.5947876701099,805.6744666199203,625.8378823106134,0.02705841536861455,95.703125
pia_061_classic.mp3,../Data/raw/piano_data\pia_061_classic.mp3,piano_data,-387.8808898925781,158.58084106445312,60.06340026855469,6.4630537033081055,1.3983577489852905,3.0262651443481445,-2.1124024391174316,-7.270965099334717,-11.615226745605469,-15.733357429504395,-16.26258087158203,-11.496496200561523,-5.140625,0.3002380132675171,0.18336351215839386,0.27413409948349,0.22960956394672394,0.4383656978607178,0.15619894862174988,0.07641399651765823,0.1939105987548828,0.13521221280097961,0.2356368750333786,0.11524402350187302,0.21064019203186035,0.42874647224480833,0.1465867582784504,-0.00912099498437283,0.182772057492433,0.03487685933870505,-0.0007119906114990267,540.6494385258635,921.1581136443243,656.6293627854102,0.03022203947368421,53.8330078125
pia_062_classic.mp3,../Data/raw/piano_data\pia_062_classic.mp3,piano_data,-414.6880187988281,160.80267333984375,63.699031829833984,7.402392864227295,-0.06984561681747437,0.48543280363082886,-5.1254963874816895,-6.962828636169434,-6.416683673858643,-12.21542739868164,-19.57965850830078,-16.701679229736328,-5.645977020263672,0.5405318737030029,0.16158811748027802,0.021479332819581032,0.17368654906749725,0.5302496552467346,0.10948076099157333,0.12336727231740952,0.4588613510131836,0.17445147037506104,0.17468257248401642,0.12866194546222687,0.20331153273582458,0.27476977211496173,0.32489247274109667,0.03692438767450907,0.41752929979774533,0.13283792764859834,0.11611079444370635,604.8981478437075,1062.7733791012365,699.2624383223684,0.03066345781733746,117.45383522727273
pia_063_classic.mp3,../Data/raw/piano_data\pia_063_classic.mp3,piano_data,-398.2532043457031,141.95375061035156,45.99391555786133,-1.314823865890503,-0.5801283717155457,2.0158755779266357,-4.3315839767456055,-7.734358310699463,-8.282364845275879,-11.354567527770996,-13.723177909851074,-9.934022903442383,-2.9917287826538086,0.5715860724449158,0.26496621966362,0.12594830989837646,0.05004829540848732,0.02669231966137886,0.013524176552891731,0.08546009659767151,0.4133903682231903,0.18171747028827667,0.1314597874879837,0.11229749768972397,0.15594063699245453,0.16441721153909677,0.44672045551728234,0.13148864493424198,0.26883453606871516,0.06073480196730875,0.10589343276297987,486.13106094727374,761.504355638965,643.3294432082043,0.026236424874226005,66.25600961538461
pia_064_classic.mp3,../Data/raw/piano_data\pia_064_classic.mp3,piano_data,-393.27728271484375,159.7205352783203,46.91630172729492,1.5260248184204102,-0.47991254925727844,-3.0100626945495605,-9.824552536010742,-11.063827514648438,-10.78557300567627,-11.4700345993042,-11.588091850280762,-8.400267601013184,-4.9563984870910645,0.7301017642021179,0.24540835618972778,0.10417667776346207,0.0663999691605568,0.10758055746555328,0.07879166305065155,0.11444059759378433,0.3421413004398346,0.12413398176431656,0.16932304203510284,0.1972365379333496,0.35176345705986023,0.1652912598541466,0.3834616834086551,0.19162741417372336,0.27913890792263796,0.05363844192131542,0.08255892857335596,880.5192146911091,1374.9918785644475,1680.0065078971556,0.0348837648751935,107.666015625
pia_065_classic.mp3,../Data/raw/piano_data\pia_065_classic.mp3,piano_data,-361.6266784667969,183.98175048828125,57.30469512939453,-3.534884452819824,-3.9830431938171387,-2.375494956970215,-10.09866714477539,-14.590439796447754,-15.111858367919922,-14.545720100402832,-13.014164924621582,-10.40591049194336,-7.39801549911499,0.3451906442642212,0.10577727854251862,0.08775504678487778,0.1340428590774536,0.3834705054759979,0.13770103454589844,0.1680976003408432,0.573074460029602,0.20440326631069183,0.19340096414089203,0.1806761920452118,0.4263579547405243,0.37500887749889805,0.16374982638014668,0.20179211474297673,0.22564225897536064,0.06498385294618893,0.0067340297091139575,645.3891756043457,1035.887705853502,858.2531435939919,0.035973705374419504,78.30255681818181
pia_066_classic.mp3,../Data/raw/piano_data\pia_066_classic.mp3,piano_data,-410.0761413574219,168.8979034423828,65.74832153320312,8.06778335571289,1.3908706903457642,1.3234292268753052,-4.612063407897949,-5.577682971954346,-5.231184959411621,-12.140663146972656,-19.04172706604004,-14.764175415039062,-3.9084389209747314,0.6677362322807312,0.3345428705215454,0.30729132890701294,0.1158500537276268,0.04660205543041229,0.024420207366347313,0.09615596383810043,0.3970634937286377,0.1494906097650528,0.06921441853046417,0.1449510157108307,0.2164810448884964,0.1998283477060278,0.527584432360409,0.2323105509887412,0.20640050496973797,0.06961554415708107,0.05901729845276628,587.4631724779875,1049.630571238548,742.1788454793924,0.027135512408088234,52.734375
pia_067_classic.mp3,../Data/raw/piano_data\pia_067_classic.mp3,piano_data,-419.9571533203125,123.12979125976562,44.484832763671875,7.287392616271973,5.762457847595215,1.6944308280944824,-7.087768077850342,-9.05567741394043,-9.003510475158691,-12.338129043579102,-13.156830787658691,-7.151510715484619,-0.5298466086387634,0.8046384453773499,0.3346582055091858,0.07111522555351257,0.06292734295129776,0.08491865545511246,0.08836710453033447,0.1345546692609787,0.5170982480049133,0.22563426196575165,0.10828457772731781,0.10490506142377853,0.21675384044647217,0.08183730414219577,0.47153583594322596,0.1565948034778681,0.355123003564873,0.0651076890076491,0.12165050645297229,935.9436213948254,1418.2403210474838,1788.9475158124517,0.04104510327979876,61.5234375
pia_068_classic.mp3,../Data/raw/piano_data\pia_068_classic.mp3,piano_data,-418.9929504394531,142.6867218017578,48.026851654052734,2.9718434810638428,-1.9142563343048096,-4.551534652709961,-9.839153289794922,-13.97508716583252,-16.918682098388672,-14.486720085144043,-6.852911472320557,-1.094184398651123,0.3243979811668396,0.38478732109069824,0.08971233665943146,0.04540844261646271,0.12842914462089539,0.43414855003356934,0.3976902365684509,0.16550949215888977,0.33588144183158875,0.10082491487264633,0.11735177785158157,0.07150516659021378,0.2705100476741791,0.19987535086875366,0.2388294464738273,0.061161063222254924,0.2924680352768206,0.03376397301956809,-0.022728420851136546,891.1573790246845,1472.1210120092521,1247.2007916807759,0.037460090944272446,86.1328125
pia_069_classic.mp3,../Data/raw/piano_data\pia_069_classic.mp3,piano_data,-387.41729736328125,177.0492401123047,48.96611785888672,-5.897536754608154,-0.9775371551513672,0.5112089514732361,-8.8585205078125,-12.570423126220703,-11.943492889404297,-13.513986587524414,-14.128643035888672,-9.999338150024414,-5.912074089050293,0.669693112373352,0.23343533277511597,0.1125582680106163,0.05638832226395607,0.09134688228368759,0.13724341988563538,0.14030806720256805,0.4829620122909546,0.15931852161884308,0.11583850532770157,0.067598856985569,0.23468057811260223,0.2072413274693781,0.45166020365284426,0.14951197825907078,0.24834582640684202,0.019886676562153493,0.06865887867770483,645.8202334068194,1033.6791260298012,843.9948964783282,0.034397373258513934,69.83741554054055
pia_070_classic.mp3,../Data/raw/piano_data\pia_070_classic.mp3,piano_data,-389.9879455566406,166.9386749267578,51.094783782958984,2.680605173110962,0.8554713726043701,-1.779178261756897,-7.07914924621582,-9.132948875427246,-11.753753662109375,-13.728065490722656,-12.941119194030762,-10.631595611572266,-7.357908725738525,0.5557299852371216,0.29410359263420105,0.42019808292388916,0.1568954885005951,0.09371907263994217,0.08804312348365784,0.1337386518716812,0.3687693774700165,0.15309889614582062,0.3026525378227234,0.24078191816806793,0.39940372109413147,0.2870720984687939,0.2756510019900549,0.12110031943915311,0.032267342510073724,-0.03641096211084537,0.023792196636000986,752.8378758564678,1259.7344775332442,1209.1176886307567,0.031147959800696595,129.19921875
pia_071_classic.mp3,../Data/raw/piano_data\pia_071_classic.mp3,piano_data,-363.8415832519531,174.38760375976562,54.61277389526367,2.970885992050171,2.4281904697418213,-0.6705214381217957,-10.15291690826416,-14.852339744567871,-16.565338134765625,-15.924644470214844,-12.5062837600708,-8.33262825012207,-4.223812103271484,0.4397561848163605,0.2521938383579254,0.45250383019447327,0.17765548825263977,0.058342233300209045,0.0737525150179863,0.12599867582321167,0.5080410242080688,0.19304779171943665,0.11519652605056763,0.06024572625756264,0.1619919389486313,0.3302383840364038,0.450890688886551,0.26510056412213656,0.020485521528448864,0.02017635643881858,-0.026764206682337595,537.104244409894,817.4008575211832,675.5125819345008,0.03244538203850619,135.99917763157896
pia_072_classic.mp3,../Data/raw/piano_data\pia_072_classic.mp3,piano_data,-415.7906799316406,148.61866760253906,63.107093811035156,8.93691349029541,-1.498772144317627,1.1960713863372803,-0.3693201541900635,-4.330008506774902,-8.619695663452148,-13.111213684082031,-15.106303215026855,-12.628976821899414,-7.934835433959961,0.7503708600997925,0.3483276963233948,0.08718645572662354,0.047278814017772675,0.08621563762426376,0.214456707239151,0.19616565108299255,0.5713512301445007,0.24416770040988922,0.08936303108930588,0.16737313568592072,0.20900267362594604,0.08785392635544788,0.5392178354492437,0.11514595646433524,0.28095266306246613,0.055624075078000296,0.0700857117888788,724.9205248146986,1269.721038839836,1097.668362549584,0.030539119944852942,71.77734375
pia_073_classic.mp3,../Data/raw/piano_data\pia_073_classic.mp3,piano_data,-359.8199157714844,181.09088134765625,56.54185485839844,-1.6633936166763306,-1.039049744606018,1.3510551452636719,-3.4962339401245117,-5.566955089569092,-9.114968299865723,-16.01472282409668,-18.953733444213867,-13.960217475891113,-5.638878345489502,0.5329962968826294,0.2907163202762604,0.2691563367843628,0.12331201136112213,0.05034087225794792,0.038453247398138046,0.11572035402059555,0.5344802737236023,0.22747254371643066,0.17148637771606445,0.1283521056175232,0.18295998871326447,0.27026083400605216,0.48975791899254056,0.1896251489326499,0.13849986537706377,0.05132402814324569,0.048169965097455796,529.7943234524638,848.6731350374301,677.3625707478715,0.029539503918343653,61.5234375
pia_074_classic.mp3,../Data/raw/piano_data\pia_074_classic.mp3,piano_data,-377.63873291015625,158.593017578125,46.20395278930664,-1.0425738096237183,-2.678250789642334,-9.018040657043457,-16.968935012817383,-17.429677963256836,-17.003854751586914,-15.89648723602295,-11.84725570678711,-7.123869895935059,-2.7438948154449463,0.4807167649269104,0.16014276444911957,0.1930638551712036,0.0898948609828949,0.14366990327835083,0.12083931267261505,0.1772087663412094,0.5535581111907959,0.19965511560440063,0.3181125819683075,0.1437452882528305,0.34950852394104004,0.33585465435584894,0.24950650324312088,0.10078184356575616,0.09668404557352918,-0.004106884625424701,0.03769259659959808,828.1085478980774,1328.8451676329628,1058.9519299958881,0.038413977844427245,73.828125
pia_075_classic.mp3,../Data/raw/piano_data\pia_075_classic.mp3,piano_data,-415.4429626464844,147.61973571777344,51.739627838134766,6.797032833099365,1.715746283531189,-4.822767734527588,-11.350214004516602,-9.757567405700684,-9.434417724609375,-14.187607765197754,-16.348962783813477,-10.766274452209473,-1.0579947233200073,0.45734673738479614,0.2377758026123047,0.4054551124572754,0.12859803438186646,0.05649103596806526,0.032722894102334976,0.16979743540287018,0.581638514995575,0.14752082526683807,0.15194502472877502,0.05254211649298668,0.15495847165584564,0.34611496152075494,0.4315595183450237,0.13665922881726136,-0.0402934713052707,-0.02570602174853431,0.006219633087638749,689.2076482113359,1159.0291613712754,805.028465436339,0.03519631022639319,112.34714673913044
pia_076_classic.mp3,../Data/raw/piano_data\pia_076_classic.mp3,piano_data,-382.92266845703125,161.71661376953125,57.07522201538086,2.6625232696533203,0.4439031779766083,2.1943416595458984,-5.202341556549072,-10.794870376586914,-13.915759086608887,-16.8126163482666,-15.306356430053711,-8.149660110473633,-1.6891993284225464,0.43679487705230713,0.2556789815425873,0.3750731647014618,0.17467926442623138,0.10664087533950806,0.12349256873130798,0.11104940623044968,0.3711760640144348,0.14564618468284607,0.12771278619766235,0.0539587140083313,0.13483722507953644,0.27738525766249006,0.4523456275399555,0.15329801907597812,0.10362943237191119,0.010692749658318377,0.004909771514210233,589.231669180234,967.0804904360876,739.1288639222137,0.03171636150348297,58.72691761363637
pia_077_classic.mp3,../Data/raw/piano_data\pia_077_classic.mp3,piano_data,-457.3525390625,108.18836212158203,53.99117660522461,18.043655395507812,3.2166850566864014,-3.106217384338379,-5.308316230773926,-5.95927095413208,-9.140604972839355,-11.167715072631836,-10.086810111999512,-8.602215766906738,-5.253646373748779,0.5992895364761353,0.30175068974494934,0.3642371594905853,0.15272480249404907,0.08667941391468048,0.10053201019763947,0.24888521432876587,0.6064558029174805,0.2606107294559479,0.1972830444574356,0.14085572957992554,0.24174544215202332,0.21707866253889954,0.3713844425762759,0.14128317117068234,0.02939315853624576,0.017795610910934255,0.017147010841389598,1111.569790393211,1721.3501128182313,2275.6779059537057,0.04466753035506966,80.74951171875
pia_078_classic.mp3,../Data/raw/piano_data\pia_078_classic.mp3,piano_data,-395.6901550292969,163.15802001953125,57.21932601928711,1.024981141090393,-3.090859889984131,-0.3236130177974701,-4.6299309730529785,-8.202567100524902,-10.199417114257812,-13.15855884552002,-14.674538612365723,-11.64556884765625,-6.182819366455078,0.5341492891311646,0.19023975729942322,0.15223146975040436,0.06390032172203064,0.06874386221170425,0.05282831937074661,0.1933910846710205,0.6232690215110779,0.1807820051908493,0.1383446455001831,0.1708044707775116,0.48460543155670166,0.2823501543308345,0.31205042353687407,0.2684109278133891,0.12762197981453022,0.01288366941350966,0.020227955158327048,701.3348358199582,1207.6412575665397,882.0029999818595,0.032421950585332815,99.38401442307692
pia_079_classic.mp3,../Data/raw/piano_data\pia_079_classic.mp3,piano_data,-298.4970397949219,169.5303497314453,39.9405517578125,12.770535469055176,-5.155141830444336,-9.559990882873535,-7.482332706451416,-6.512426853179932,-9.201698303222656,-2.7649483680725098,-5.588641166687012,-1.1658387184143066,-0.9649165272712708,0.12228883802890778,0.1847108155488968,0.4207150340080261,0.15043318271636963,0.11661450564861298,0.09974926710128784,0.395394504070282,0.26174697279930115,0.06930944323539734,0.104339100420475,0.11521089822053909,0.3313012719154358,0.27187151229615103,-0.1680794433351112,0.14216100631805062,-0.29437761675298285,-0.06129714711530343,-0.021395347828723807,774.7565690669879,1348.3003533575404,850.7198558134191,0.04305983032604489,184.5703125
pia_080_classic.mp3,../Data/raw/piano_data\pia_080_classic.mp3,piano_data,-386.8831787109375,170.47080993652344,37.43613815307617,-12.639692306518555,-2.7794809341430664,-1.1198352575302124,-7.644626617431641,-5.409311294555664,-2.705345392227173,-8.053160667419434,-14.68584156036377,-13.419529914855957,-6.532943248748779,0.5336746573448181,0.20415936410427094,0.18040364980697632,0.15214303135871887,0.23926985263824463,0.1858377903699875,0.17242585122585297,0.49810242652893066,0.2203710973262787,0.18050438165664673,0.08411358296871185,0.3053092956542969,0.1190825149548687,0.4203586390479221,0.05669936897909271,0.3004521704442877,-0.00305781745828218,0.048309555767623406,554.7084452913766,507.6579703356946,859.4364697719137,0.04249256240325077,86.1328125
pia_081_classic.mp3,../Data/raw/piano_data\pia_081_classic.mp3,piano_data,-400.3285217285156,154.62525939941406,35.15367126464844,-7.850567817687988,-2.954984664916992,-1.7150119543075562,-4.523911952972412,-3.4336533546447754,-2.231412887573242,-4.000518321990967,-5.876841068267822,-7.2367095947265625,-8.937929153442383,0.23780697584152222,0.1914253979921341,0.449568510055542,0.2574992775917053,0.4578689634799957,0.2647170424461365,0.3878813087940216,0.49793294072151184,0.22227926552295685,0.25467872619628906,0.1871950775384903,0.3874557316303253,0.2344636854850298,0.06461145565853187,0.12667981287083893,0.22508938857584887,0.02714759433647843,-0.054150491976773865,599.1502581931811,622.5520999879129,907.7278444272446,0.042808887021091334,117.45383522727273
pia_082_classic.mp3,../Data/raw/piano_data\pia_082_classic.mp3,piano_data,-375.68121337890625,186.1853790283203,38.74201965332031,-8.949355125427246,-1.7509790658950806,-2.7234582901000977,-11.269352912902832,-15.093245506286621,-10.907885551452637,-6.229791641235352,-6.731619834899902,-8.694771766662598,-10.116019248962402,0.38855552673339844,0.16679106652736664,0.26073452830314636,0.1131177619099617,0.22569386661052704,0.25199398398399353,0.09510824829339981,0.16340208053588867,0.22047074139118195,0.4961334764957428,0.3183152377605438,0.2010803520679474,0.2627568101460485,0.27791008352448027,-0.24283393895582966,-0.04459152462417972,0.023515735236459983,0.05737962121756291,545.7179582097999,506.8429515636888,869.4447425865906,0.0389944732004644,198.76802884615384
pia_083_classic.mp3,../Data/raw/piano_data\pia_083_classic.mp3,piano_data,-446.400390625,140.8487548828125,42.60452651977539,4.026821613311768,2.5108206272125244,-3.086587429046631,-9.864131927490234,-10.335734367370605,-8.34519100189209,-6.986515522003174,-4.295642852783203,-1.4155558347702026,-4.254169464111328,0.12110210210084915,0.13502447307109833,0.307050883769989,0.1602768898010254,0.31937575340270996,0.2013005167245865,0.06135227158665657,0.08974537253379822,0.3173869252204895,0.6434109210968018,0.2698163390159607,0.09204588085412979,0.5794445997878632,0.09958963229090433,-0.38509393664402747,-0.032998189581673464,-0.04243273103223531,0.11019923299439821,575.8771196425114,627.875715343351,873.819716131724,0.040920387480650154,47.8515625
pia_084_classic.mp3,../Data/raw/piano_data\pia_084_classic.mp3,piano_data,-344.1892395019531,214.04922485351562,8.395951271057129,-7.992435455322266,9.901811599731445,-13.050564765930176,-16.768882751464844,-11.515076637268066,-13.259672164916992,-14.783526420593262,-14.72912311553955,-12.951815605163574,-11.46086311340332,0.3378086984157562,0.1284179985523224,0.2828103303909302,0.09682897478342056,0.14083634316921234,0.4738003611564636,0.18685781955718994,0.26345202326774597,0.1429213583469391,0.33778443932533264,0.41540372371673584,0.2505284249782562,-0.18709984922158276,0.2749313152795839,-0.018796173593277406,-0.26906507239235866,0.01876786516209148,-0.06197858499981181,575.935027146508,563.8427458203529,945.060952012384,0.03663696666989164,99.38401442307692
pia_085_classic.mp3,../Data/raw/piano_data\pia_085_classic.mp3,piano_data,-394.98712158203125,185.83172607421875,44.220333099365234,-6.261347770690918,4.138523578643799,2.676633834838867,-11.164767265319824,-17.235244750976562,-14.067656517028809,-8.129012107849121,-4.271392345428467,-4.161317825317383,-4.809323310852051,0.15901345014572144,0.25137636065483093,0.12568964064121246,0.27905920147895813,0.08588563650846481,0.14866574108600616,0.44443339109420776,0.18009556829929352,0.17012226581573486,0.15385843813419342,0.38517916202545166,0.3816976547241211,-0.1657673715082058,-0.15604456099040032,0.1093399228968573,-0.15645213275891948,-0.026515092271684946,-0.001932466408101201,496.51758341246676,482.106724177469,763.1453853642608,0.03623523062596749,78.30255681818181
pia_086_classic.mp3,../Data/raw/piano_data\pia_086_classic.mp3,piano_data,-327.86151123046875,197.421142578125,22.23866844177246,-10.447563171386719,8.501852989196777,0.028598466888070107,-9.519614219665527,-10.534690856933594,-11.082475662231445,-9.67580509185791,-9.656394958496094,-10.686665534973145,-10.136866569519043,0.18199726939201355,0.17999674379825592,0.41981837153434753,0.20431651175022125,0.2692704200744629,0.15787041187286377,0.28255513310432434,0.2687271237373352,0.18984366953372955,0.39685285091400146,0.2249210625886917,0.4167804419994354,0.2208161949453522,-0.06569591396148891,0.09968939946060448,-0.19538359817433903,0.010063473826469651,-0.028450715730500894,713.7659495873941,613.9907838473495,1189.7428057880225,0.05278577302631579,92.28515625
pia_087_classic.mp3,../Data/raw/piano_data\pia_087_classic.mp3,piano_data,-282.135986328125,179.53395080566406,-20.82818031311035,14.672511100769043,7.831373691558838,-7.588180065155029,-3.965463638305664,-11.151371955871582,-15.107887268066406,-12.051390647888184,-10.6627197265625,-12.349745750427246,-7.782542705535889,0.2589278519153595,0.43719032406806946,0.1791844666004181,0.25243785977363586,0.13368631899356842,0.2913007140159607,0.282632976770401,0.24892234802246094,0.6424757838249207,0.1700698435306549,0.049900248646736145,0.09733672440052032,-0.3783417462075393,-0.23750618706100352,-0.1761467396355546,0.16659491698941695,-0.0623127692754485,-0.01082273801202468,817.596651136217,907.7080343952496,1489.465993402912,0.04361916178889319,51.6796875
pia_088_classic.mp3,../Data/raw/piano_data\pia_088_classic.mp3,piano_data,-257.40496826171875,187.28453063964844,-23.34832191467285,14.200864791870117,7.184744834899902,-8.353737831115723,-9.021293640136719,-15.583990097045898,-19.037771224975586,-10.514442443847656,-5.902210712432861,-8.840141296386719,-9.959209442138672,0.31546905636787415,0.6133583188056946,0.22911617159843445,0.22471949458122253,0.12262187153100967,0.2924939692020416,0.15928980708122253,0.13459612429141998,0.35447457432746887,0.17222000658512115,0.1861366331577301,0.11210325360298157,-0.3841092347226957,-0.08218320747852098,-0.25185347000340974,0.10768550748312582,0.007911935816393144,-0.05241591771631163,794.0905639482118,879.23273351692,1414.8831110620647,0.046377270583397835,117.45383522727273
pia_089_classic.mp3,../Data/raw/piano_data\pia_089_classic.mp3,piano_data,-331.6514587402344,202.3870391845703,1.397030234336853,-16.997814178466797,17.740079879760742,-8.198689460754395,-23.146474838256836,-11.759345054626465,-13.58886432647705,-16.56052589416504,-13.064383506774902,-12.691600799560547,-10.327127456665039,0.2433483749628067,0.24017462134361267,0.4108388423919678,0.438279390335083,0.2447141706943512,0.29607000946998596,0.30337971448898315,0.37395066022872925,0.19361612200737,0.14014442265033722,0.21966274082660675,0.19647619128227234,-0.0537976310367182,0.2231126121728758,0.051171889767950327,-0.013094498055421967,-0.017089806608417645,0.031021861700523543,609.204032893831,552.2448022668949,1030.6354345551954,0.039658868275928794,234.90767045454547
pia_090_classic.mp3,../Data/raw/piano_data\pia_090_classic.mp3,piano_data,-316.01556396484375,193.26492309570312,-16.510068893432617,7.890392303466797,13.352859497070312,-5.102530002593994,-3.400132894515991,-9.570395469665527,-15.065773963928223,-10.7818021774292,-11.60962963104248,-11.821627616882324,-6.339077472686768,0.18570050597190857,0.4217239320278168,0.1294037103652954,0.2364736944437027,0.5371320247650146,0.14650654792785645,0.019699569791555405,0.17604197561740875,0.5991864800453186,0.1403176337480545,0.03272731602191925,0.10057871043682098,-0.2021166151592643,-0.44248205926931067,-0.24304714475054845,0.4325867988952744,0.0753913589926477,-0.1658564776959959,769.122330034479,902.9783770613284,1364.0167519773122,0.04009612942627709,52.734375
pia_091_classic.mp3,../Data/raw/piano_data\pia_091_classic.mp3,piano_data,-347.84979248046875,154.5237274169922,2.6986899375915527,2.2851037979125977,13.600324630737305,-13.607726097106934,-18.379426956176758,-13.6253023147583,-15.941106796264648,-14.3771333694458,-10.495293617248535,-8.069735527038574,-4.980114459991455,0.11822745949029922,0.14027385413646698,0.24858221411705017,0.32121673226356506,0.15317967534065247,0.29050320386886597,0.29071757197380066,0.4486919641494751,0.27991342544555664,0.1543097048997879,0.14445875585079193,0.08406557887792587,-0.18508134156791986,0.07956081671193369,0.07371350918850002,-0.062144825919174584,-0.02642737960873623,-0.005085245169544692,759.7099618760875,744.6899401025146,1380.8666500882837,0.047737050720781736,123.046875
pia_092_classic.mp3,../Data/raw/piano_data\pia_092_classic.mp3,piano_data,-309.281982421875,230.53976440429688,-21.46889305114746,-1.704959511756897,15.632489204406738,-9.444766998291016,-8.08134937286377,-6.3665056228637695,-5.627888202667236,-6.875298500061035,-8.502921104431152,-7.800581932067871,-6.073599338531494,0.07389936596155167,0.1272936910390854,0.33396241068840027,0.42102107405662537,0.17824934422969818,0.2773432731628418,0.21278180181980133,0.555850625038147,0.18817421793937683,0.27676329016685486,0.5529815554618835,0.16623981297016144,-0.24238213782660029,0.3069065860506573,0.24959694655235828,-0.22146062517301515,0.08403985026632432,-0.014086820638501104,710.7405117735141,703.425881881664,1253.4507538881096,0.04647439773606811,112.34714673913044
pia_093_classic.mp3,../Data/raw/piano_data\pia_093_classic.mp3,piano_data,-251.8336944580078,179.6815948486328,-51.172183990478516,24.389892578125,8.823848724365234,-9.087017059326172,-8.468780517578125,-13.73593807220459,-10.23038101196289,-13.696266174316406,-14.495688438415527,-11.804459571838379,-7.9178385734558105,0.2991858422756195,0.28584522008895874,0.5024085640907288,0.2869427800178528,0.2689034044742584,0.21954160928726196,0.24567779898643494,0.37385278940200806,0.19666510820388794,0.21669341623783112,0.23021577298641205,0.26452696323394775,0.19045982057646654,0.14170987417561828,0.07292999088441253,-0.1266761138482343,-0.014383948800652389,-0.037485354466092725,1022.0978199073868,1043.9509553308123,2022.1294391265963,0.05616519325657895,99.38401442307692
pia_094_classic.mp3,../Data/raw/piano_data\pia_094_classic.mp3,piano_data,-254.84725952148438,140.76092529296875,-53.319217681884766,27.849956512451172,-5.4423675537109375,-6.915599346160889,-17.050395965576172,-19.722675323486328,-22.307458877563477,-23.07135772705078,-18.57504653930664,-15.228391647338867,-13.619382858276367,0.24620313942432404,0.2053949385881424,0.37267106771469116,0.1725507378578186,0.24327898025512695,0.14054617285728455,0.16085897386074066,0.347398966550827,0.16248819231987,0.20187152922153473,0.11175480484962463,0.25853219628334045,0.35230571845683056,0.08251570522970542,0.09994433836592649,-0.031934105827554043,-0.004876010564596431,-0.03337457061002944,1216.1855718346558,1219.4123362744706,2336.2275398183533,0.06212169540924923,80.74951171875
pia_095_classic.mp3,../Data/raw/piano_data\pia_095_classic.mp3,piano_data,-294.0805969238281,172.15261840820312,-22.471284866333008,7.51214075088501,6.881712913513184,-8.453097343444824,-9.444331169128418,-11.756668090820312,-10.249256134033203,-11.016139030456543,-7.396813869476318,-5.710597515106201,-4.411914348602295,0.381879597902298,0.20712323486804962,0.32560545206069946,0.1888430118560791,0.31058838963508606,0.16632814705371857,0.15831778943538666,0.4893028438091278,0.22418557107448578,0.23469115793704987,0.16260164976119995,0.2968690097332001,0.34753848678574645,0.19011779349677685,0.1545012795246327,0.10482912816376862,0.0255652917731054,-0.015018684256794066,1007.2597724474127,1182.8990472845214,1832.030588628338,0.04782661934017028,103.359375
pia_096_classic.mp3,../Data/raw/piano_data\pia_096_classic.mp3,piano_data,-266.2621765136719,193.7295684814453,-39.465492248535156,11.021615982055664,1.5405848026275635,-7.451207637786865,-6.157118320465088,-9.625911712646484,-13.200305938720703,-23.667205810546875,-20.752700805664062,-9.723474502563477,-7.254642486572266,0.1171051561832428,0.2081931084394455,0.5308473110198975,0.25248196721076965,0.27973446249961853,0.21463645994663239,0.578402578830719,0.21507038176059723,0.13090084493160248,0.08545135706663132,0.11378438025712967,0.31381750106811523,0.22779460181252853,-0.36898615412907243,0.11830971117351986,-0.27120890836617056,-0.09153195135819234,0.0074245731315943616,865.4908560757183,941.2337831882796,1529.8740823940595,0.04780016447368421,63.02400914634146
pia_097_classic.mp3,../Data/raw/piano_data\pia_097_classic.mp3,piano_data,-229.55601501464844,231.14739990234375,-17.14934730529785,-11.476954460144043,12.51921272277832,-8.074892044067383,-10.371881484985352,-5.429692268371582,-3.1961166858673096,-2.8837740421295166,-2.7144954204559326,-9.261292457580566,-12.000154495239258,0.30256128311157227,0.1482640504837036,0.26125985383987427,0.17689910531044006,0.414700448513031,0.5698077082633972,0.203534796833992,0.20373225212097168,0.22863636910915375,0.5049784183502197,0.42722299695014954,0.2110672891139984,0.10815442105991359,0.29009229977420575,-0.21645702468087158,-0.03201390569020505,-0.026386152116831277,-0.014969187708472078,746.6665892340668,714.6091437353572,1284.217234514077,0.05165766193401703,198.76802884615384
pia_098_classic.mp3,../Data/raw/piano_data\pia_098_classic.mp3,piano_data,-191.6348876953125,202.37869262695312,-44.74478530883789,22.994020462036133,-3.115333080291748,-15.046479225158691,-6.20803165435791,-14.365724563598633,-5.0158281326293945,-3.7996323108673096,-4.495986461639404,-2.8468501567840576,-6.506382465362549,0.2243165522813797,0.22828927636146545,0.5402138233184814,0.24837256968021393,0.1736786663532257,0.4202405512332916,0.17600013315677643,0.24774956703186035,0.08320712298154831,0.1734388768672943,0.4959861934185028,0.1866583228111267,-0.07066006998140124,0.3257541944253492,0.051176095525186246,-0.22384923423969136,0.009197653412146189,-0.0515112536769229,931.0657366769341,921.1026830774153,1649.8150237942627,0.058509472353908666,92.28515625
pia_099_classic.mp3,../Data/raw/piano_data\pia_099_classic.mp3,piano_data,-278.7830810546875,206.09739685058594,-45.12364196777344,15.884620666503906,13.42351245880127,-9.944059371948242,-3.1660008430480957,-8.830182075500488,-12.133796691894531,-11.095749855041504,-10.205775260925293,-8.766067504882812,-1.0873479843139648,0.30453845858573914,0.2141677290201187,0.48471206426620483,0.19924990832805634,0.2776567339897156,0.1292470097541809,0.27189356088638306,0.38832372426986694,0.20952267944812775,0.3884211778640747,0.19952820241451263,0.3482803702354431,0.39700061904279715,0.0520794487172225,0.020537772217704715,-0.014511550630690866,-0.008421562859311262,0.016518859981776227,927.1341869892551,900.5765647914457,1709.88132724821,0.06399129861648607,117.45383522727273
pia_100_classic.mp3,../Data/raw/piano_data\pia_100_classic.mp3,piano_data,-264.07135009765625,211.77976989746094,-21.997657775878906,4.781724452972412,12.720675468444824,-17.92407989501953,-12.997530937194824,-12.241679191589355,-13.921648025512695,-5.47351598739624,-0.8682978749275208,-10.549003601074219,-15.256515502929688,0.15849535167217255,0.3969993591308594,0.15097783505916595,0.18928159773349762,0.17412589490413666,0.25040897727012634,0.6285394430160522,0.23087024688720703,0.3002225160598755,0.09787479043006897,0.07180886715650558,0.10822919756174088,-0.16595310825996393,-0.390573272634161,-0.1248728438634094,-0.08476086756742157,0.023968785252274468,0.040039823623374104,763.1194907204787,703.7248493379929,1260.6507103509578,0.05308093375096749,89.10290948275862
pia_101_classic.mp3,../Data/raw/piano_data\pia_101_classic.mp3,piano_data,-182.35934448242188,198.37782287597656,-46.995853424072266,18.752580642700195,0.2400246262550354,-13.602877616882324,-8.530169486999512,-6.952141761779785,0.894476056098938,-7.110780239105225,-7.494826793670654,-8.85251235961914,-7.812382221221924,0.10669189691543579,0.2120654284954071,0.34842032194137573,0.2023298144340515,0.38800114393234253,0.22958695888519287,0.43547940254211426,0.338142454624176,0.2752189636230469,0.3700811266899109,0.2643865942955017,0.22165070474147797,0.2772888144072261,-0.1034482037365048,-0.048763909662249104,-0.16120429701696587,0.008178410070047949,0.012804307077521896,947.4717301095756,905.8337970884247,1724.90623639464,0.061375290247678016,99.38401442307692
pia_102_classic.mp3,../Data/raw/piano_data\pia_102_classic.mp3,piano_data,-332.35906982421875,217.74874877929688,-5.617242813110352,-13.039752006530762,14.709160804748535,-10.415234565734863,-16.195659637451172,-5.33890438079834,-5.096359729766846,-6.833478927612305,-5.621428489685059,-10.285650253295898,-12.246474266052246,0.10081219673156738,0.1636902093887329,0.09930334985256195,0.2713813781738281,0.3693893551826477,0.20812168717384338,0.43819278478622437,0.19609692692756653,0.25482481718063354,0.18839557468891144,0.28448063135147095,0.21221987903118134,-0.013048157435538625,-0.38233350939885413,0.07870287470315536,0.006903650919580955,0.02264323709115142,0.017743109419374944,713.3979756118882,668.2673279420013,1179.2928689773607,0.04837347922310371,135.99917763157896
pia_103_classic.mp3,../Data/raw/piano_data\pia_103_classic.mp3,piano_data,-283.314453125,185.5556182861328,-28.04837417602539,1.5445476770401,6.466172695159912,-7.913657188415527,-5.195428371429443,-6.053514003753662,-9.525538444519043,-6.300746917724609,-6.319141864776611,-7.155533313751221,-1.2743284702301025,0.5056697726249695,0.16811904311180115,0.18097278475761414,0.19734160602092743,0.5246862173080444,0.25234854221343994,0.15482506155967712,0.40351754426956177,0.16592073440551758,0.2713932394981384,0.11524847894906998,0.24587996304035187,0.2757161239163274,0.24539267397372527,-0.05290050267122246,0.23993260738938674,0.033498716434473,0.02687046867283495,891.8199680578742,858.4696195023174,1593.5736972112036,0.05961264028637771,117.45383522727273
pia_104_classic.mp3,../Data/raw/piano_data\pia_104_classic.mp3,piano_data,-296.6574401855469,197.3721160888672,-13.080812454223633,-3.059786796569824,8.361023902893066,-12.564695358276367,-10.839189529418945,-8.7621431350708,-14.460700035095215,-14.51885986328125,-6.8474249839782715,-4.400627613067627,-0.3202865719795227,0.10631074756383896,0.09071361273527145,0.07901325076818466,0.2613796591758728,0.46982717514038086,0.1395193338394165,0.22362421452999115,0.1964626908302307,0.48913517594337463,0.16448767483234406,0.10725762695074081,0.3191278278827667,-0.05575840737194664,-0.3796566064284467,0.14318257801763795,0.3333214865390127,-0.07231729437086816,-0.05739185479766043,849.8870392374918,749.0609468683106,1441.6246160265093,0.06134959123452012,135.99917763157896
pia_105_classic.mp3,../Data/raw/piano_data\pia_105_classic.mp3,piano_data,-292.6004333496094,185.95156860351562,-43.89131546020508,19.21552085876465,5.734182834625244,-9.152728080749512,-7.792089462280273,-7.111975193023682,-11.169690132141113,-8.336795806884766,-3.857543468475342,-6.626430988311768,-1.2462245225906372,0.3764776289463043,0.1944219470024109,0.36026161909103394,0.19523973762989044,0.3917422890663147,0.12761622667312622,0.18181823194026947,0.3983871042728424,0.16401013731956482,0.28665250539779663,0.1392231583595276,0.312568724155426,0.32946929252368723,0.18049122936295883,0.09232221628126937,0.11296275123231538,0.020154905848269702,0.01479495702256978,1103.5184379143464,1058.981950465456,2055.395904635497,0.07698403940112229,103.359375
pia_106_classic.mp3,../Data/raw/piano_data\pia_106_classic.mp3,piano_data,-298.3857421875,180.3178253173828,-12.220369338989258,13.701944351196289,4.028890132904053,-8.233254432678223,-11.279921531677246,-9.361783027648926,-5.091134071350098,-3.7068607807159424,-8.905089378356934,-7.157240390777588,-4.609786033630371,0.41499802470207214,0.22699721157550812,0.362559050321579,0.26133912801742554,0.28720521926879883,0.339863657951355,0.21625030040740967,0.328922837972641,0.17768928408622742,0.2898412346839905,0.5272125601768494,0.26944661140441895,0.044489050864492535,0.36248308096795767,-0.019202282797147315,-0.04827865541569499,0.03899637194597182,-0.021966268219437226,1059.188583189688,1153.390768254502,2035.479358401461,0.05822224808920279,92.28515625
pia_107_classic.mp3,../Data/raw/piano_data\pia_107_classic.mp3,piano_data,-214.6267852783203,213.213134765625,-18.07817268371582,-5.5866546630859375,14.543503761291504,-10.728018760681152,-16.515676498413086,-11.014623641967773,-10.842599868774414,-9.000732421875,-7.410975456237793,-8.319714546203613,-5.77928352355957,0.36255523562431335,0.1826021671295166,0.3246399164199829,0.22665239870548248,0.5104303359985352,0.31720778346061707,0.12333174794912338,0.28619107604026794,0.12312398105859756,0.19385665655136108,0.06523632258176804,0.10531830787658691,0.3117956978159304,0.27430507682945976,-0.14540076118622905,0.16285791068179986,-0.009822564687451137,0.004075728579532099,765.0707570555674,710.960532674944,1376.266677903686,0.051312236963041796,198.76802884615384
pia_108_classic.mp3,../Data/raw/piano_data\pia_108_classic.mp3,piano_data,-220.05113220214844,234.47589111328125,-20.65513801574707,-1.936734914779663,7.130084037780762,-12.09390640258789,-6.532941818237305,-3.5378682613372803,-2.77004337310791,-5.249695777893066,-6.20038366317749,-2.830474853515625,-3.596686601638794,0.30650538206100464,0.31360679864883423,0.3441675901412964,0.24639379978179932,0.3872039020061493,0.19413794577121735,0.36103397607803345,0.22162005305290222,0.346062570810318,0.1975981444120407,0.37851810455322266,0.8006114959716797,0.3289942124492455,-0.40290896450718605,0.2532041511255469,0.16082943748501086,-0.025398471100481216,-0.12110156837435246,753.8524609603934,707.5858117010952,1316.3920399574304,0.051295986116486066,112.34714673913044
pia_109_classic.mp3,../Data/raw/piano_data\pia_109_classic.mp3,piano_data,-400.5152587890625,195.70542907714844,1.930436372756958,-15.129637718200684,12.072275161743164,-11.276752471923828,-18.8172664642334,-5.406503200531006,-4.820342063903809,-8.83674430847168,-9.71168327331543,-10.28934383392334,-6.668636322021484,0.2005981057882309,0.16962814331054688,0.39583638310432434,0.4097747206687927,0.24205558001995087,0.4299256503582001,0.21337208151817322,0.4063192903995514,0.18241292238235474,0.25441253185272217,0.4528864920139313,0.1973973959684372,-0.06318081419455505,0.37824122832994217,0.061206383939151954,-0.14533299212444917,0.02373487864080915,-0.05527326278766939,923.6876416611033,832.0567764247913,1694.0730895051277,0.059620198819659444,86.1328125
pia_110_classic.mp3,../Data/raw/piano_data\pia_110_classic.mp3,piano_data,-209.85446166992188,195.9912872314453,-20.670717239379883,11.86618709564209,-2.118417978286743,-19.36948585510254,-12.1524658203125,-13.526219367980957,-7.275472164154053,-3.755798101425171,0.10104398429393768,0.7010737061500549,-1.0522198677062988,0.22587844729423523,0.4595241844654083,0.16105975210666656,0.27416837215423584,0.16183140873908997,0.4753788411617279,0.22287128865718842,0.08227221667766571,0.19215933978557587,0.0868346095085144,0.1623389720916748,0.09232977777719498,-0.39172746919432194,-0.07533489837267839,-0.2593654864754214,-0.03832508257089982,0.010677365401207946,-0.03829152587911686,818.6509238171964,797.590825187858,1343.1002117901025,0.05519165416989164,103.359375
pia_111_classic.mp3,../Data/raw/piano_data\pia_111_classic.mp3,piano_data,-240.07716369628906,198.6693572998047,-4.151557445526123,0.16082631051540375,-0.5153487324714661,-10.184488296508789,-12.055633544921875,-10.91085433959961,-2.4340085983276367,0.7532138824462891,4.316097259521484,-3.7403693199157715,-11.633241653442383,0.3486042022705078,0.15362325310707092,0.31766781210899353,0.16197074949741364,0.3651373088359833,0.10572304576635361,0.14667873084545135,0.43897444009780884,0.12889759242534637,0.10215490311384201,0.06940024346113205,0.15226148068904877,0.25596229404375864,0.3622229905887475,0.15260169571395327,0.26899423456358673,0.08107175674534403,0.032617962357733,800.6405193374993,786.4057819822882,1348.375179893092,0.049122907797987614,103.359375
pia_112_classic.mp3,../Data/raw/piano_data\pia_112_classic.mp3,piano_data,-188.69287109375,189.3976593017578,-47.65628433227539,25.40932846069336,3.9938230514526367,-2.0859334468841553,-7.36868953704834,-7.683650493621826,-11.853586196899414,-9.234170913696289,-9.624815940856934,-10.60177230834961,-6.210778713226318,0.26452016830444336,0.541550874710083,0.26048585772514343,0.4242423474788666,0.21701526641845703,0.5085018873214722,0.23842592537403107,0.18591105937957764,0.4066062867641449,0.16841885447502136,0.13362489640712738,0.11483336240053177,-0.3668758110203998,-0.06562450321742153,-0.19637634077515956,0.11801202911970089,-0.011878229380175126,-0.024491184715728715,1118.9306362955947,1070.8159983259955,2089.620697682856,0.07484195106907894,89.10290948275862
pia_113_classic.mp3,../Data/raw/piano_data\pia_113_classic.mp3,piano_data,-186.14743041992188,186.3560791015625,-35.629859924316406,17.09312629699707,-5.418101787567139,-15.960254669189453,-12.822562217712402,-10.14273738861084,-8.869848251342773,-4.205140113830566,-0.8573348522186279,-2.959017753601074,-5.540058612823486,0.19988472759723663,0.2944006323814392,0.20897436141967773,0.3711863160133362,0.40865275263786316,0.20944035053253174,0.456190824508667,0.21832437813282013,0.31467145681381226,0.17778895795345306,0.12731173634529114,0.27631089091300964,-0.0007380713570618528,-0.25497444475400627,0.006934270701707929,0.003275732985905153,0.0006050072171199468,0.030385903390045137,953.9647916678225,946.4720333510362,1659.7316304965655,0.061178390455688854,112.34714673913044
pia_114_classic.mp3,../Data/raw/piano_data\pia_114_classic.mp3,piano_data,-63.599361419677734,63.67771530151367,7.501682758331299,7.233412742614746,6.822329044342041,19.53265953063965,9.275304794311523,8.849713325500488,2.0269775390625,2.8583734035491943,-4.214358329772949,-1.037953495979309,-9.78232192993164,0.3667850196361542,0.3701970875263214,0.39860814809799194,0.5362603664398193,0.4535241723060608,0.46440771222114563,0.5157621502876282,0.46990740299224854,0.5128551125526428,0.45207083225250244,0.4952361285686493,0.45174041390419006,-0.12644597691879203,-0.07204738354457418,0.1404930928607771,-0.049168262201802586,-0.0032014915367335316,0.03128174849413372,2853.9823665875124,2859.764533503248,6151.687801585478,0.09459844536087461,123.046875
pia_115_classic.mp3,../Data/raw/piano_data\pia_115_classic.mp3,piano_data,-236.00265502929688,197.36866760253906,-49.10697555541992,13.570398330688477,13.41143798828125,-4.087210178375244,-0.5041311979293823,-8.951431274414062,-15.643406867980957,-11.56729507446289,-4.465895175933838,-9.264609336853027,-5.96066427230835,0.1760191023349762,0.42783838510513306,0.18522311747074127,0.3298838138580322,0.16393738985061646,0.3864661753177643,0.3510116934776306,0.21342331171035767,0.4607505798339844,0.17099177837371826,0.2299092561006546,0.20231546461582184,-0.35174097910386093,-0.21815782708212378,-0.07458337683529068,-0.008323622504883712,-0.02117401962922516,-0.021093493931740828,1039.2799868526033,976.8565724480491,1906.213473387916,0.07733702290537926,67.99958881578948
pia_116_classic.mp3,../Data/raw/piano_data\pia_116_classic.mp3,piano_data,-268.9757080078125,187.56166076660156,-29.077226638793945,7.213740348815918,7.595228672027588,-6.1582794189453125,-3.521280288696289,-8.452943801879883,-14.22088623046875,-9.72402286529541,-7.4945502281188965,-5.675820827484131,2.366743326187134,0.4143392741680145,0.20686490833759308,0.4162638783454895,0.20115548372268677,0.4817059338092804,0.13654913008213043,0.10290534794330597,0.15107354521751404,0.13028059899806976,0.2978164255619049,0.12523023784160614,0.22821521759033203,0.3466766293919863,0.14102106876112183,-0.027838442654813174,0.17861418768723167,0.012066157359281479,0.035025577405348694,1026.950009163076,958.1847680200979,1857.5137678683727,0.07573045665634674,92.28515625
pia_117_classic.mp3,../Data/raw/piano_data\pia_117_classic.mp3,piano_data,-175.9503173828125,188.90452575683594,-39.36310577392578,15.472042083740234,-3.667274236679077,-16.85318946838379,-9.593948364257812,-12.71641731262207,-4.547008991241455,-3.279754877090454,-2.0751171112060547,-0.05046955496072769,-9.401263236999512,0.40234026312828064,0.19820840656757355,0.3606351315975189,0.5911133885383606,0.2664150297641754,0.29234495759010315,0.18667225539684296,0.3332531452178955,0.09523685276508331,0.07266013324260712,0.11675192415714264,0.20542335510253906,-0.00861582001730411,0.25368409028675515,0.19921871766068855,0.12874808425196205,0.005598417112172351,0.07960597474923453,992.0268463487319,962.2400285558949,1760.8310191623937,0.06393763303018576,172.265625
pia_118_classic.mp3,../Data/raw/piano_data\pia_118_classic.mp3,piano_data,-224.5055389404297,211.7067108154297,-20.146799087524414,5.530985355377197,11.448457717895508,-15.964823722839355,-13.183857917785645,-12.21590805053711,-10.420273780822754,-2.2569057941436768,3.3368959426879883,-0.09385690838098526,-5.851101398468018,0.2860323190689087,0.20779015123844147,0.20625203847885132,0.5939960479736328,0.2079203724861145,0.31179356575012207,0.190945103764534,0.3299802243709564,0.3885616064071655,0.19911427795886993,0.262886643409729,0.15670913457870483,-0.4248109146166732,0.07302269849490829,0.08711108769111349,0.1668909552925909,-0.03225174847477086,0.0014037770511447266,760.6065431536589,738.8018822385318,1295.342167243131,0.0478855758997678,107.666015625
pia_119_classic.mp3,../Data/raw/piano_data\pia_119_classic.mp3,piano_data,-157.3921661376953,213.3437042236328,-49.08616638183594,13.03981876373291,-7.797538757324219,-12.296792030334473,-11.284079551696777,-12.203756332397461,-1.1970207691192627,-7.6467204093933105,-8.208736419677734,-4.823515892028809,-5.314131736755371,0.19938796758651733,0.11750044673681259,0.1804455667734146,0.15403412282466888,0.20654800534248352,0.32937732338905334,0.19930751621723175,0.552412211894989,0.23367387056350708,0.3297472894191742,0.5501434803009033,0.187758669257164,-0.05765326349121108,0.3023961167415802,0.05084954665565783,-0.1378613740339841,0.05477951173326288,-0.03602487011046735,911.917028074034,870.4369961896954,1614.0235735535991,0.05719806682952786,107.666015625
pia_120_classic.mp3,../Data/raw/piano_data\pia_120_classic.mp3,piano_data,-319.425537109375,180.0433349609375,-25.545574188232422,9.812931060791016,10.614638328552246,0.48459580540657043,-7.321751117706299,-5.554864406585693,-11.550400733947754,-8.010091781616211,-5.320239543914795,-5.935769081115723,-3.8871939182281494,0.23928332328796387,0.24099969863891602,0.6506472826004028,0.2856515347957611,0.3956511318683624,0.16351071000099182,0.20068800449371338,0.2616369426250458,0.17909908294677734,0.25211045145988464,0.16254690289497375,0.327319860458374,0.392963090637932,0.06768643767148386,0.12585870065869056,0.0014517268186849384,0.005277932358224234,-0.038986959259657214,942.9544639312022,1021.3343347899054,1747.9727635811726,0.055148948456849846,95.703125
pia_121_classic.mp3,../Data/raw/piano_data\pia_121_classic.mp3,piano_data,-220.15390014648438,210.806640625,-8.802156448364258,-6.771942615509033,7.286398887634277,-13.539588928222656,-15.166780471801758,-4.4694132804870605,-1.6514204740524292,-3.1873488426208496,-1.047458291053772,-4.4323625564575195,-8.243762969970703,0.10574736446142197,0.21510380506515503,0.1651793122291565,0.1784311980009079,0.38886529207229614,0.1948269009590149,0.5344334244728088,0.15256240963935852,0.2402624785900116,0.29200854897499084,0.11144953221082687,0.18833214044570923,0.2686577556516523,-0.3344249032524068,-0.1292574731182544,-0.019529906993742012,0.023208080376204022,0.03619554660046234,777.7694807226104,699.540374615736,1271.1756467081075,0.05766405040634675,129.19921875
pia_122_classic.mp3,../Data/raw/piano_data\pia_122_classic.mp3,piano_data,-184.82223510742188,194.36817932128906,-41.75157165527344,20.041324615478516,6.190708637237549,-15.932479858398438,-7.467011451721191,-6.744556427001953,-6.001346111297607,-7.175530910491943,-7.710955619812012,-7.424468994140625,-3.7980117797851562,0.351470410823822,0.2080497145652771,0.21790191531181335,0.20362898707389832,0.4636099636554718,0.21660302579402924,0.22368431091308594,0.44455230236053467,0.21152134239673615,0.32868704199790955,0.1730509251356125,0.255183607339859,0.2938176302110767,0.11872706706902802,0.06300976958331984,0.1257030817891987,0.042937311689030415,-0.0058176091834491,892.5833761509019,903.9792265507175,1617.0735551107778,0.05509603872387771,64.599609375
pia_123_classic.mp3,../Data/raw/piano_data\pia_123_classic.mp3,piano_data,-315.11529541015625,163.7626495361328,0.4682824909687042,-11.832964897155762,3.0989294052124023,-13.539050102233887,-15.130802154541016,-5.851391792297363,-5.053713321685791,-6.2824273109436035,-6.18321418762207,-5.430845737457275,-3.9678313732147217,0.12778767943382263,0.20089221000671387,0.2011483758687973,0.17381085455417633,0.3604925870895386,0.1618441641330719,0.38581934571266174,0.1321171075105667,0.2656940221786499,0.17124207317829132,0.11767499148845673,0.3073660433292389,0.18266415747661718,-0.36842478432682213,0.0108087870303897,0.008847978953888336,-0.040451762158260816,-0.034444233192372956,887.0164439761546,756.1993573853067,1408.17481829286,0.06434843931404799,107.666015625
pia_124_classic.mp3,../Data/raw/piano_data\pia_124_classic.mp3,piano_data,-209.85446166992188,195.9912872314453,-20.670717239379883,11.86618709564209,-2.118417978286743,-19.36948585510254,-12.1524658203125,-13.526219367980957,-7.275472164154053,-3.755798101425171,0.10104398429393768,0.7010737061500549,-1.0522198677062988,0.22587844729423523,0.4595241844654083,0.16105975210666656,0.27416837215423584,0.16183140873908997,0.4753788411617279,0.22287128865718842,0.08227221667766571,0.19215933978557587,0.0868346095085144,0.1623389720916748,0.09232977777719498,-0.39172746919432194,-0.07533489837267839,-0.2593654864754214,-0.03832508257089982,0.010677365401207946,-0.03829152587911686,818.6509238171964,797.590825187858,1343.1002117901025,0.05519165416989164,103.359375
pia_125_classic.mp3,../Data/raw/piano_data\pia_125_classic.mp3,piano_data,-96.48442840576172,156.55584716796875,-40.00661087036133,27.406442642211914,-15.32754898071289,13.984175682067871,-10.709948539733887,-1.0092554092407227,-13.043065071105957,-5.270010471343994,-7.146867752075195,1.1016021966934204,-3.8955116271972656,0.3670642077922821,0.21178877353668213,0.3905796408653259,0.18580083549022675,0.3702436089515686,0.488030344247818,0.3421807885169983,0.4777122437953949,0.2011285126209259,0.21269741654396057,0.1443323940038681,0.29247596859931946,0.19927242766464734,0.3302276987292846,0.10613895765175585,0.07189344670428914,0.006088155358129887,-0.023941661112641878,1347.4747077900454,1474.0544966214507,2523.5430738136124,0.0754651521381579,143.5546875
pia_126_classic.mp3,../Data/raw/piano_data\pia_126_classic.mp3,piano_data,-262.45806884765625,219.50381469726562,-3.3686535358428955,-0.10505851358175278,19.446149826049805,-3.3959836959838867,-2.7754838466644287,1.6446876525878906,-13.740546226501465,-23.032926559448242,-11.019462585449219,-1.3248575925827026,-3.9211018085479736,0.3824292719364166,0.24138393998146057,0.48545682430267334,0.23809367418289185,0.237544983625412,0.12255501747131348,0.1566711813211441,0.47469180822372437,0.23031753301620483,0.14678248763084412,0.13873225450515747,0.3965122401714325,0.3865640107567315,0.1740497210019945,0.2818912422358729,0.04571024005660985,0.01794249790623408,-0.06269425995968318,642.1730348098896,630.2692187110958,1142.6930902912152,0.041669438128869966,95.703125
pia_127_classic.mp3,../Data/raw/piano_data\pia_127_classic.mp3,piano_data,-220.16787719726562,182.60543823242188,-31.19240379333496,3.5804173946380615,3.1805715560913086,-12.333465576171875,-13.77927303314209,-9.958819389343262,-4.696723461151123,-7.935779571533203,-8.11056900024414,-1.0255320072174072,-0.5337040424346924,0.2816180884838104,0.24606172740459442,0.6349059343338013,0.21896249055862427,0.32683950662612915,0.27593743801116943,0.18865150213241577,0.16919293999671936,0.13646380603313446,0.3072810769081116,0.16650883853435516,0.15024477243423462,0.2891881127930921,0.21648305396728101,-0.12680162397363218,-0.14009723525610415,-0.05563860870370373,-0.029381910095444705,995.1274419970722,908.0762401359613,1729.6895408039861,0.06787903020994582,61.5234375
pia_128_classic.mp3,../Data/raw/piano_data\pia_128_classic.mp3,piano_data,-321.04571533203125,207.65194702148438,1.1499965190887451,-5.061891555786133,10.535715103149414,-12.164379119873047,-16.404678344726562,-7.2968268394470215,-3.6622400283813477,-4.525855541229248,-3.572887659072876,-4.316891193389893,-3.5323891639709473,0.19027277827262878,0.32227569818496704,0.12794435024261475,0.2159343957901001,0.45777368545532227,0.16495870053768158,0.25513961911201477,0.1329672485589981,0.3073248267173767,0.1492389738559723,0.15702864527702332,0.4948544204235077,0.18560356942489414,-0.4637040412967221,0.08511578016528712,0.24791553004856737,0.02995739496265722,-0.08288166873136661,739.6757420657888,689.7606874691678,1222.159276436726,0.05316899066369969,151.99908088235293
pia_129_classic.mp3,../Data/raw/piano_data\pia_129_classic.mp3,piano_data,-250.9298553466797,191.6446533203125,2.093273162841797,2.427295207977295,3.889075517654419,-4.392171859741211,-5.70127010345459,-8.40091609954834,0.3281418979167938,3.681675672531128,0.1460624784231186,-5.995286464691162,-10.31559944152832,0.35922563076019287,0.2529061734676361,0.44073963165283203,0.24538230895996094,0.3223681151866913,0.22030878067016602,0.29697126150131226,0.34423479437828064,0.16429732739925385,0.28164142370224,0.16082340478897095,0.18515326082706451,0.21796631313522283,0.22452604936118944,0.006284281505118911,-0.014389459514448552,-0.006865780829755778,0.03303687683090025,804.883107633735,803.9131042549055,1368.4417252201044,0.05487457369872291,117.45383522727273
pia_130_classic.mp3,../Data/raw/piano_data\pia_130_classic.mp3,piano_data,-285.6419677734375,164.80685424804688,0.7538102269172668,4.030095100402832,2.9794845581054688,-15.375299453735352,-14.665153503417969,-9.79440975189209,-6.6129560470581055,-6.883787631988525,-3.6249566078186035,0.06879909336566925,3.67158842086792,0.18892915546894073,0.09419485926628113,0.2436002790927887,0.2567513585090637,0.1782090961933136,0.5503348708152771,0.15021798014640808,0.14427953958511353,0.0737968161702156,0.19309057295322418,0.35621410608291626,0.13907894492149353,-0.20361170559202366,0.3958842227374891,-0.13290056645950946,-0.22471555971919677,-0.027423601142067877,-0.04478514395079692,859.314095678196,818.5299966246241,1433.982995567676,0.054319399429179564,46.98153409090909
pia_131_classic.mp3,../Data/raw/piano_data\pia_131_classic.mp3,piano_data,-169.16502380371094,207.02365112304688,-41.78561782836914,22.600746154785156,2.1780245304107666,-14.846692085266113,-3.5113868713378906,-10.784884452819824,-8.970507621765137,-1.0865288972854614,-3.7012720108032227,-10.203006744384766,-8.208929061889648,0.5691121220588684,0.1958336979150772,0.18901105225086212,0.15857994556427002,0.29398927092552185,0.22247596085071564,0.2682872712612152,0.7321019768714905,0.24952293932437897,0.3458594083786011,0.19331759214401245,0.27092260122299194,0.19801180307038568,0.3647244480242422,0.10067540578019368,0.20510266849665895,0.06691099450259268,0.037500844887405904,933.4979137614503,917.1868807606858,1716.4229543585527,0.06040288494098297,123.046875
pia_132_classic.mp3,../Data/raw/piano_data\pia_132_classic.mp3,piano_data,-186.14743041992188,186.3560791015625,-35.629859924316406,17.09312629699707,-5.418101787567139,-15.960254669189453,-12.822562217712402,-10.14273738861084,-8.869848251342773,-4.205140113830566,-0.8573348522186279,-2.959017753601074,-5.540058612823486,0.19988472759723663,0.2944006323814392,0.20897436141967773,0.3711863160133362,0.40865275263786316,0.20944035053253174,0.456190824508667,0.21832437813282013,0.31467145681381226,0.17778895795345306,0.12731173634529114,0.27631089091300964,-0.0007380713570618528,-0.25497444475400627,0.006934270701707929,0.003275732985905153,0.0006050072171199468,0.030385903390045137,953.9647916678225,946.4720333510362,1659.7316304965655,0.061178390455688854,112.34714673913044
pia_133_classic.mp3,../Data/raw/piano_data\pia_133_classic.mp3,piano_data,-159.9484100341797,187.37353515625,-73.14057159423828,35.82020568847656,-3.724445343017578,4.195524215698242,-1.2557669878005981,-9.106849670410156,-13.700322151184082,-8.155455589294434,-5.951326847076416,-6.639418125152588,-4.002546310424805,0.46042484045028687,0.18778647482395172,0.2256290465593338,0.33998021483421326,0.28159382939338684,0.2609119117259979,0.24936264753341675,0.5581180453300476,0.24835099279880524,0.22931255400180817,0.4076676368713379,0.3393751084804535,-0.02931695873077094,0.26524481289271745,0.18104920245782,0.007449962275323243,0.03656581007299029,-0.007395429703799447,1227.082474479455,1122.829098372148,2276.561233945675,0.07986081716815016,107.666015625
pia_134_classic.mp3,../Data/raw/piano_data\pia_134_classic.mp3,piano_data,-421.1191101074219,176.56973266601562,5.0459303855896,-12.467517852783203,3.0333163738250732,-11.253479957580566,-9.484023094177246,-7.434898376464844,-13.99188232421875,-11.774255752563477,-6.440769195556641,-3.843859910964966,-3.3505232334136963,0.3073236048221588,0.09066611528396606,0.10256213694810867,0.22979836165905,0.6420751810073853,0.16279874742031097,0.09922615438699722,0.15043078362941742,0.06118188798427582,0.0933721661567688,0.1447606086730957,0.4500885009765625,0.42324038119911017,-0.1935325791692482,0.254531943386773,0.38531007353344715,0.06739352331277239,-0.07106630110337568,898.4925211601326,822.1241599924325,1551.3239526896284,0.057540090460526314,95.703125
pia_135_classic.mp3,../Data/raw/piano_data\pia_135_classic.mp3,piano_data,-182.16708374023438,144.8907470703125,6.123910903930664,21.64859390258789,-8.114676475524902,1.6808656454086304,-10.99034309387207,-5.690623760223389,-13.857645988464355,-11.022459983825684,-11.229293823242188,-1.4271584749221802,-7.454144477844238,0.12957851588726044,0.3298788368701935,0.5448365211486816,0.22072277963161469,0.23317593336105347,0.15317827463150024,0.3663184940814972,0.3896608054637909,0.17708447575569153,0.21153706312179565,0.14107196033000946,0.1854398101568222,0.3690656869977967,-0.023645375187003347,0.13055462568339482,-0.21794086305861404,-0.0021073967373265888,-0.051971933719213305,1277.3429205249552,1743.7228151222837,2428.168650529702,0.051456982875387,129.19921875
pia_136_classic.mp3,../Data/raw/piano_data\pia_136_classic.mp3,piano_data,-229.60549926757812,188.8318634033203,6.51983642578125,13.839438438415527,18.556638717651367,6.148776054382324,3.9620659351348877,4.58300256729126,1.0148361921310425,1.4523574113845825,3.533592462539673,1.4925510883331299,-4.476628303527832,0.5670125484466553,0.33204618096351624,0.24330665171146393,0.29256728291511536,0.6114220023155212,0.47472143173217773,0.3186594247817993,0.5035358667373657,0.3943452537059784,0.4261872470378876,0.3098561763763428,0.3243747651576996,0.23545617207940234,0.20996738001990775,-0.09835381249121564,0.26620571919314656,0.04711734864010948,0.061682687273995826,658.2559463834576,897.8931430199685,1205.6760427752515,0.03095106000870743,86.1328125
pia_137_classic.mp3,../Data/raw/piano_data\pia_137_classic.mp3,piano_data,-255.18356323242188,196.28128051757812,-20.404726028442383,7.304930686950684,16.421621322631836,-3.297281265258789,-3.1082406044006348,-3.894036054611206,-2.1096460819244385,-1.2448543310165405,-4.5283098220825195,-3.962902069091797,2.990466594696045,0.4088335931301117,0.22809374332427979,0.47542455792427063,0.23254770040512085,0.23403023183345795,0.26719599962234497,0.26966404914855957,0.46215006709098816,0.21911999583244324,0.1903529018163681,0.1856459081172943,0.410538911819458,0.19074766881760546,0.2593144701783371,0.1602243315805133,0.044870710983618535,-0.025190450234116823,-0.028157133122896354,864.290425627884,947.1897037510693,1685.8148061085042,0.048313010956849846,99.38401442307692
pia_138_classic.mp3,../Data/raw/piano_data\pia_138_classic.mp3,piano_data,-415.9438781738281,183.4639129638672,9.173194885253906,-5.9613752365112305,12.391412734985352,-9.408565521240234,-12.055444717407227,-1.1391791105270386,-7.462441444396973,-17.593305587768555,-19.389604568481445,-17.123510360717773,-11.252089500427246,0.06889478117227554,0.14929510653018951,0.1512545347213745,0.30625343322753906,0.7793266177177429,0.19165080785751343,0.0827285498380661,0.07583881914615631,0.23931682109832764,0.3797127306461334,0.14411111176013947,0.07672475278377533,0.4361546572453275,-0.24473532109825372,-0.19269057195929204,0.32430001190060165,0.11443383535583097,-0.006081050168574168,751.3810650568552,775.0373300170007,1384.2749628120162,0.04163013375580495,69.83741554054055
pia_139_classic.mp3,../Data/raw/piano_data\pia_139_classic.mp3,piano_data,-220.15390014648438,210.806640625,-8.802156448364258,-6.771942615509033,7.286398887634277,-13.539588928222656,-15.166780471801758,-4.4694132804870605,-1.6514204740524292,-3.1873488426208496,-1.047458291053772,-4.4323625564575195,-8.243762969970703,0.10574736446142197,0.21510380506515503,0.1651793122291565,0.1784311980009079,0.38886529207229614,0.1948269009590149,0.5344334244728088,0.15256240963935852,0.2402624785900116,0.29200854897499084,0.11144953221082687,0.18833214044570923,0.2686577556516523,-0.3344249032524068,-0.1292574731182544,-0.019529906993742012,0.023208080376204022,0.03619554660046234,777.7694807226104,699.540374615736,1271.1756467081075,0.05766405040634675,129.19921875
pia_140_classic.mp3,../Data/raw/piano_data\pia_140_classic.mp3,piano_data,-209.333740234375,205.58804321289062,-22.677444458007812,11.611629486083984,23.068824768066406,-11.904583930969238,-8.3045015335083,-9.093744277954102,-9.870559692382812,-7.036481857299805,-5.880569934844971,-4.341823577880859,-8.316295623779297,0.13876090943813324,0.24393536150455475,0.39238640666007996,0.22187434136867523,0.41773584485054016,0.17973671853542328,0.31228336691856384,0.2893829941749573,0.23411935567855835,0.4949612319469452,0.20814606547355652,0.21979951858520508,0.46231155899394294,-0.08332883775188321,-0.06077292377681367,-0.03806071771321763,0.03322133264153314,-0.007951729976350061,737.2863694373136,736.0935816656889,1335.43359148244,0.04722647179760062,86.1328125
pia_141_classic.mp3,../Data/raw/piano_data\pia_141_classic.mp3,piano_data,-297.4468994140625,161.47349548339844,-21.122955322265625,5.019571304321289,7.380825996398926,-15.403858184814453,-9.740240097045898,-6.433603763580322,-6.206111907958984,-5.036439895629883,-8.988884925842285,-7.782810688018799,-10.838532447814941,0.11798378825187683,0.22038225829601288,0.5756810903549194,0.23627084493637085,0.23071350157260895,0.14893464744091034,0.30734723806381226,0.23043648898601532,0.14532393217086792,0.2594558596611023,0.16282278299331665,0.23020963370800018,0.47649552938526885,0.006930631630514809,0.05823906141855167,-0.2633533850642017,-0.06308636630601887,-0.03271099461294636,1087.8557496593244,1040.4058567705001,2016.9294705700947,0.0677093411377709,95.703125
pia_142_classic.mp3,../Data/raw/piano_data\pia_142_classic.mp3,piano_data,-229.53909301757812,234.62872314453125,-18.21021842956543,6.952708721160889,23.0333251953125,-4.9430646896362305,-3.9792280197143555,-9.307625770568848,-5.488475322723389,-1.6704334020614624,-4.4242939949035645,-0.9261303544044495,-5.5826191902160645,0.5728170871734619,0.26008179783821106,0.3614385426044464,0.1718556433916092,0.2785750925540924,0.3733518719673157,0.2588825523853302,0.27553921937942505,0.22686348855495453,0.46637293696403503,0.1703275442123413,0.19185999035835266,0.16903490403730523,0.439527847897049,-0.23673166347928523,0.06965099497274377,-0.06986004293984789,0.023931669848199773,662.0659612725726,667.7165066665962,1220.3092876233552,0.04403147977941176,92.28515625
pia_143_classic.mp3,../Data/raw/piano_data\pia_143_classic.mp3,piano_data,-351.416015625,160.9581298828125,-3.083866596221924,-24.654502868652344,-5.745428085327148,-22.2189998626709,-27.109132766723633,-14.882552146911621,-7.461978435516357,-5.922606468200684,-6.874531269073486,-3.4464409351348877,4.063955783843994,0.3861846327781677,0.33492934703826904,0.1241627037525177,0.22603170573711395,0.1253432333469391,0.302811861038208,0.24701383709907532,0.10191468894481659,0.2038777768611908,0.1665443331003189,0.20540344715118408,0.132625550031662,-0.31441081733976106,0.05658284619487482,-0.17628745559717232,0.038470022275830414,0.007659022603953168,0.06522560176512027,993.6419616518389,870.9330079177569,1542.9573366147447,0.07232155814628483,129.19921875
pia_144_classic.mp3,../Data/raw/piano_data\pia_144_classic.mp3,piano_data,-164.32167053222656,213.12693786621094,-29.662134170532227,8.330231666564941,2.770402193069458,-17.16714859008789,-14.910492897033691,-10.714987754821777,-5.0615644454956055,1.4919613599777222,3.0170392990112305,-2.1668288707733154,-8.614567756652832,0.20631155371665955,0.3732757866382599,0.26340216398239136,0.5225836038589478,0.38832154870033264,0.3229679763317108,0.382899671792984,0.19454146921634674,0.2448793351650238,0.13764917850494385,0.1258256584405899,0.3164670467376709,-0.14717276041559335,-0.30214953108062,0.08369858535374268,0.03272137988139599,-0.005544037718477071,0.012044664251584928,890.8491788932754,838.1251392618417,1583.6404239430146,0.06275132123161764,123.046875
pia_145_classic.mp3,../Data/raw/piano_data\pia_145_classic.mp3,piano_data,-181.3572540283203,187.68887329101562,-32.195518493652344,18.479175567626953,-3.7513136863708496,-12.300419807434082,-11.444915771484375,-8.901671409606934,-2.276001214981079,-0.5217564702033997,-3.6630454063415527,-7.4582929611206055,-8.920746803283691,0.3756187856197357,0.19566746056079865,0.2705971598625183,0.23695814609527588,0.5191052556037903,0.18612799048423767,0.19713161885738373,0.4396454095840454,0.195271298289299,0.30482223629951477,0.1481258124113083,0.24020954966545105,0.26813203687072745,0.11761764348842982,0.04160687115242339,0.23332731984699884,0.060110144215030914,0.041525099625549323,1001.1811414385134,995.9897439371559,1790.0475091609424,0.06389228183049536,99.38401442307692
pia_146_classic.mp3,../Data/raw/piano_data\pia_146_classic.mp3,piano_data,-290.4340515136719,160.5988006591797,2.3928604125976562,8.901496887207031,17.6826229095459,-20.665454864501953,-27.47260856628418,-14.880620956420898,-6.3459391593933105,-9.336282730102539,-20.844091415405273,-16.42868995666504,-5.45185661315918,0.09058421850204468,0.07385729253292084,0.08368507027626038,0.3498986065387726,0.9715161323547363,0.24537594616413116,0.06308513879776001,0.06037440523505211,0.09871630370616913,0.21774615347385406,0.11598534137010574,0.16587072610855103,0.48618485414653767,-0.3161768127788953,0.026619708757198757,0.484852870852375,0.16301953397172386,-0.07170555038057229,1014.9807541817424,880.4362537800828,1778.49757900179,0.06698409986938854,107.666015625
pia_147_classic.mp3,../Data/raw/piano_data\pia_147_classic.mp3,piano_data,-296.6574401855469,197.3721160888672,-13.080812454223633,-3.059786796569824,8.361023902893066,-12.564695358276367,-10.839189529418945,-8.7621431350708,-14.460700035095215,-14.51885986328125,-6.8474249839782715,-4.400627613067627,-0.3202865719795227,0.10631074756383896,0.09071361273527145,0.07901325076818466,0.2613796591758728,0.46982717514038086,0.1395193338394165,0.22362421452999115,0.1964626908302307,0.48913517594337463,0.16448767483234406,0.10725762695074081,0.3191278278827667,-0.05575840737194664,-0.3796566064284467,0.14318257801763795,0.3333214865390127,-0.07231729437086816,-0.05739185479766043,849.8870392374918,749.0609468683106,1441.6246160265093,0.06134959123452012,135.99917763157896
pia_148_classic.mp3,../Data/raw/piano_data\pia_148_classic.mp3,piano_data,-198.6661834716797,194.53244018554688,-36.4725341796875,8.522819519042969,5.394535541534424,-1.494048833847046,0.339261919260025,-7.946300983428955,-8.007458686828613,-5.1384148597717285,-7.419806003570557,-8.757948875427246,-4.35103702545166,0.4365234971046448,0.31710559129714966,0.3579850196838379,0.1944776028394699,0.2996762692928314,0.49648603796958923,0.23251140117645264,0.26456764340400696,0.24418793618679047,0.3609950840473175,0.3157888948917389,0.2738635540008545,0.0236344933622754,0.25521145709475407,-0.22831079354740383,0.07559943429717678,-0.01666217699973778,-0.010162491074564267,935.7158934723628,964.4307481611007,1644.9150534237133,0.06158692917956656,103.359375
pia_149_classic.mp3,../Data/raw/piano_data\pia_149_classic.mp3,piano_data,-233.73143005371094,216.59539794921875,-21.132646560668945,10.543886184692383,0.02984127774834633,-19.941699981689453,-11.238984107971191,-15.385997772216797,-11.701440811157227,-0.8970333933830261,-1.4272273778915405,-3.14121413230896,-8.563551902770996,0.25592443346977234,0.8305048942565918,0.2184310108423233,0.22217874228954315,0.3640757203102112,0.13625836372375488,0.20427675545215607,0.09496510773897171,0.16835764050483704,0.41732367873191833,0.1549348533153534,0.17172327637672424,0.08942075198505058,-0.41216369208154596,-0.3174282834932191,-0.029659995731707516,0.11510935252493552,0.04411230162703346,802.4816193551882,792.8582865555678,1344.2168717044794,0.05356430195433436,75.99954044117646
pia_150_classic.mp3,../Data/raw/piano_data\pia_150_classic.mp3,piano_data,-285.15277099609375,157.513671875,-5.420943260192871,15.49989128112793,-5.480195045471191,9.263039588928223,4.614297389984131,-9.977991104125977,-17.614944458007812,-11.387258529663086,-12.012604713439941,-3.4985427856445312,4.338008880615234,0.46155592799186707,0.19269773364067078,0.29725173115730286,0.23167626559734344,0.5282880663871765,0.1564769148826599,0.15811952948570251,0.41475310921669006,0.20224589109420776,0.1711633801460266,0.17994782328605652,0.49773305654525757,0.37688508996483927,0.1023178015349361,0.231478865944363,0.29027373741860946,0.060793797222135966,-0.037888645736878876,1088.1341066384578,1325.3309298761858,1843.9555165199304,0.051406718629063465,117.45383522727273
pia_151_classic.mp3,../Data/raw/piano_data\pia_151_classic.mp3,piano_data,-307.3455505371094,119.33180236816406,-27.48705291748047,6.398159980773926,-15.676726341247559,4.609785556793213,3.2459568977355957,-9.105178833007812,-17.47935676574707,-7.831763744354248,-10.177255630493164,-1.8742691278457642,3.936422109603882,0.4890618920326233,0.2198120504617691,0.30045273900032043,0.16905973851680756,0.46209102869033813,0.11550499498844147,0.1463729739189148,0.6203398108482361,0.20621737837791443,0.2932884991168976,0.11660546064376831,0.27179211378097534,0.3884829116595634,0.26023846123920347,0.08179791644431823,0.21047018182792998,0.07526329833848162,0.019783914013222093,1430.5112326355254,1616.8373062996711,2538.4763168476684,0.06725091609423374,117.45383522727273
pia_152_classic.mp3,../Data/raw/piano_data\pia_152_classic.mp3,piano_data,-299.0736389160156,127.13452911376953,-24.73407554626465,9.89990234375,-14.742277145385742,1.5702184438705444,-0.578788161277771,-9.906672477722168,-15.382461547851562,-8.945777893066406,-10.818086624145508,-0.9866481423377991,5.796482563018799,0.7404395341873169,0.24747338891029358,0.19118498265743256,0.10820925980806351,0.303534597158432,0.12574531137943268,0.12302760034799576,0.6810622811317444,0.27068430185317993,0.10805253684520721,0.12423891574144363,0.42525985836982727,0.2860397443414608,0.3437257847042902,0.2924205083520751,0.3231036877164101,0.09030358626074263,0.013144869886352552,1356.6340131576821,1531.5027484385885,2364.644034654363,0.06558539328560371,117.45383522727273
pia_153_classic.mp3,../Data/raw/piano_data\pia_153_classic.mp3,piano_data,-322.62109375,125.42627716064453,-16.757461547851562,8.257383346557617,-10.44246768951416,6.526841640472412,-1.0738205909729004,-13.100833892822266,-13.841341972351074,-1.7880356311798096,-2.019317388534546,0.15058854222297668,-2.404146432876587,0.5045266151428223,0.15795381367206573,0.18457531929016113,0.17888671159744263,0.4201297461986542,0.38434693217277527,0.17865367233753204,0.5080887675285339,0.14990663528442383,0.06293275207281113,0.09787563979625702,0.4196854829788208,0.19072443151540727,0.2819538362408459,0.1660786696253582,0.2284090424013007,0.012915340156248968,-0.07017781694899528,1383.2805658579744,1531.370209268432,2384.1939164389028,0.07062164401122291,117.45383522727273
pia_154_classic.mp3,../Data/raw/piano_data\pia_154_classic.mp3,piano_data,-313.1115417480469,117.54236602783203,-30.082998275756836,4.876223564147949,-17.22092628479004,3.835153579711914,2.7123255729675293,-12.219932556152344,-20.200687408447266,-7.915395259857178,-8.236361503601074,2.023151397705078,7.871655464172363,0.5898333191871643,0.18954917788505554,0.2610083520412445,0.20808559656143188,0.6295062303543091,0.164346382021904,0.11068273335695267,0.4220682680606842,0.13025468587875366,0.06642923504114151,0.09597311168909073,0.41670817136764526,0.3528531560499281,0.15387648424525366,0.22266565976071878,0.3749345165757381,0.07249960618012928,-0.03813736602884199,1402.5565575926234,1572.1667718019614,2473.6683753990906,0.06754229755224458,117.45383522727273
pia_155_classic.mp3,../Data/raw/piano_data\pia_155_classic.mp3,piano_data,-290.418212890625,120.81448364257812,-34.50130844116211,9.752123832702637,-17.014331817626953,1.0382574796676636,0.45856109261512756,-11.5880708694458,-20.52450942993164,-12.4849271774292,-11.072348594665527,-1.6519720554351807,3.6077611446380615,0.712981641292572,0.18905001878738403,0.20102041959762573,0.15012909471988678,0.368132621049881,0.3244529068470001,0.1650317907333374,0.41519060730934143,0.12332595139741898,0.11605420708656311,0.08924929052591324,0.38570091128349304,0.1913037601767587,0.3578776162353002,0.06593923217360355,0.29893894619023675,-0.00981537608851101,0.014894438484462341,1394.6216777103502,1570.8174530006359,2518.4431046524282,0.06985520873645511,117.45383522727273
pia_156_classic.mp3,../Data/raw/piano_data\pia_156_classic.mp3,piano_data,-311.43487548828125,124.28137969970703,-20.93374252319336,5.830812931060791,-15.4801607131958,5.82926607131958,3.4851434230804443,-8.807884216308594,-15.107062339782715,-2.5873024463653564,-4.245893478393555,-1.4167412519454956,0.07103779166936874,0.3698688745498657,0.20579735934734344,0.3949446380138397,0.21883666515350342,0.4815385043621063,0.12407627701759338,0.13972927629947662,0.4599400460720062,0.20619697868824005,0.42695802450180054,0.1610897332429886,0.31433048844337463,0.4966537637699491,0.12192644031977828,0.05257389262562238,0.07779003199016535,0.02284904402867216,-0.01712792215076539,1385.7394147854557,1561.2952770539143,2383.710586028202,0.07034197827979877,117.45383522727273
pia_157_classic.mp3,../Data/raw/piano_data\pia_157_classic.mp3,piano_data,-305.3433532714844,117.19597625732422,-25.25116539001465,9.819161415100098,-13.019244194030762,7.724684238433838,3.710683584213257,-9.942946434020996,-15.5184907913208,-5.916351795196533,-8.756032943725586,-1.894431233406067,1.3156580924987793,0.4712772071361542,0.18562467396259308,0.1803373098373413,0.1751529425382614,0.5602858662605286,0.18932883441448212,0.16916440427303314,0.6720135807991028,0.19722475111484528,0.18623431026935577,0.09514506161212921,0.2865312397480011,0.35891075207820416,0.2407251564177344,0.15849074653992082,0.3056648413118352,0.12584966853300977,-0.01698544889939155,1440.8690572845048,1627.5572017050124,2554.809551416167,0.06814773606811146,117.45383522727273
pia_158_classic.mp3,../Data/raw/piano_data\pia_158_classic.mp3,piano_data,-311.87738037109375,106.54769897460938,-36.30195999145508,7.844789981842041,-14.532099723815918,4.165396690368652,2.284311056137085,-12.630722999572754,-19.712900161743164,-7.649850845336914,-8.563801765441895,2.5894010066986084,9.236493110656738,0.6899040341377258,0.20261330902576447,0.2723864018917084,0.18195843696594238,0.5417534708976746,0.19270059466362,0.12080112844705582,0.3992496132850647,0.10416902601718903,0.0733424499630928,0.07978110760450363,0.38913631439208984,0.25813201196972846,0.32690347846911566,0.12647421949401771,0.3400338754470023,0.02859360897861279,0.009049148272782255,1469.958986117297,1641.4607101813688,2698.9670130490517,0.06709823372194272,117.45383522727273
pia_159_classic.mp3,../Data/raw/piano_data\pia_159_classic.mp3,piano_data,-299.46624755859375,124.4473648071289,-28.110952377319336,3.3280599117279053,-18.257530212402344,2.1401619911193848,4.56630802154541,-8.150773048400879,-19.18929100036621,-9.856629371643066,-9.679110527038574,-0.6759858727455139,6.184849739074707,0.4143378734588623,0.21891941130161285,0.595906138420105,0.2738746404647827,0.42492926120758057,0.15466852486133575,0.11883048713207245,0.43614915013313293,0.19516044855117798,0.250955194234848,0.13638894259929657,0.33102861046791077,0.46477900175332537,0.21682361480173343,0.09831603049618133,0.014284971626958371,-0.026430153296169795,-0.04383134859444317,1317.6980736640244,1526.067794977506,2316.3693265649185,0.06069804566563467,117.45383522727273
pia_160_classic.mp3,../Data/raw/piano_data\pia_160_classic.mp3,piano_data,-331.0280456542969,103.52039337158203,-31.73361587524414,3.0099058151245117,-16.41089630126953,3.3397061824798584,1.082363486289978,-12.958452224731445,-19.24062728881836,-6.01904821395874,-4.869400501251221,5.019097328186035,8.630236625671387,0.5975369811058044,0.17419780790805817,0.22666797041893005,0.1494627296924591,0.5070451498031616,0.21767672896385193,0.12572072446346283,0.4067889153957367,0.11171024292707443,0.03458374738693237,0.0770903006196022,0.42964816093444824,0.2851736021314725,0.23478028874321924,0.17290547857044425,0.30084319235589396,0.022814969376113093,-0.03477718057678115,1495.0750879836874,1646.6045739437618,2652.6756263000675,0.07140470805921052,117.45383522727273
pia_161_classic.mp3,../Data/raw/piano_data\pia_161_classic.mp3,piano_data,-297.8169250488281,124.15424346923828,-23.434349060058594,9.03024673461914,-15.139078140258789,4.564357757568359,2.547806739807129,-11.869865417480469,-18.880348205566406,-6.880170822143555,-7.305087566375732,2.1572201251983643,8.530293464660645,0.6404489278793335,0.24545066058635712,0.21918265521526337,0.1598358452320099,0.42985907196998596,0.2116265743970871,0.18138185143470764,0.5946911573410034,0.23809491097927094,0.056983016431331635,0.09558763355016708,0.2909087538719177,0.2568444074920107,0.3090096497520257,0.259740482831241,0.29357958988702115,0.07885050583052636,0.00595746743556307,1354.2802146764443,1570.163603964601,2355.7357551881773,0.06326530149477554,123.046875
pia_162_classic.mp3,../Data/raw/piano_data\pia_162_classic.mp3,piano_data,-313.6418151855469,115.6561050415039,-29.04644012451172,4.521789073944092,-19.8529052734375,-2.697530508041382,-4.9682536125183105,-15.85909652709961,-21.403284072875977,-8.183198928833008,-6.980684757232666,3.9160125255584717,9.604738235473633,0.7753547430038452,0.18617558479309082,0.2009156197309494,0.1564634144306183,0.4809333086013794,0.18010440468788147,0.13135895133018494,0.4925704300403595,0.12837153673171997,0.09993305802345276,0.0827217847108841,0.40864014625549316,0.3094015826777117,0.2537786521505546,0.17351313406095503,0.36889877719044156,0.06380392617629473,0.002123475392702674,1463.7748482797738,1617.6826365077234,2583.167713271575,0.07162050418440402,117.45383522727273
pia_163_classic.mp3,../Data/raw/piano_data\pia_163_classic.mp3,piano_data,-293.1851806640625,127.30598449707031,-28.32448387145996,8.521307945251465,-13.946087837219238,3.487999200820923,-0.6756964325904846,-13.525647163391113,-18.809078216552734,-7.731083393096924,-8.445496559143066,0.10635073482990265,5.166209697723389,0.773844838142395,0.36919736862182617,0.18432149291038513,0.1613539606332779,0.33633702993392944,0.4628715515136719,0.23442062735557556,0.5386010408401489,0.2985421121120453,0.06453002989292145,0.054645709693431854,0.3014589548110962,0.1279198535933786,0.40263799877898937,0.0690277940793692,0.2832791195144724,-0.018466527839550634,-0.002053549737446396,1347.3231404704275,1556.2962567919778,2382.785591621517,0.059810673858359135,117.45383522727273
pia_164_classic.mp3,../Data/raw/piano_data\pia_164_classic.mp3,piano_data,-291.21148681640625,134.57614135742188,-21.49724578857422,11.67347240447998,-14.608651161193848,3.4842076301574707,3.6479310989379883,-8.168054580688477,-16.038105010986328,-7.962836742401123,-10.861644744873047,-2.7252204418182373,3.5050370693206787,0.5972653031349182,0.2551923990249634,0.35841313004493713,0.20509475469589233,0.32616758346557617,0.18049974739551544,0.1939188838005066,0.6816144585609436,0.27433475852012634,0.0919761210680008,0.11451385915279388,0.3107360303401947,0.29908454843819227,0.3281718561511038,0.26919758856356363,0.14226856497826407,0.048592606260438556,-0.024792109017061807,1277.8456628209235,1506.2157838572398,2217.7365896502515,0.0579066793246904,117.45383522727273
pia_165_classic.mp3,../Data/raw/piano_data\pia_165_classic.mp3,piano_data,-300.8547668457031,120.81959533691406,-27.391845703125,11.852900505065918,-11.853311538696289,9.242523193359375,7.286981105804443,-7.385426044464111,-17.904773712158203,-7.180385112762451,-9.017523765563965,1.7324858903884888,7.044835090637207,0.5434917211532593,0.22787261009216309,0.40621545910835266,0.1952553689479828,0.40658313035964966,0.12464559078216553,0.20177705585956573,0.5618075132369995,0.21105186641216278,0.23800890147686005,0.10663660615682602,0.2682061791419983,0.36493738616270155,0.3552014803334382,0.21317036325312375,0.16047317287365645,0.06179552927293302,0.01441489676874633,1354.5209416747587,1581.6743382441375,2446.785204624613,0.06133107282797988,117.45383522727273
pia_166_classic.mp3,../Data/raw/piano_data\pia_166_classic.mp3,piano_data,-315.3726806640625,113.8020248413086,-30.49468421936035,5.066556453704834,-14.056028366088867,5.497972011566162,4.378357410430908,-10.566173553466797,-19.888450622558594,-8.378384590148926,-8.322162628173828,0.6350098848342896,8.54563045501709,0.6998074650764465,0.2979269325733185,0.16710995137691498,0.14549435675144196,0.5484442710876465,0.4068136215209961,0.12126460671424866,0.3226643204689026,0.18703709542751312,0.10095150023698807,0.08392618596553802,0.4317189157009125,0.28191120260648544,0.11785887273289639,0.1231206066503863,0.363478043175017,0.03303172314952978,-0.015111923066893058,1413.4433052628003,1585.3042115546118,2492.7099269241003,0.06765605347813468,123.046875
pia_167_classic.mp3,../Data/raw/piano_data\pia_167_classic.mp3,piano_data,-330.2893371582031,107.7401351928711,-27.2265625,5.11824369430542,-15.397473335266113,4.734450340270996,1.7450625896453857,-9.425190925598145,-12.623736381530762,-3.098015546798706,-5.058775901794434,0.5678414106369019,0.09401757270097733,0.3870786428451538,0.19454048573970795,0.4064418375492096,0.1739250123500824,0.27718889713287354,0.07839380949735641,0.15990279614925385,0.6067519187927246,0.20037071406841278,0.28041574358940125,0.10663650929927826,0.21059420704841614,0.4190854620616438,0.33920621142098395,0.20186560741487322,0.05545887088615023,0.05139304237385438,-0.01499770289467535,1487.7525179475456,1627.0051021429244,2621.9091456741003,0.07392699061532508,117.45383522727273
pia_168_classic.mp3,../Data/raw/piano_data\pia_168_classic.mp3,piano_data,-318.7591552734375,111.79987335205078,-31.55373764038086,5.921512126922607,-15.948432922363281,2.948678731918335,0.9548872709274292,-10.528003692626953,-15.768908500671387,-4.109913349151611,-5.841716766357422,2.6399974822998047,8.416111946105957,0.7446516752243042,0.345464289188385,0.12855350971221924,0.17827586829662323,0.3907012939453125,0.3665429353713989,0.22396016120910645,0.4389244019985199,0.22568193078041077,0.13830657303333282,0.09917688369750977,0.28324294090270996,0.1728234060403023,0.2856197588226753,0.1127233137809109,0.31683205864366987,0.005451361059799319,0.06557490274026463,1439.4193132936705,1610.683523591708,2575.892757262239,0.06876337860390867,117.45383522727273
pia_169_classic.mp3,../Data/raw/piano_data\pia_169_classic.mp3,piano_data,-312.9878234863281,111.30144500732422,-26.968955993652344,8.841214179992676,-15.115560531616211,3.567239284515381,2.2845373153686523,-10.45765209197998,-18.028900146484375,-8.543663024902344,-5.287241458892822,2.660156726837158,4.764345169067383,0.46877768635749817,0.19820621609687805,0.22184205055236816,0.16223175823688507,0.5400384068489075,0.13161112368106842,0.1547127664089203,0.5381209254264832,0.20751844346523285,0.2501850724220276,0.1250145435333252,0.27815115451812744,0.3915911903032714,0.2069395685687448,0.13806082023363164,0.30762157736563456,0.12380867662811586,-0.0015744021315432456,1459.9881795197455,1608.5738891893525,2604.5759171524282,0.07371421790344428,117.45383522727273
pia_170_classic.mp3,../Data/raw/piano_data\pia_170_classic.mp3,piano_data,-205.72061157226562,224.1329345703125,-1.6080851554870605,-5.033759593963623,12.852174758911133,-1.509248971939087,-4.1399245262146,-1.3928520679473877,-3.6040761470794678,-7.354992389678955,-8.690899848937988,-11.51230239868164,-11.935653686523438,0.3325360417366028,0.14241673052310944,0.18002548813819885,0.22251804172992706,0.3161586821079254,0.22026775777339935,0.2325790673494339,0.2549368143081665,0.19331398606300354,0.24939557909965515,0.367638498544693,0.7450796961784363,0.21311507600086857,-0.17759088208672882,0.24717868586833477,0.028441520910940633,-0.04485175653634638,-0.031068882276195947,610.6000438431905,657.9911586313591,1039.8603787732197,0.03759538869001548,215.33203125
pia_171_classic.mp3,../Data/raw/piano_data\pia_171_classic.mp3,piano_data,-409.41534423828125,180.29774475097656,13.350725173950195,-14.180049896240234,8.082763671875,-3.949432611465454,-13.644598007202148,-10.262481689453125,-12.481983184814453,-15.394414901733398,-9.325118064880371,-1.8980268239974976,-3.6066973209381104,0.17248016595840454,0.38417139649391174,0.3264143168926239,0.18196165561676025,0.3938142955303192,0.15423505008220673,0.21431078016757965,0.1492711752653122,0.2588687241077423,0.3449045419692993,0.19084447622299194,0.2915167212486267,0.23945066782247276,-0.07023661037325292,-0.09318087055818583,-0.03854923084559927,0.002117736122466253,-0.012703732847394305,771.3404140610675,664.2662570428082,1262.6173651255322,0.0584886863873839,287.109375
pia_172_classic.mp3,../Data/raw/piano_data\pia_172_classic.mp3,piano_data,-356.4630432128906,192.77133178710938,18.619518280029297,-13.985379219055176,4.8576555252075195,-3.1810078620910645,-11.66847038269043,-14.215572357177734,-14.7587251663208,-9.281333923339844,-2.1130666732788086,0.7632391452789307,-2.273632526397705,0.1732303500175476,0.357698529958725,0.41197848320007324,0.17055892944335938,0.35911688208580017,0.16237589716911316,0.29327455163002014,0.11115729063749313,0.23744851350784302,0.49450966715812683,0.2958415150642395,0.3527922034263611,0.31794074434087116,-0.13058387340219266,-0.10249123045231792,-0.05521791509241677,-0.020342578409161344,0.050928862322026,586.2374850080333,558.1491148376336,952.8525715641931,0.04161804010255418,123.046875
pia_173_classic.mp3,../Data/raw/piano_data\pia_173_classic.mp3,piano_data,-486.35406494140625,135.46966552734375,77.65631866455078,30.862548828125,10.674514770507812,4.021190166473389,-2.410081148147583,-8.994559288024902,-12.47528076171875,-13.247321128845215,-12.687516212463379,-11.106698036193848,-9.42795467376709,0.40236443281173706,0.17931896448135376,0.06291567534208298,0.07721181958913803,0.3328166902065277,0.516982913017273,0.21413768827915192,0.31725558638572693,0.08478547632694244,0.06328310817480087,0.11991838365793228,0.22226233780384064,0.22858672198737698,-0.2255021102795465,0.17785907364428769,0.1383204201356026,-0.023698432800804175,0.001412836744863769,353.81929789374834,442.99829266461643,451.49726985777863,0.02625872254740712,184.5703125
pia_174_classic.mp3,../Data/raw/piano_data\pia_174_classic.mp3,piano_data,-374.28118896484375,226.26499938964844,76.53946685791016,4.349321365356445,5.737255573272705,7.278275489807129,-5.677424430847168,-11.664262771606445,-9.18836498260498,-8.318273544311523,-9.381135940551758,-7.054187297821045,-1.204586386680603,0.16705039143562317,0.26220253109931946,0.11178724467754364,0.20219174027442932,0.4523957371711731,0.20874620974063873,0.2063361555337906,0.135081946849823,0.3393919765949249,0.32187381386756897,0.2313111275434494,0.3585260212421417,0.09739048480083264,0.20885831701992666,-0.13971042909786316,0.01952771912256769,-0.030582836428212464,-0.02894848894246604,388.57566453073645,349.77051565083843,553.0799889343073,0.03293177365518576,92.28515625
pia_175_classic.mp3,../Data/raw/piano_data\pia_175_classic.mp3,piano_data,-396.0134582519531,196.31150817871094,74.12650299072266,5.992780685424805,-2.929575204849243,-4.138765811920166,-12.168668746948242,-13.579853057861328,-8.04973030090332,-5.521705150604248,-7.268309593200684,-7.333790302276611,-3.941741466522217,0.1724398285150528,0.13903246819972992,0.05277042090892792,0.15520457923412323,0.5200082063674927,0.18804843723773956,0.13799186050891876,0.08588027209043503,0.25489693880081177,0.25339487195014954,0.18030710518360138,0.5868068337440491,0.23599513865801552,-0.1795469796194546,-0.1059790524776994,0.17856727145870296,0.0060416997781331605,-0.02530693574091306,451.90613153124343,374.53745253501074,666.9126339372098,0.04170345152863777,89.10290948275862
pia_176_classic.mp3,../Data/raw/piano_data\pia_176_classic.mp3,piano_data,-468.5428466796875,182.19546508789062,89.14352416992188,25.286033630371094,8.327801704406738,7.283563613891602,0.9167062640190125,-6.863185882568359,-9.719327926635742,-9.986881256103516,-9.996538162231445,-7.999542713165283,-4.158219337463379,0.22187873721122742,0.20889952778816223,0.12138035893440247,0.25135067105293274,0.45089834928512573,0.23000623285770416,0.30396583676338196,0.16030004620552063,0.22425301373004913,0.1561816930770874,0.1705397069454193,0.4390503466129303,0.09435786091279659,0.2519890623006752,-0.10653285600818793,0.1203645292947777,-0.015077887177874297,0.0001664106737160725,344.0290324746988,361.29157597026875,468.55550004232776,0.028730740857198143,184.5703125
pia_177_classic.mp3,../Data/raw/piano_data\pia_177_classic.mp3,piano_data,-386.7847900390625,216.90438842773438,72.94071197509766,4.009796619415283,5.53887414932251,7.6731343269348145,-5.449926376342773,-11.364531517028809,-4.754262447357178,1.7648683786392212,2.2141411304473877,0.5848853588104248,0.2341739386320114,0.20098736882209778,0.28638461232185364,0.1171887069940567,0.24082668125629425,0.5970362424850464,0.21701708436012268,0.10982102155685425,0.13464178144931793,0.3211924433708191,0.29954367876052856,0.2135511040687561,0.41207972168922424,0.045171059166653926,0.2263274299439392,-0.255848368283811,-0.00029786709002650036,-0.011723214939089332,-0.029061439087496924,404.85935013200526,374.5379973186307,649.7294045085139,0.035286634699109906,92.28515625
pia_178_classic.mp3,../Data/raw/piano_data\pia_178_classic.mp3,piano_data,-374.1475524902344,213.6280059814453,70.81229400634766,3.8701980113983154,7.879879951477051,10.564704895019531,-3.859783887863159,-12.283646583557129,-8.554718971252441,-3.4940128326416016,-2.5682315826416016,-2.5448784828186035,-0.2451854944229126,0.2420530766248703,0.23699389398097992,0.0933409184217453,0.1768687516450882,0.48574674129486084,0.20362959802150726,0.14871560037136078,0.13503426313400269,0.2701541781425476,0.32102954387664795,0.25656747817993164,0.6356359720230103,0.25485304599873776,-0.17250450289895433,-0.1265290188217455,0.15958598932112897,0.01561299340518588,-0.009333804056894296,398.46817537351865,369.48507256009185,609.204649556163,0.03338415187209752,89.10290948275862
pia_179_classic.mp3,../Data/raw/piano_data\pia_179_classic.mp3,piano_data,-486.4790954589844,135.59983825683594,77.4241943359375,30.77493667602539,10.975939750671387,4.379058361053467,-2.3862380981445312,-9.25955581665039,-12.710381507873535,-13.358160018920898,-12.899870872497559,-11.600082397460938,-10.077363014221191,0.40303653478622437,0.1726101040840149,0.05834471434354782,0.0750110000371933,0.3362480700016022,0.5336423516273499,0.20732039213180542,0.28702935576438904,0.08421086519956589,0.08532267808914185,0.11770686507225037,0.22290058434009552,0.23434298954793842,-0.23540922954160884,0.16954557676604967,0.1563539481754256,-0.024384619781813558,-0.004465048275178014,356.6988648688396,445.9151354695631,454.3472526243228,0.02642425442627709,184.5703125
pia_180_classic.mp3,../Data/raw/piano_data\pia_180_classic.mp3,piano_data,-436.0136413574219,183.77426147460938,85.29214477539062,22.511951446533203,8.746136665344238,7.16454553604126,-1.357036828994751,-9.372300148010254,-11.256024360656738,-11.046802520751953,-11.042426109313965,-9.465572357177734,-6.944995880126953,0.16363312304019928,0.15254327654838562,0.06878620386123657,0.19751088321208954,0.5963014960289001,0.2445698082447052,0.24357277154922485,0.11119621992111206,0.1695888638496399,0.1545766144990921,0.15913794934749603,0.39695295691490173,0.04221312092619029,0.2994946517104848,-0.16947241993199305,0.04333734808809694,-0.01797194071849401,-0.02802051748029257,353.5604445970355,344.845622357833,482.84708028976394,0.029840711469620744,31.51200457317073
pia_181_classic.mp3,../Data/raw/piano_data\pia_181_classic.mp3,piano_data,-403.0687561035156,191.760986328125,82.44508361816406,18.362037658691406,6.860590934753418,4.00931978225708,-4.614727973937988,-9.447299003601074,-9.549394607543945,-9.60539436340332,-9.42101001739502,-7.063213348388672,-3.0225017070770264,0.30989059805870056,0.11472814530134201,0.14895212650299072,0.056619253009557724,0.18502603471279144,0.5043110847473145,0.21165841817855835,0.15163281559944153,0.12943224608898163,0.3085695505142212,0.3322596251964569,0.16953955590724945,0.03512236258284333,0.25641894083925026,-0.2502967587076762,-0.03673586866208556,0.003976897987980416,-0.027999399877827333,377.6116120741241,341.59895875431283,535.0884310601297,0.03254704431114551,61.5234375
pia_182_classic.mp3,../Data/raw/piano_data\pia_182_classic.mp3,piano_data,-394.7603454589844,212.5885467529297,73.09101867675781,3.315739631652832,2.1819980144500732,5.332726955413818,-4.8416266441345215,-9.616032600402832,-3.3682918548583984,2.836564064025879,2.843371629714966,0.33678537607192993,-0.8734407424926758,0.3289547264575958,0.17468571662902832,0.2511008083820343,0.10650985687971115,0.2738839387893677,0.6270014047622681,0.22260521352291107,0.17848971486091614,0.16489820182323456,0.36857834458351135,0.23253728449344635,0.18939650058746338,0.05738572879460586,0.23607199299208317,-0.24271250676220263,0.062057594002091786,-0.018187813723614926,-0.02556343425513821,416.7537265644809,380.1040086000648,667.4292974796826,0.03680778952205882,92.28515625
pia_183_classic.mp3,../Data/raw/piano_data\pia_183_classic.mp3,piano_data,-473.0807800292969,177.40245056152344,89.50264739990234,26.57413101196289,7.80501651763916,5.99518346786499,-0.06936343014240265,-7.8313117027282715,-10.825450897216797,-10.854613304138184,-10.593155860900879,-8.795724868774414,-5.372987747192383,0.21211113035678864,0.18998390436172485,0.11133992671966553,0.2552450895309448,0.4985806345939636,0.23306362330913544,0.2828715145587921,0.14868855476379395,0.20964457094669342,0.1404556930065155,0.16564419865608215,0.42513689398765564,0.20375650512667742,-0.22238360059049203,0.03349265391792753,0.17665642557446568,-0.007692637341370275,-0.021953118612630128,346.1916455932349,355.46467653691394,470.3054894603812,0.028646841137770898,184.5703125
pia_184_classic.mp3,../Data/raw/piano_data\pia_184_classic.mp3,piano_data,-408.1246032714844,188.8440704345703,85.5689468383789,21.692237854003906,7.90244197845459,5.26775598526001,-2.4735183715820312,-8.045193672180176,-8.978269577026367,-8.77423095703125,-7.996819972991943,-5.369974136352539,-1.6814459562301636,0.14287909865379333,0.20754295587539673,0.08610012382268906,0.19125846028327942,0.5296782851219177,0.24627739191055298,0.17637225985527039,0.13928020000457764,0.29819026589393616,0.297003835439682,0.1640092432498932,0.31119316816329956,0.03994852370605455,0.2551052700116124,-0.24810269742287935,-0.05966052603071752,0.007056224506308425,-0.03732804009632672,361.10782749098126,341.35847135459125,516.5968762093653,0.03104138448142415,61.5234375
pia_185_classic.mp3,../Data/raw/piano_data\pia_185_classic.mp3,piano_data,-480.9599609375,168.32778930664062,83.53645324707031,24.190174102783203,7.61412239074707,6.029258728027344,-0.45497068762779236,-8.285504341125488,-11.458330154418945,-12.05769157409668,-12.24964427947998,-10.830375671386719,-8.40644359588623,0.1821686178445816,0.06566425412893295,0.06910865753889084,0.24605078995227814,0.36560189723968506,0.2307111620903015,0.501078724861145,0.19679319858551025,0.14076048135757446,0.10329229384660721,0.15678471326828003,0.38057729601860046,0.12902881724638493,0.26505804690912554,0.06125499443086177,0.21783677728892797,0.014486190599793706,0.02602112076081981,359.91373634935735,375.4926361658072,462.4638702109133,0.029339202786377708,184.5703125
pia_186_classic.mp3,../Data/raw/piano_data\pia_186_classic.mp3,piano_data,-480.9120178222656,140.2230224609375,77.70479583740234,27.23923110961914,5.136307716369629,-1.498624324798584,-5.310945510864258,-7.932696342468262,-8.991150856018066,-10.319436073303223,-12.15748405456543,-12.315579414367676,-10.14138412475586,0.23982000350952148,0.14820687472820282,0.0817500576376915,0.2660526633262634,0.42478129267692566,0.20254673063755035,0.3044424057006836,0.11741577833890915,0.11569135636091232,0.18015451729297638,0.21456605195999146,0.4473806917667389,0.213744566626674,-0.2598988112145747,0.16560728304270483,0.09597697008841577,-0.031311359610464023,0.004502558483145284,380.9550118322186,453.7882876257762,521.2301815257352,0.03018122339396285,78.30255681818181
pia_187_classic.mp3,../Data/raw/piano_data\pia_187_classic.mp3,piano_data,-376.6597595214844,228.53762817382812,79.81295013427734,5.880068302154541,6.7008256912231445,9.525352478027344,-4.101470470428467,-12.054656028747559,-9.588957786560059,-7.497357368469238,-8.070448875427246,-6.0753583908081055,-1.0925190448760986,0.19375480711460114,0.24780653417110443,0.11199218779802322,0.1947644054889679,0.4930855333805084,0.22437351942062378,0.21288365125656128,0.1455412060022354,0.37745577096939087,0.2789890468120575,0.1687888205051422,0.42535099387168884,0.10775067995049087,0.20662757037536925,-0.1615027021276102,0.051409662759036724,-0.030091379523390464,-0.02086925164144234,373.75832851940135,347.75521904223393,537.6217490748355,0.031905324835526314,89.10290948275862
pia_188_classic.mp3,../Data/raw/piano_data\pia_188_classic.mp3,piano_data,-469.8711853027344,152.20181274414062,80.76374816894531,26.60574722290039,7.477860927581787,3.4897620677948,-2.8501973152160645,-10.24699878692627,-13.464211463928223,-13.579019546508789,-13.0330228805542,-11.845712661743164,-10.379368782043457,0.2456355094909668,0.09557782113552094,0.047215647995471954,0.0664205402135849,0.3065652847290039,0.546829104423523,0.2480977475643158,0.3976782560348511,0.1260586977005005,0.14080680906772614,0.10471658408641815,0.13789141178131104,0.08593197934491323,0.25113172758705815,-0.052833284305274585,0.15471909068173045,0.003778823169362884,-0.010454568927363347,407.1140782319642,402.5899256336989,542.7383848019059,0.02999717310855263,184.5703125
pia_189_classic.mp3,../Data/raw/piano_data\pia_189_classic.mp3,piano_data,-360.2251892089844,222.1649627685547,61.33495330810547,-2.4823825359344482,6.407291412353516,3.6254289150238037,-12.056330680847168,-13.354574203491211,-6.0769147872924805,-3.82887864112854,-3.474429130554199,-0.03763960674405098,2.6048824787139893,0.2609594166278839,0.6531574130058289,0.1887209564447403,0.16423000395298004,0.06902310997247696,0.19551663100719452,0.4981788992881775,0.18507561087608337,0.13635459542274475,0.10408815741539001,0.25975561141967773,0.32612475752830505,-0.16089299352372055,-0.4971018961199747,0.053780301199755895,-0.2352680776689213,-0.002613852826808485,0.0250304856554038,440.82124954121355,389.5016104772659,653.8877126971265,0.03848162671729876,99.38401442307692
pia_190_classic.mp3,../Data/raw/piano_data\pia_190_classic.mp3,piano_data,-369.2375793457031,232.02459716796875,65.80997467041016,-1.244062066078186,6.4235968589782715,4.243000030517578,-10.011981010437012,-12.710983276367188,-9.420419692993164,-9.43249797821045,-8.113058090209961,-1.7771021127700806,3.7583231925964355,0.2242058366537094,0.4117923974990845,0.1679992377758026,0.2524312138557434,0.10130291432142258,0.20485807955265045,0.4537225365638733,0.19454075396060944,0.19612938165664673,0.12428000569343567,0.32763364911079407,0.2822139263153076,-0.13271693095615095,-0.2622846154255884,0.05201137852537852,-0.1323015480763611,0.03376991102845277,0.0426380284494236,425.6549842987082,373.7988444197875,604.7713430304276,0.03661882619001548,99.38401442307692
pia_191_classic.mp3,../Data/raw/piano_data\pia_191_classic.mp3,piano_data,-431.3312683105469,179.03857421875,82.4862289428711,20.355924606323242,5.4506025314331055,2.739995241165161,-4.914996147155762,-10.666250228881836,-10.904561042785645,-9.106462478637695,-5.921316146850586,-1.6352002620697021,-0.04692942276597023,0.18261167407035828,0.48110923171043396,0.21460142731666565,0.26851752400398254,0.1273036003112793,0.2690751254558563,0.4537683129310608,0.21235963702201843,0.24793902039527893,0.11785969883203506,0.16380268335342407,0.1331728845834732,-0.28825692702662403,-0.4216684484407832,-0.06624650992791896,-0.17094009050172423,0.01785433461379618,0.03907640508723685,381.6834843357081,365.17172497141684,533.6801062427438,0.03373033269640093,99.38401442307692
pia_192_classic.mp3,../Data/raw/piano_data\pia_192_classic.mp3,piano_data,-463.85870361328125,186.86349487304688,82.35302734375,17.752981185913086,5.290169715881348,4.211491584777832,-4.517178058624268,-11.730244636535645,-12.41593074798584,-11.301939010620117,-9.603249549865723,-5.907387733459473,-2.886735439300537,0.17841210961341858,0.42753809690475464,0.19279561936855316,0.19429713487625122,0.10650020837783813,0.256043404340744,0.4893144965171814,0.22328315675258636,0.27696260809898376,0.13453708589076996,0.21987631916999817,0.1556932032108307,-0.25860529928435816,-0.45257797085026,-0.09401720030566293,-0.20648746934287607,0.02114720938458011,0.024098406354885887,378.30476604410325,368.5709915018251,513.8552261210816,0.03183314084268576,198.76802884615384
pia_193_classic.mp3,../Data/raw/piano_data\pia_193_classic.mp3,piano_data,-392.9996032714844,151.82962036132812,53.69385528564453,1.29936683177948,-2.4253790378570557,0.9651991128921509,-1.647091269493103,-4.9164276123046875,-9.411680221557617,-15.18860912322998,-17.005455017089844,-11.424493789672852,-2.1751654148101807,0.7247137427330017,0.3339504897594452,0.19402211904525757,0.08991638571023941,0.03915217146277428,0.014118872582912445,0.08335399627685547,0.4486042857170105,0.18697993457317352,0.12772603332996368,0.10500459372997284,0.21783964335918427,0.21590620181132783,0.473535678304604,0.15944378773213994,0.2511340816813051,0.03126850529325075,0.1065386423535033,654.5472448357738,1055.0558865755536,840.2699190027573,0.03572805304276316,67.99958881578948
pia_194_classic.mp3,../Data/raw/piano_data\pia_194_classic.mp3,piano_data,-400.7138671875,143.5408935546875,56.60374069213867,10.455782890319824,2.7497682571411133,-2.296623706817627,-10.544356346130371,-15.304149627685547,-17.098466873168945,-16.487655639648438,-13.579733848571777,-9.407604217529297,-3.8287413120269775,0.3444214463233948,0.2408839613199234,0.5615475177764893,0.20582710206508636,0.018509631976485252,0.018560416996479034,0.11302974075078964,0.5249738693237305,0.1912827491760254,0.16227643191814423,0.05451025068759918,0.07491813600063324,0.37318074410125335,0.4364170822980744,0.19551193163890226,-0.07551779787055432,0.00226980485890316,-0.019278690999052273,639.4684986081214,1055.8115544242132,733.3872319744098,0.03247145897832817,71.77734375
pia_195_classic.mp3,../Data/raw/piano_data\pia_195_classic.mp3,piano_data,-380.6535949707031,180.0995330810547,62.28154754638672,-0.0732932984828949,-0.9639982581138611,3.619633436203003,-3.230734348297119,-5.076844692230225,-3.4376235008239746,-11.408546447753906,-22.398649215698242,-19.86821174621582,-6.664034366607666,0.6317440271377563,0.2778564393520355,0.03993671014904976,0.08260150253772736,0.40148305892944336,0.13440373539924622,0.09016089886426926,0.4147358238697052,0.21280160546302795,0.19552503526210785,0.18186452984809875,0.21020543575286865,0.24802036551165862,0.38702412877180614,0.06553962699825303,0.40795632232205453,0.12769050051066133,0.1306902070189794,490.7985005340607,819.4820594305294,646.4794241607004,0.026615485318304953,38.56693097014925
pia_196_classic.mp3,../Data/raw/piano_data\pia_196_classic.mp3,piano_data,-390.4432373046875,167.2773895263672,55.171077728271484,0.5085902810096741,0.5941371917724609,3.521191120147705,-2.9573779106140137,-7.62562894821167,-9.036245346069336,-11.324686050415039,-13.756760597229004,-11.392860412597656,-3.8432741165161133,0.46981772780418396,0.27103039622306824,0.3717566728591919,0.17708566784858704,0.20023204386234283,0.09420140087604523,0.10106943547725677,0.31486448645591736,0.21118728816509247,0.3874128460884094,0.2553013265132904,0.213017538189888,0.29962708405860594,0.3122984831488007,-0.021505433880441467,0.1425066690804758,0.016317908434513816,0.10133670353695236,709.7404816649894,1116.120290596308,1198.009422467589,0.031677435057082044,92.28515625
pia_197_classic.mp3,../Data/raw/piano_data\pia_197_classic.mp3,piano_data,-354.9171447753906,171.9207305908203,33.88080978393555,-6.734551906585693,2.504289388656616,-5.276267051696777,-17.01079750061035,-18.324920654296875,-20.038230895996094,-20.050466537475586,-12.837384223937988,-4.570446968078613,0.24740831553936005,0.6166540384292603,0.1690388023853302,0.10614576190710068,0.056355070322752,0.11624468863010406,0.10790407657623291,0.15397515892982483,0.555647611618042,0.16277848184108734,0.1958656907081604,0.08223620057106018,0.33698874711990356,0.23933602197909995,0.398373247844867,0.19701289242254597,0.2564040808300502,0.03971844571084907,0.051867385473622796,735.1359946489532,1122.3183449617893,924.4777431428986,0.03915584788602941,69.83741554054055
pia_198_classic.mp3,../Data/raw/piano_data\pia_198_classic.mp3,piano_data,-378.6226806640625,179.0543975830078,59.70820999145508,1.4306252002716064,1.4896382093429565,5.0658278465271,-2.0119714736938477,-8.215812683105469,-12.433784484863281,-14.759032249450684,-15.170991897583008,-14.517241477966309,-9.491314888000488,0.42312556505203247,0.27829766273498535,0.46438777446746826,0.17596642673015594,0.0334823802113533,0.024792397394776344,0.14312487840652466,0.602302610874176,0.22735902667045593,0.07077275961637497,0.09876144677400589,0.1694246083498001,0.30186805795848437,0.5267021823007259,0.2953416255899941,0.04565615120762661,0.04752566700880785,-0.0059800986438897485,506.0221263816252,849.7703815746871,663.2876558569562,0.0280648340750774,83.35433467741936
pia_199_classic.mp3,../Data/raw/piano_data\pia_199_classic.mp3,piano_data,-368.2575988769531,187.73190307617188,58.130455017089844,4.309925556182861,2.469912052154541,-0.8219674229621887,-10.1056547164917,-12.407370567321777,-12.861666679382324,-14.735757827758789,-14.63703441619873,-9.534300804138184,-3.535421848297119,0.39793872833251953,0.2369617372751236,0.4293450117111206,0.16638898849487305,0.07838816940784454,0.10875289887189865,0.1490287035703659,0.6030383706092834,0.20973411202430725,0.059426311403512955,0.046100109815597534,0.16908720135688782,0.30341679720405007,0.4759507714329792,0.27502765966148257,0.04781620926908485,0.02528075325394313,-0.04314776120297232,589.5671169706307,1039.0286415777896,676.4625761900155,0.03196503724845201,73.828125
pia_200_classic.mp3,../Data/raw/piano_data\pia_200_classic.mp3,piano_data,-379.5181579589844,164.45082092285156,31.77028465270996,-9.288501739501953,0.6584362387657166,-2.7528584003448486,-13.311441421508789,-15.203543663024902,-14.870165824890137,-14.158735275268555,-11.157038688659668,-7.031646251678467,-4.06283712387085,0.46504154801368713,0.14254985749721527,0.1410389393568039,0.06437110900878906,0.1045306921005249,0.14821770787239075,0.16742318868637085,0.5030880570411682,0.1421632617712021,0.1251119077205658,0.10243657231330872,0.3540566563606262,0.21131487368860635,0.2849564849597442,0.16619738224002123,0.13406840669122388,-0.011033293901325477,0.0037743135160967422,527.8074959763172,805.1912451057763,680.1792203826432,0.02969294214396285,123.046875
pia_201_classic.mp3,../Data/raw/piano_data\pia_201_classic.mp3,piano_data,-419.0194091796875,119.63868713378906,34.430423736572266,-1.758655309677124,2.952615976333618,3.872626543045044,-4.256591796875,-9.851785659790039,-13.561299324035645,-16.423038482666016,-14.761207580566406,-8.421993255615234,-1.6317442655563354,0.6393539905548096,0.23462894558906555,0.020988354459404945,0.022367779165506363,0.07834381610155106,0.02936113066971302,0.08182103931903839,0.43466630578041077,0.1627373993396759,0.05486830696463585,0.06463519483804703,0.2895286977291107,0.1548330180084184,0.36520937023540584,0.21908536499247938,0.3076673326797598,0.05248551795160489,0.09337304991278181,634.8573234418795,1002.2088273604395,929.7527112458881,0.028548958131772446,56.17357336956522
pia_202_classic.mp3,../Data/raw/piano_data\pia_202_classic.mp3,piano_data,-358.1282043457031,175.5237274169922,49.768943786621094,-2.8404242992401123,-2.605447292327881,-7.069857597351074,-14.568222999572754,-15.774781227111816,-17.43605613708496,-16.978984832763672,-11.371148109436035,-6.467446327209473,-4.158369064331055,0.3118059039115906,0.17129534482955933,0.4218129813671112,0.1532207578420639,0.12978558242321014,0.13234283030033112,0.1696559637784958,0.570216953754425,0.1968744695186615,0.28478100895881653,0.12362512946128845,0.30690476298332214,0.38900011111334404,0.25676099456786483,0.13381489477410113,-0.06963688264861896,-0.03004816004548317,-0.04395095752797235,724.9568045164661,1141.0553481307168,901.4445490881385,0.038193646599264705,63.02400914634146
pia_203_classic.mp3,../Data/raw/piano_data\pia_203_classic.mp3,piano_data,-412.92236328125,134.83053588867188,34.70372009277344,-5.959725379943848,-0.43005743622779846,0.8937555551528931,-5.596782207489014,-6.712071418762207,-6.027838706970215,-9.23964786529541,-12.00464916229248,-8.759222030639648,-2.811849355697632,0.4706919193267822,0.1705935299396515,0.05232467129826546,0.02920854091644287,0.07247425615787506,0.04536425694823265,0.12104732543230057,0.45817527174949646,0.16047488152980804,0.1399966925382614,0.10106468945741653,0.24747975170612335,0.16821248622423018,0.30636963973084186,0.1878372400454115,0.23270676789326647,0.050698501113109626,0.057885576809768136,414.9206999334277,651.9658513602536,566.6049071509772,0.02327196812113003,99.38401442307692
pia_204_classic.mp3,../Data/raw/piano_data\pia_204_classic.mp3,piano_data,-399.33599853515625,152.65252685546875,58.769447326660156,8.746893882751465,2.4994425773620605,1.2910780906677246,-6.413131237030029,-13.268072128295898,-17.587610244750977,-18.400287628173828,-15.599769592285156,-11.371363639831543,-6.710269451141357,0.4370289146900177,0.25503647327423096,0.4226694107055664,0.14985854923725128,0.017943844199180603,0.018702151253819466,0.13507908582687378,0.6651169061660767,0.2145988792181015,0.018237868323922157,0.022334562614560127,0.15548968315124512,0.31158428383236747,0.5348961883680315,0.3620727144883824,0.07515012545276128,0.05569994093931711,-0.024647961326090127,560.584580025983,922.7071579675841,690.2458261779218,0.03150472257159443,60.09265988372093
pia_205_classic.mp3,../Data/raw/piano_data\pia_205_classic.mp3,piano_data,-366.864013671875,184.80812072753906,47.374393463134766,-6.675530433654785,-2.7039413452148438,-2.4735963344573975,-10.615926742553711,-14.916387557983398,-17.60395622253418,-17.301904678344727,-11.753664016723633,-4.839127063751221,-1.9390753507614136,0.5652729868888855,0.1577271670103073,0.09357810020446777,0.07074175775051117,0.2159939408302307,0.373128741979599,0.21801646053791046,0.4685697853565216,0.16312050819396973,0.21605122089385986,0.12405217438936234,0.40681377053260803,0.17402494975405322,0.3264422652868669,0.06043291354213834,0.2269381560019762,-0.02114915929796284,0.014488969255983425,736.9942754309449,1182.0264354292058,1027.2187885485198,0.03599864853424923,86.1328125
pia_206_classic.mp3,../Data/raw/piano_data\pia_206_classic.mp3,piano_data,-404.8533935546875,156.4835968017578,52.70168685913086,3.748983383178711,-3.756256103515625,-7.505633354187012,-12.077592849731445,-13.808732986450195,-15.862377166748047,-16.00640296936035,-11.194220542907715,-4.6960368156433105,-0.03899258375167847,0.4141633212566376,0.21863749623298645,0.4635293781757355,0.1849265992641449,0.20314541459083557,0.232840433716774,0.15785348415374756,0.4407474398612976,0.15158900618553162,0.21819402277469635,0.09203305095434189,0.28027838468551636,0.297431847832359,0.29353835130585715,0.03520912097351784,0.023616718471802797,-0.04566709534364608,-0.03492139725608537,812.040322649774,1342.886260856359,1057.0769413336882,0.03732970624516254,143.5546875
pia_207_classic.mp3,../Data/raw/piano_data\pia_207_classic.mp3,piano_data,-384.9137878417969,156.16554260253906,56.65843963623047,4.742649555206299,0.16017061471939087,-0.5223042964935303,-7.563502311706543,-12.559991836547852,-14.931038856506348,-16.14946937561035,-15.577347755432129,-12.085790634155273,-5.441524505615234,0.3466896414756775,0.14669345319271088,0.17153815925121307,0.13083435595035553,0.3062150478363037,0.08613775670528412,0.12667769193649292,0.582829475402832,0.23741239309310913,0.20232923328876495,0.11915329843759537,0.1506384164094925,0.3577974295643648,0.3368798034087094,0.11346956114926235,0.16625997936010686,0.08716189094392077,0.039892031453326815,602.2588716112859,1003.2253451980398,689.9958276896285,0.03244689374516254,73.828125
pia_208_classic.mp3,../Data/raw/piano_data\pia_208_classic.mp3,piano_data,-404.4106140136719,139.20436096191406,45.94789505004883,0.6148432493209839,0.18156211078166962,0.5459142923355103,-7.011904716491699,-11.794791221618652,-13.118916511535645,-12.847810745239258,-9.861464500427246,-5.157593727111816,-1.2763601541519165,0.5320364236831665,0.1761610358953476,0.03982856869697571,0.03443470597267151,0.101435586810112,0.10556530207395554,0.17026738822460175,0.6409153938293457,0.21200445294380188,0.05611705034971237,0.10117945820093155,0.3464975357055664,0.16219465532599217,0.3632005343357007,0.266296242141012,0.24510152361481144,0.07100275136433856,0.026088544499704314,900.6694682341284,1382.038894852547,1568.5321819671537,0.03901525916698916,61.5234375
pia_209_classic.mp3,../Data/raw/piano_data\pia_209_classic.mp3,piano_data,-441.30181884765625,115.2677993774414,40.6990852355957,1.4186168909072876,-1.430068016052246,0.34709492325782776,-2.2452332973480225,-4.730195045471191,-7.9207072257995605,-12.00778579711914,-13.433926582336426,-10.227408409118652,-4.256688117980957,0.5403127074241638,0.2472800314426422,0.09345399588346481,0.042347971349954605,0.035856809467077255,0.01680280640721321,0.09835650771856308,0.4655676782131195,0.18974529206752777,0.06387288868427277,0.1469554752111435,0.14990736544132233,0.12630361472044963,0.42092624010237667,0.18297938432943803,0.22671755328042792,0.08118275562724973,0.07076916004849698,475.52121525133896,823.7209969209046,587.979777900058,0.02326176410119969,15.289848372781066
pia_210_classic.mp3,../Data/raw/piano_data\pia_210_classic.mp3,piano_data,-380.3241882324219,163.6619110107422,43.612857818603516,-1.3167682886123657,0.4095035791397095,-2.654062271118164,-9.024127006530762,-9.990843772888184,-13.032942771911621,-15.26307487487793,-13.020670890808105,-10.275473594665527,-8.178730964660645,0.7725195288658142,0.24166159331798553,0.07375197857618332,0.03693050518631935,0.058653753250837326,0.0510074645280838,0.11318842321634293,0.40377888083457947,0.11772163212299347,0.1377716213464737,0.1221090629696846,0.3928910493850708,0.1718065024012468,0.4933263286485473,0.2018239060377171,0.3873867270329119,0.045778869470767515,0.14001622809696007,694.9157953919317,1093.9487834007105,924.7027417823626,0.03301605130127709,99.38401442307692
pia_211_classic.mp3,../Data/raw/piano_data\pia_211_classic.mp3,piano_data,-393.12567138671875,146.772216796875,44.59284973144531,-2.016605854034424,0.1467045694589615,2.0126030445098877,-3.6929361820220947,-6.4712677001953125,-9.225616455078125,-14.424177169799805,-16.26280403137207,-11.463888168334961,-4.409868240356445,0.5003668665885925,0.19478482007980347,0.07315751165151596,0.030802307650446892,0.030093131586909294,0.012960287742316723,0.13214538991451263,0.6159566640853882,0.18095280230045319,0.04806841164827347,0.08042439073324203,0.17967668175697327,0.17356447496702623,0.49719035020598007,0.28292038989175483,0.25984670785789143,0.1072113171549603,0.0577155119990775,520.280210342185,801.5537172946229,690.0541606702303,0.028309730553405573,71.77734375
pia_212_classic.mp3,../Data/raw/piano_data\pia_212_classic.mp3,piano_data,-410.7144470214844,136.90989685058594,59.80575942993164,15.179356575012207,4.291368007659912,0.20000122487545013,-3.9009523391723633,-7.9230451583862305,-13.32217025756836,-16.15456199645996,-14.246529579162598,-11.17448616027832,-9.159140586853027,0.15770047903060913,0.20791848003864288,0.4964134693145752,0.1639757603406906,0.025464536622166634,0.02078835293650627,0.1603727638721466,0.598680853843689,0.22395655512809753,0.2860058546066284,0.06885934621095657,0.05084843188524246,0.4180736266271297,0.36221365196598254,0.12427074011849906,-0.19030899482479338,-0.009763218061335191,-0.044284706672315766,792.6102501147387,1347.3233001622998,1342.1668841004741,0.03452397869098297,64.599609375
pia_213_classic.mp3,../Data/raw/piano_data\pia_213_classic.mp3,piano_data,-417.51416015625,148.09579467773438,59.55220413208008,7.070178031921387,-3.5629541873931885,-2.349287986755371,-3.230260133743286,-7.36659049987793,-12.500532150268555,-13.758262634277344,-10.436055183410645,-6.52870512008667,-3.8635241985321045,0.5194577574729919,0.21268761157989502,0.07092598080635071,0.0741197019815445,0.26827505230903625,0.3605961203575134,0.18566906452178955,0.30753594636917114,0.1524350345134735,0.2292466014623642,0.23923319578170776,0.29114097356796265,0.13952957544563943,0.31363947566306294,-0.0035387221166948363,0.2738509744869966,0.023981495645305766,0.021384010360656958,732.4707237327596,1268.112198677717,1020.4604960816564,0.03094198976876935,123.046875
pia_214_classic.mp3,../Data/raw/piano_data\pia_214_classic.mp3,piano_data,-390.41766357421875,148.90505981445312,35.106422424316406,-6.171037197113037,-2.0935072898864746,-3.1307458877563477,-8.316548347473145,-10.942502975463867,-13.918917655944824,-13.582741737365723,-8.602836608886719,-4.403550148010254,-2.5733752250671387,0.3880312144756317,0.13102707266807556,0.12774570286273956,0.06749289482831955,0.15798309445381165,0.18903987109661102,0.1660834550857544,0.4428054392337799,0.16624704003334045,0.2693464457988739,0.15390130877494812,0.3155060410499573,0.18481358865535646,0.25181157265492554,0.09383711635478222,0.15743162783728498,0.019311642073258167,0.014329804443772654,502.5947876701099,805.6744666199203,625.8378823106134,0.02705841536861455,95.703125
pia_215_classic.mp3,../Data/raw/piano_data\pia_215_classic.mp3,piano_data,-387.8808898925781,158.58084106445312,60.06340026855469,6.4630537033081055,1.3983577489852905,3.0262651443481445,-2.1124024391174316,-7.270965099334717,-11.615226745605469,-15.733357429504395,-16.26258087158203,-11.496496200561523,-5.140625,0.3002380132675171,0.18336351215839386,0.27413409948349,0.22960956394672394,0.4383656978607178,0.15619894862174988,0.07641399651765823,0.1939105987548828,0.13521221280097961,0.2356368750333786,0.11524402350187302,0.21064019203186035,0.42874647224480833,0.1465867582784504,-0.00912099498437283,0.182772057492433,0.03487685933870505,-0.0007119906114990267,540.6494385258635,921.1581136443243,656.6293627854102,0.03022203947368421,53.8330078125
pia_216_classic.mp3,../Data/raw/piano_data\pia_216_classic.mp3,piano_data,-414.6880187988281,160.80267333984375,63.699031829833984,7.402392864227295,-0.06984561681747437,0.48543280363082886,-5.1254963874816895,-6.962828636169434,-6.416683673858643,-12.21542739868164,-19.57965850830078,-16.701679229736328,-5.645977020263672,0.5405318737030029,0.16158811748027802,0.021479332819581032,0.17368654906749725,0.5302496552467346,0.10948076099157333,0.12336727231740952,0.4588613510131836,0.17445147037506104,0.17468257248401642,0.12866194546222687,0.20331153273582458,0.27476977211496173,0.32489247274109667,0.03692438767450907,0.41752929979774533,0.13283792764859834,0.11611079444370635,604.8981478437075,1062.7733791012365,699.2624383223684,0.03066345781733746,117.45383522727273
pia_217_classic.mp3,../Data/raw/piano_data\pia_217_classic.mp3,piano_data,-398.2532043457031,141.95375061035156,45.99391555786133,-1.314823865890503,-0.5801283717155457,2.0158755779266357,-4.3315839767456055,-7.734358310699463,-8.282364845275879,-11.354567527770996,-13.723177909851074,-9.934022903442383,-2.9917287826538086,0.5715860724449158,0.26496621966362,0.12594830989837646,0.05004829540848732,0.02669231966137886,0.013524176552891731,0.08546009659767151,0.4133903682231903,0.18171747028827667,0.1314597874879837,0.11229749768972397,0.15594063699245453,0.16441721153909677,0.44672045551728234,0.13148864493424198,0.26883453606871516,0.06073480196730875,0.10589343276297987,486.13106094727374,761.504355638965,643.3294432082043,0.026236424874226005,66.25600961538461
pia_218_classic.mp3,../Data/raw/piano_data\pia_218_classic.mp3,piano_data,-393.27728271484375,159.7205352783203,46.91630172729492,1.5260248184204102,-0.47991254925727844,-3.0100626945495605,-9.824552536010742,-11.063827514648438,-10.78557300567627,-11.4700345993042,-11.588091850280762,-8.400267601013184,-4.9563984870910645,0.7301017642021179,0.24540835618972778,0.10417667776346207,0.0663999691605568,0.10758055746555328,0.07879166305065155,0.11444059759378433,0.3421413004398346,0.12413398176431656,0.16932304203510284,0.1972365379333496,0.35176345705986023,0.1652912598541466,0.3834616834086551,0.19162741417372336,0.27913890792263796,0.05363844192131542,0.08255892857335596,880.5192146911091,1374.9918785644475,1680.0065078971556,0.0348837648751935,107.666015625
pia_219_classic.mp3,../Data/raw/piano_data\pia_219_classic.mp3,piano_data,-361.6266784667969,183.98175048828125,57.30469512939453,-3.534884452819824,-3.9830431938171387,-2.375494956970215,-10.09866714477539,-14.590439796447754,-15.111858367919922,-14.545720100402832,-13.014164924621582,-10.40591049194336,-7.39801549911499,0.3451906442642212,0.10577727854251862,0.08775504678487778,0.1340428590774536,0.3834705054759979,0.13770103454589844,0.1680976003408432,0.573074460029602,0.20440326631069183,0.19340096414089203,0.1806761920452118,0.4263579547405243,0.37500887749889805,0.16374982638014668,0.20179211474297673,0.22564225897536064,0.06498385294618893,0.0067340297091139575,645.3891756043457,1035.887705853502,858.2531435939919,0.035973705374419504,78.30255681818181
pia_220_classic.mp3,../Data/raw/piano_data\pia_220_classic.mp3,piano_data,-410.0761413574219,168.8979034423828,65.74832153320312,8.06778335571289,1.3908706903457642,1.3234292268753052,-4.612063407897949,-5.577682971954346,-5.231184959411621,-12.140663146972656,-19.04172706604004,-14.764175415039062,-3.9084389209747314,0.6677362322807312,0.3345428705215454,0.30729132890701294,0.1158500537276268,0.04660205543041229,0.024420207366347313,0.09615596383810043,0.3970634937286377,0.1494906097650528,0.06921441853046417,0.1449510157108307,0.2164810448884964,0.1998283477060278,0.527584432360409,0.2323105509887412,0.20640050496973797,0.06961554415708107,0.05901729845276628,587.4631724779875,1049.630571238548,742.1788454793924,0.027135512408088234,52.734375
pia_221_classic.mp3,../Data/raw/piano_data\pia_221_classic.mp3,piano_data,-419.9571533203125,123.12979125976562,44.484832763671875,7.287392616271973,5.762457847595215,1.6944308280944824,-7.087768077850342,-9.05567741394043,-9.003510475158691,-12.338129043579102,-13.156830787658691,-7.151510715484619,-0.5298466086387634,0.8046384453773499,0.3346582055091858,0.07111522555351257,0.06292734295129776,0.08491865545511246,0.08836710453033447,0.1345546692609787,0.5170982480049133,0.22563426196575165,0.10828457772731781,0.10490506142377853,0.21675384044647217,0.08183730414219577,0.47153583594322596,0.1565948034778681,0.355123003564873,0.0651076890076491,0.12165050645297229,935.9436213948254,1418.2403210474838,1788.9475158124517,0.04104510327979876,61.5234375
pia_222_classic.mp3,../Data/raw/piano_data\pia_222_classic.mp3,piano_data,-418.9929504394531,142.6867218017578,48.026851654052734,2.9718434810638428,-1.9142563343048096,-4.551534652709961,-9.839153289794922,-13.97508716583252,-16.918682098388672,-14.486720085144043,-6.852911472320557,-1.094184398651123,0.3243979811668396,0.38478732109069824,0.08971233665943146,0.04540844261646271,0.12842914462089539,0.43414855003356934,0.3976902365684509,0.16550949215888977,0.33588144183158875,0.10082491487264633,0.11735177785158157,0.07150516659021378,0.2705100476741791,0.19987535086875366,0.2388294464738273,0.061161063222254924,0.2924680352768206,0.03376397301956809,-0.022728420851136546,891.1573790246845,1472.1210120092521,1247.2007916807759,0.037460090944272446,86.1328125
pia_223_classic.mp3,../Data/raw/piano_data\pia_223_classic.mp3,piano_data,-361.7921447753906,143.95387268066406,82.46195983886719,63.437068939208984,-8.388181686401367,8.968496322631836,4.9290361404418945,11.215681076049805,-2.2498114109039307,5.0719804763793945,-1.5905383825302124,-0.6869223117828369,-2.2297677993774414,0.41458195447921753,0.295440137386322,0.23288951814174652,0.16321918368339539,0.20499779284000397,0.250283420085907,0.16954223811626434,0.19406302273273468,0.29774948954582214,0.6370438933372498,0.5190223455429077,0.3186047673225403,0.16870850873940274,0.2889656597653322,-0.17183802816829424,0.045429095399534145,0.039509839058068194,0.07251723794841093,679.8542597392212,1485.6674286330883,896.7779106399961,0.018609108939628482,112.34714673913044
pia_224_classic.mp3,../Data/raw/piano_data\pia_224_classic.mp3,piano_data,-352.042724609375,114.97559356689453,45.210567474365234,29.174100875854492,-15.47763729095459,4.966555118560791,-0.3288648724555969,11.090763092041016,-3.1849732398986816,1.3176281452178955,-2.3089599609375,0.6169512867927551,-8.435340881347656,0.43610286712646484,0.4096342921257019,0.34745416045188904,0.3794301450252533,0.23160907626152039,0.17815661430358887,0.22804749011993408,0.39642101526260376,0.6352114081382751,0.40453845262527466,0.21982695162296295,0.22672106325626373,-0.2307320816839333,0.005236888300676986,0.10677486912696238,0.3031630194760374,-0.05009454736136223,-0.008391798298010171,1576.7087724966623,2290.177442618206,3529.5369907060276,0.041966110560178016,117.45383522727273
pia_225_classic.mp3,../Data/raw/piano_data\pia_225_classic.mp3,piano_data,-297.9859619140625,132.64071655273438,72.15996551513672,8.382246017456055,-6.8697829246521,8.633040428161621,-5.791787624359131,-1.1343744993209839,-10.91470718383789,-1.6035664081573486,-10.121724128723145,-7.220338821411133,-8.756762504577637,0.06800073385238647,0.18626056611537933,0.5030418634414673,0.3699566721916199,0.2297758013010025,0.41167446970939636,0.3490418493747711,0.35656359791755676,0.17802546918392181,0.2592383325099945,0.43579399585723877,0.18258734047412872,-0.04102213447206525,0.27928451565627865,-0.018202119989136102,-0.2882518245501231,-0.028846551575194914,-0.03565935193144371,1264.3113407013666,2285.3452452325632,2452.693502231279,0.030132470854295667,135.99917763157896
pia_226_classic.mp3,../Data/raw/piano_data\pia_226_classic.mp3,piano_data,-271.5782165527344,114.7626953125,72.21452331542969,32.521636962890625,1.6557319164276123,9.648870468139648,0.08702749013900757,4.140196800231934,-6.826147556304932,1.2115143537521362,-5.565112590789795,-1.668391227722168,-6.9261064529418945,0.46951866149902344,0.3031494617462158,0.3654613196849823,0.25129204988479614,0.39923903346061707,0.34238409996032715,0.1858411729335785,0.2934163212776184,0.23264139890670776,0.24291810393333435,0.27197664976119995,0.40760084986686707,0.13752556451880427,0.15312307971687808,-0.07134706158934875,0.08673118690717901,-0.026100568128258787,0.02786128548598896,1382.7328870611675,2457.4357380237257,3305.2966799898413,0.03002702931501548,117.45383522727273
pia_227_classic.mp3,../Data/raw/piano_data\pia_227_classic.mp3,piano_data,-383.9363098144531,169.46734619140625,99.83719635009766,31.170516967773438,-10.289515495300293,-7.479188919067383,3.374504804611206,-1.7508870363235474,-9.931051254272461,-4.455212116241455,-0.41330868005752563,-6.920691967010498,2.470442771911621,0.3478148281574249,0.2660464346408844,0.2069367915391922,0.34722980856895447,0.26902467012405396,0.2743985056877136,0.18288716673851013,0.20063260197639465,0.5473804473876953,0.28191712498664856,0.13636329770088196,0.13784942030906677,-0.3552146016471078,0.07604270213189653,-0.024024608126919544,0.27573872160962304,-0.06972262631550255,0.020320339814522637,703.047535039329,1428.9320960792516,909.2778350546633,0.0302847752999226,172.265625
pia_228_classic.mp3,../Data/raw/piano_data\pia_228_classic.mp3,piano_data,-285.7421569824219,99.36212921142578,63.08180236816406,31.217174530029297,0.5440098643302917,10.418352127075195,1.036939263343811,6.775054931640625,-5.42081356048584,2.64741587638855,-3.6031017303466797,0.10533399879932404,-6.077475547790527,0.40816330909729004,0.2822006046772003,0.3163738548755646,0.3249261677265167,0.49098140001296997,0.2493298351764679,0.2437138557434082,0.34759536385536194,0.22529327869415283,0.23214365541934967,0.3266221582889557,0.506026566028595,0.15224673274442513,-0.04231974307731604,0.15730143282360654,0.03160204163438195,0.023938194679807373,-0.030790060477283644,1850.987308772502,2752.0786054401924,5013.61968332769,0.045947190039667185,143.5546875
pia_229_classic.mp3,../Data/raw/piano_data\pia_229_classic.mp3,piano_data,-381.2979736328125,171.646240234375,63.7492561340332,67.02887725830078,14.697014808654785,-24.629087448120117,0.822412371635437,7.622452735900879,-6.624842643737793,-6.622284889221191,5.079004287719727,-1.6335704326629639,-9.044669151306152,0.30625447630882263,0.2242361307144165,0.19867181777954102,0.44759657979011536,0.4555978775024414,0.21795229613780975,0.23879508674144745,0.1624784916639328,0.16444182395935059,0.13977792859077454,0.36692291498184204,0.6067688465118408,-0.19334882452155006,0.17473360066449967,0.05628057222578371,-0.16585317962578047,0.020700538903615798,-0.02045217860065147,557.530387725585,1091.634094856163,784.3619237374226,0.024752306864357584,107.666015625
pia_230_classic.mp3,../Data/raw/piano_data\pia_230_classic.mp3,piano_data,-336.8519592285156,138.12649536132812,62.20060348510742,45.217872619628906,-8.206157684326172,8.333976745605469,0.2004590779542923,12.313094139099121,-2.4137375354766846,0.44496527314186096,-4.084338188171387,0.21876037120819092,-9.398731231689453,0.3796723484992981,0.27170419692993164,0.34051835536956787,0.23698030412197113,0.2228759229183197,0.15522290766239166,0.2357507050037384,0.5213912129402161,0.3653208613395691,0.3487608730792999,0.25329333543777466,0.32992851734161377,0.3546918903343276,0.24929621740723065,0.15288562450129767,0.10764236840017241,0.050133431994568496,0.020004892208535654,923.409038481328,1788.122909346973,1500.8492579032024,0.022195255055147058,151.99908088235293
pia_231_classic.mp3,../Data/raw/piano_data\pia_231_classic.mp3,piano_data,-298.0941467285156,148.1800994873047,69.88681030273438,17.596845626831055,-6.119417667388916,9.76672077178955,1.1704723834991455,-6.604649543762207,-3.366123676300049,-0.0677197128534317,-4.936962604522705,-2.8758630752563477,-5.922301769256592,0.3440137505531311,0.22145108878612518,0.31057438254356384,0.19101496040821075,0.37855851650238037,0.42306891083717346,0.2035139799118042,0.23606742918491364,0.13986322283744812,0.17568010091781616,0.1290811151266098,0.2570079267024994,0.17469796916234392,0.2928961662153513,-0.11012495242869459,0.12503397321557738,-0.05417916512619158,-0.012922048024763282,954.4919675671744,1884.2020600085589,1160.7179812971654,0.028854700803018576,129.19921875
pia_232_classic.mp3,../Data/raw/piano_data\pia_232_classic.mp3,piano_data,-317.4391784667969,111.92869567871094,79.39012908935547,58.54452896118164,-36.76909255981445,17.794458389282227,2.759284734725952,-12.693894386291504,-10.231417655944824,-5.200380325317383,-20.648622512817383,-10.010822296142578,-10.261398315429688,0.14801324903964996,0.35099467635154724,0.18972989916801453,0.17125234007835388,0.09943382441997528,0.26419538259506226,0.7883450388908386,0.3523585796356201,0.16427850723266602,0.10988431423902512,0.27259352803230286,0.18631838262081146,-0.18334114272706398,-0.4844906026846627,-0.03143538328481629,-0.41098154510332463,0.04629795421848099,0.1202892768830198,1652.6451985626827,2135.2770391404965,3666.2111642559985,0.06451623875290248,123.046875
pia_233_classic.mp3,../Data/raw/piano_data\pia_233_classic.mp3,piano_data,-283.39581298828125,145.64810180664062,65.90008544921875,-2.466709852218628,-5.171444892883301,6.43803071975708,-8.275697708129883,-3.6346216201782227,-10.79501724243164,-0.8920714855194092,-12.031363487243652,-1.5372412204742432,-7.687572002410889,0.27698686718940735,0.10337358713150024,0.06291868537664413,0.17671366035938263,0.4152844250202179,0.2942105233669281,0.1588001698255539,0.4236575961112976,0.42260855436325073,0.40093374252319336,0.20456421375274658,0.28061643242836,0.22587552382383788,0.05353422348974026,0.05800304257371467,0.30147266349807117,0.03291719685011479,-0.02588787449164459,1152.1191329885671,2107.4781847899935,1966.6714411401897,0.031080310927825077,151.99908088235293
pia_234_classic.mp3,../Data/raw/piano_data\pia_234_classic.mp3,piano_data,-329.7269287109375,141.97573852539062,67.5035400390625,43.28134536743164,-6.696445465087891,9.351181983947754,2.5968613624572754,11.708061218261719,-2.4756715297698975,0.41202834248542786,-3.0693719387054443,-0.9908185601234436,-9.586915969848633,0.3978697955608368,0.2729438543319702,0.2190103679895401,0.31132426857948303,0.23249010741710663,0.2887284457683563,0.17059049010276794,0.30735257267951965,0.6307303309440613,0.37256693840026855,0.30858632922172546,0.2653297781944275,-0.2091631068525501,0.11623571661948007,0.01331827349978053,0.20133824605168915,-0.039229009105949,-0.028291596592967632,892.046311779563,1765.3927705717088,1384.099963870211,0.021859278250773995,99.38401442307692
pia_235_classic.mp3,../Data/raw/piano_data\pia_235_classic.mp3,piano_data,-283.8907775878906,146.01959228515625,77.7378921508789,8.477107048034668,-7.668731212615967,8.195845603942871,-6.326850414276123,-1.766602873802185,-11.734488487243652,-1.390960931777954,-10.043076515197754,-6.567234516143799,-8.440132141113281,0.07356059551239014,0.13414426147937775,0.3535023629665375,0.3149798512458801,0.19955359399318695,0.29576417803764343,0.32306763529777527,0.5042030215263367,0.25286588072776794,0.3111168444156647,0.34961339831352234,0.14157643914222717,0.00029688317660898775,0.27476894026516785,0.061482350477493196,-0.18043259642484846,0.006507524847925398,0.018640677455809846,1020.0495657017245,2003.0300450851757,1328.5419664884869,0.02825644289376935,135.99917763157896
pia_236_classic.mp3,../Data/raw/piano_data\pia_236_classic.mp3,piano_data,-296.0087585449219,162.59669494628906,63.678932189941406,23.50762367248535,-2.620265483856201,5.710293292999268,-9.90740966796875,12.282792091369629,-6.357304096221924,-8.016938209533691,-1.8661118745803833,-1.1395848989486694,-12.401824951171875,0.4990813434123993,0.2774430811405182,0.35896211862564087,0.27098068594932556,0.45340201258659363,0.2678840756416321,0.18017110228538513,0.29972508549690247,0.18268758058547974,0.16067086160182953,0.12252195924520493,0.275271475315094,0.10697568549043757,0.1530387366850167,0.01794665148726793,0.10727068931714916,0.009518106428515563,-0.008599602438916002,860.1027383198324,1640.2633103715243,1239.3175060165925,0.030187648147252322,99.38401442307692
pia_237_classic.mp3,../Data/raw/piano_data\pia_237_classic.mp3,piano_data,-317.6509704589844,139.895751953125,84.65039825439453,20.667884826660156,-6.540741920471191,7.090773582458496,-3.6925082206726074,-0.12298721075057983,-8.769461631774902,-3.7256717681884766,-4.7891716957092285,-7.268886566162109,-5.828629016876221,0.42113932967185974,0.27265664935112,0.2023382931947708,0.34207797050476074,0.4072633683681488,0.4372195303440094,0.2664948105812073,0.3891146779060364,0.3597550690174103,0.12311674654483795,0.0752093642950058,0.24325129389762878,-0.12571885304536123,0.10805273322035203,-0.07791257349935722,0.23740141145342922,-0.010851598333977534,0.01621463216679753,1069.5071668959192,2003.1288316090925,1791.1975022070917,0.028644573577786377,123.046875
pia_238_classic.mp3,../Data/raw/piano_data\pia_238_classic.mp3,piano_data,-307.6271667480469,154.69412231445312,61.64017868041992,19.600297927856445,-3.9430510997772217,7.2729811668396,-7.389210224151611,11.97959041595459,-5.738687992095947,-3.153801441192627,-1.5084569454193115,0.08429833501577377,-9.910194396972656,0.4983992576599121,0.2747880816459656,0.3411383330821991,0.2468390017747879,0.4231850802898407,0.3120940923690796,0.18588851392269135,0.28066372871398926,0.16564378142356873,0.12498758733272552,0.1256275326013565,0.3196195960044861,0.07405823431544158,0.13340272075491952,0.015545546722341683,0.10256235781644725,-0.005343416278874605,-0.0017134864526604488,928.7273810146277,1781.9055646926543,1243.7091461276123,0.03039210647252322,143.5546875
pia_239_classic.mp3,../Data/raw/piano_data\pia_239_classic.mp3,piano_data,-368.0578918457031,183.94189453125,88.48207092285156,10.164985656738281,-18.7076416015625,3.834242582321167,4.798129081726074,-6.3370184898376465,-9.453476905822754,1.1337870359420776,-9.930473327636719,-3.725180149078369,-5.448419570922852,0.16341859102249146,0.0444684699177742,0.17519335448741913,0.4452610909938812,0.2457570880651474,0.1904515027999878,0.3965417742729187,0.2124350368976593,0.24744975566864014,0.1581692099571228,0.25773730874061584,0.46700751781463623,-0.1035161912442088,-0.3283745161144265,0.31997663117065767,-0.01230502631277388,-0.056835098430372245,0.03536004229834743,741.0899542141746,1363.847788472855,1168.759599337268,0.033356941152283284,198.76802884615384
pia_240_classic.mp3,../Data/raw/piano_data\pia_240_classic.mp3,piano_data,-317.1062927246094,144.1295928955078,56.72270584106445,11.610352516174316,-12.599437713623047,11.851045608520508,2.2613964080810547,-0.9003840088844299,-12.060504913330078,-4.293100357055664,-13.458151817321777,-11.025367736816406,-11.564437866210938,0.40627357363700867,0.30865904688835144,0.48444387316703796,0.23342011868953705,0.21057327091693878,0.25754618644714355,0.1797274947166443,0.4246239960193634,0.21571475267410278,0.14641346037387848,0.08451828360557556,0.15422631800174713,0.2719720743981355,0.38175690722279465,0.046577346505058036,0.04910047828607641,-0.014348818438803502,-0.00784802506344413,1068.4813095608488,1942.933714249336,1654.3399964323723,0.02965401569756192,107.666015625
pia_241_classic.mp3,../Data/raw/piano_data\pia_241_classic.mp3,piano_data,-300.1456604003906,138.1076202392578,66.62857055664062,7.313127517700195,-5.745728015899658,4.667905807495117,2.4691977500915527,-0.2823784053325653,-10.611246109008789,-4.974769592285156,-7.186838626861572,-4.631017208099365,-12.945878028869629,0.31993746757507324,0.18804600834846497,0.37315306067466736,0.6436004042625427,0.3423454761505127,0.23422172665596008,0.20770393311977386,0.4337517321109772,0.26025038957595825,0.1473325490951538,0.1451493203639984,0.18440043926239014,-0.16539009028068358,0.08504325965236569,0.2147685767867928,0.11409020392100207,0.020870078794030376,0.06708921723254459,1288.7479029972585,2273.577179174198,2353.7107674330014,0.03621557843943499,129.19921875
pia_242_classic.mp3,../Data/raw/piano_data\pia_242_classic.mp3,piano_data,-306.472900390625,157.9889678955078,77.8513412475586,4.034128189086914,-6.438004016876221,7.356758117675781,-7.25840950012207,-3.6555426120758057,-13.330480575561523,-3.190619468688965,-12.991313934326172,-5.265419006347656,-8.281346321105957,0.13879609107971191,0.10215075314044952,0.13085292279720306,0.27723169326782227,0.27331605553627014,0.20163485407829285,0.4314272999763489,0.2819736897945404,0.3661009669303894,0.2153012752532959,0.3238790035247803,0.38953110575675964,-0.11949022549034208,-0.32027025033351175,0.1590438681063903,-0.04591946359709392,-0.0013029920234069814,0.01993852459539763,924.6784863663335,1827.7219174321901,1172.6345759058147,0.028802168996710526,135.99917763157896
pia_243_classic.mp3,../Data/raw/piano_data\pia_243_classic.mp3,piano_data,-332.1552734375,188.4793243408203,13.097847938537598,1.1295050382614136,19.11625099182129,-3.500535249710083,-14.916953086853027,-10.563089370727539,-11.324460983276367,-14.564367294311523,-12.857861518859863,-11.728469848632812,-11.227249145507812,0.25163742899894714,0.5324849486351013,0.32067012786865234,0.5271946787834167,0.22666354477405548,0.26744598150253296,0.3393593430519104,0.13260780274868011,0.08405817300081253,0.0460568331182003,0.21018724143505096,0.3310450315475464,-0.30440230730162504,-0.3295450211267603,0.15594938988188256,-0.1721476380658861,0.0009605128921913853,0.09814237044327105,656.0390445152431,953.7892839930593,1057.6269380079334,0.036059494727167185,117.45383522727273
pia_244_classic.mp3,../Data/raw/piano_data\pia_244_classic.mp3,piano_data,-370.3547668457031,214.4214324951172,66.49784851074219,7.300309658050537,18.319469451904297,13.23554515838623,-10.118864059448242,-14.926039695739746,-8.499470710754395,-10.8668794631958,-12.806361198425293,-6.627926826477051,-4.951931953430176,0.308520644903183,0.26093411445617676,0.19704128801822662,0.3605300486087799,0.17891640961170197,0.29108524322509766,0.29216328263282776,0.22844015061855316,0.41278889775276184,0.25177615880966187,0.4105430543422699,0.6225551962852478,-0.2295701080180139,-0.30233291200790885,0.2668053629193973,0.06391270802069407,-0.15844499676985063,-0.03654402950513698,375.03047329114406,469.2559497949942,530.1717941236939,0.026836572416795667,107.666015625
pia_245_classic.mp3,../Data/raw/piano_data\pia_245_classic.mp3,piano_data,-305.4485168457031,219.01443481445312,-14.550969123840332,-1.3848284482955933,17.551441192626953,-26.159503936767578,-21.962669372558594,-5.935471057891846,-11.310921669006348,-9.82416820526123,-7.362591743469238,-13.214353561401367,-14.332354545593262,0.09883773326873779,0.17511530220508575,0.28253185749053955,0.12624840438365936,0.21043133735656738,0.1353408545255661,0.40227341651916504,0.4696124196052551,0.3028969466686249,0.7017824649810791,0.2155669629573822,0.2741602659225464,0.24425982831953535,0.05694807068743057,0.04864258831979603,-0.0636994106674874,0.03923121875386386,-0.008478538011292178,730.7834659891047,732.5214906340943,1279.7505948565693,0.05024723962364551,63.02400914634146
pia_246_classic.mp3,../Data/raw/piano_data\pia_246_classic.mp3,piano_data,-366.15185546875,190.31350708007812,49.435211181640625,8.845795631408691,22.078046798706055,11.703962326049805,-8.685362815856934,-9.900825500488281,-1.7342820167541504,-2.9782347679138184,-9.863173484802246,-8.265918731689453,-2.6966147422790527,0.23675750195980072,0.11566665023565292,0.061772603541612625,0.17494213581085205,0.36559709906578064,0.31987065076828003,0.5269551277160645,0.3960573673248291,0.5849259495735168,0.3941877782344818,0.38769790530204773,0.42627856135368347,-0.07251813460899834,-0.42192531142919176,0.17221277253738304,0.1662397698195429,-0.08827569350749177,-0.0654813448560872,462.9298846097957,878.382326103717,627.1128746009094,0.022863051470588234,151.99908088235293
pia_247_classic.mp3,../Data/raw/piano_data\pia_247_classic.mp3,piano_data,-325.8355407714844,207.185546875,20.276784896850586,9.799571990966797,23.233600616455078,-0.8604112863540649,-24.26951026916504,-18.637800216674805,-12.01075553894043,-17.679901123046875,-15.65020751953125,-6.663110256195068,-8.576395988464355,0.2656484842300415,0.18315058946609497,0.3656579256057739,0.177869513630867,0.24672117829322815,0.6155246496200562,0.271477609872818,0.2268630415201187,0.14814519882202148,0.321939080953598,0.1287655234336853,0.17452749609947205,0.20611201047179029,0.3401030838321808,-0.2609375538711722,-0.07967806336269581,-0.15737939843134705,-0.025691341563710442,576.0800535038686,860.4940718989632,797.5285107875387,0.0338675200754644,73.828125
pia_248_classic.mp3,../Data/raw/piano_data\pia_248_classic.mp3,piano_data,-284.9393005371094,183.52474975585938,-14.31766128540039,3.1711761951446533,8.44832706451416,-11.946310997009277,-18.209625244140625,-15.996512413024902,-18.032398223876953,-12.13604736328125,-12.631319046020508,-17.926504135131836,-14.560564994812012,0.26819393038749695,0.22906938195228577,0.053134746849536896,0.04079251363873482,0.2563425898551941,0.8195555806159973,0.17211268842220306,0.09636419266462326,0.2849639058113098,0.09109659492969513,0.12342806160449982,0.09068890661001205,-0.14393206476037346,0.19057379138098407,-0.23358013260793867,0.25363671991775155,-0.029313468767904232,-0.08333318396830057,856.7141279377072,1067.4341170885768,1437.9663048144835,0.04320193075174149,112.34714673913044
pia_249_classic.mp3,../Data/raw/piano_data\pia_249_classic.mp3,piano_data,-342.0408630371094,183.55226135253906,21.848405838012695,6.773367881774902,19.110748291015625,-2.6225316524505615,-14.299344062805176,-12.051440238952637,-13.70978832244873,-15.824254989624023,-12.394994735717773,-10.934977531433105,-10.578207015991211,0.27543413639068604,0.2970579266548157,0.1614544689655304,0.3524719476699829,0.5736964344978333,0.26772817969322205,0.13818159699440002,0.07314794510602951,0.13889747858047485,0.1189536303281784,0.35748204588890076,0.6009981632232666,0.08015607039498085,-0.33604898641516856,0.09406624711244777,0.16596371166036109,0.10402412883287047,-0.11055599831134055,654.2980978341956,999.5698264310208,996.0439770583398,0.03252361285797214,80.74951171875
pia_250_classic.mp3,../Data/raw/piano_data\pia_250_classic.mp3,piano_data,-320.20281982421875,201.86329650878906,11.537877082824707,7.907485008239746,22.917219161987305,-4.8790693283081055,-18.43132972717285,-10.700373649597168,-3.0913584232330322,0.5337521433830261,-2.032716751098633,-8.596153259277344,-12.825937271118164,0.1815365105867386,0.382239431142807,0.14007431268692017,0.27629542350769043,0.6426098942756653,0.22250644862651825,0.15061943233013153,0.14601054787635803,0.44629520177841187,0.16297738254070282,0.08534224331378937,0.12545758485794067,0.09192039527538118,-0.4326629267465222,-0.19878201791151626,0.2454558382399708,0.10357731828424556,-0.060580881864020615,644.8234034583509,930.7073806335302,1038.827051688274,0.037849355408281736,107.666015625
pia_251_classic.mp3,../Data/raw/piano_data\pia_251_classic.mp3,piano_data,-339.1114501953125,222.02496337890625,34.270835876464844,4.235448837280273,30.00956916809082,0.9567147493362427,-22.405662536621094,-10.434531211853027,-7.358399868011475,-14.698254585266113,-10.52447509765625,-4.8852219581604,-7.204465866088867,0.14745952188968658,0.22658812999725342,0.4309810400009155,0.22254976630210876,0.21072658896446228,0.16428855061531067,0.5105206966400146,0.329950749874115,0.20262783765792847,0.3111901581287384,0.23041796684265137,0.3307836651802063,0.4400569640274699,-0.12390096204011186,-0.06356280811070453,-0.24304055972724029,-0.057516733080381376,0.050823739422924945,465.16582985746777,609.2560567253089,666.6126357512577,0.029296875,135.99917763157896
pia_252_classic.mp3,../Data/raw/piano_data\pia_252_classic.mp3,piano_data,-359.43060302734375,192.2510223388672,40.575565338134766,15.192777633666992,21.099262237548828,7.796571254730225,-10.446775436401367,-16.071533203125,-13.305397987365723,-13.825065612792969,-14.487098693847656,-9.172725677490234,-6.335761070251465,0.29752039909362793,0.1632361114025116,0.2725176215171814,0.5114553570747375,0.27788451313972473,0.1816214621067047,0.12639905512332916,0.3068165183067322,0.1323193609714508,0.16666465997695923,0.2882540822029114,0.17082293331623077,-0.17307126804139716,0.37500443225910046,0.2780681020405789,0.04966866455293882,0.06200018741073053,0.13990182260876013,523.3984973377248,898.657690587391,655.4377033245453,0.030666481230650154,151.99908088235293
pia_253_classic.mp3,../Data/raw/piano_data\pia_253_classic.mp3,piano_data,-313.27081298828125,197.30979919433594,13.997139930725098,7.957638740539551,16.189701080322266,-10.812552452087402,-13.927634239196777,-8.473612785339355,-15.764840126037598,-15.392428398132324,-5.386910915374756,-5.397108554840088,-8.553755760192871,0.5238934755325317,0.19718968868255615,0.28941071033477783,0.11823355406522751,0.2834793031215668,0.431759238243103,0.19018958508968353,0.14567023515701294,0.04645182937383652,0.060518719255924225,0.08922382444143295,0.3683205842971802,0.029223242159655168,0.20331736060810038,-0.11400519080976193,0.019581308931143505,-0.11325245167263114,0.008789538495669965,621.9562114268238,881.0126494763505,922.8777528178213,0.03534710296536378,86.1328125
pia_254_classic.mp3,../Data/raw/piano_data\pia_254_classic.mp3,piano_data,-304.4076843261719,214.50352478027344,31.90473747253418,14.163838386535645,25.08057975769043,4.7145094871521,-16.92623519897461,-13.122218132019043,-8.554312705993652,-13.302830696105957,-12.110544204711914,-3.4124374389648438,-4.512186050415039,0.29876384139060974,0.4817817211151123,0.20440971851348877,0.24586163461208344,0.19450488686561584,0.5071890950202942,0.3101062476634979,0.21278469264507294,0.3572940528392792,0.26573312282562256,0.30309417843818665,0.1470557153224945,-0.4411907966114262,-0.12448599067156912,-0.23082236730783387,0.07929794013322881,-0.015481949006886389,-0.07089674747988706,498.61924414128964,805.6009392181688,658.8293494823916,0.028650620404411766,135.99917763157896
pia_255_classic.mp3,../Data/raw/piano_data\pia_255_classic.mp3,piano_data,-390.26348876953125,168.55722045898438,60.81427001953125,20.50358009338379,18.598859786987305,9.234183311462402,-1.4611012935638428,-4.827053070068359,-4.806277275085449,-4.701637268066406,-5.678666114807129,-6.533466339111328,-7.906566143035889,0.32708048820495605,0.15873995423316956,0.13268542289733887,0.07266435027122498,0.21525108814239502,0.3689057230949402,0.2832337021827698,0.4878140389919281,0.3201514482498169,0.47696277499198914,0.2614705562591553,0.28380286693573,0.201927333623957,0.1407993815677163,-0.07587028078964823,0.17356596281878123,-0.03376231395356323,0.048815570377485955,459.3136088192449,955.0775047296441,549.5883433811435,0.021776134384674923,234.90767045454547
pia_256_classic.mp3,../Data/raw/piano_data\pia_256_classic.mp3,piano_data,-282.9371032714844,201.02182006835938,-1.331173300743103,1.844678521156311,11.431660652160645,-12.599193572998047,-17.982463836669922,-9.027113914489746,-10.92440414428711,-10.859702110290527,-8.87305736541748,-12.840620994567871,-17.10722541809082,0.3173425495624542,0.8235452175140381,0.20881609618663788,0.1567785143852234,0.3347741663455963,0.12804336845874786,0.18548594415187836,0.12856507301330566,0.30875861644744873,0.25143441557884216,0.06807024031877518,0.06207142397761345,-0.02786564806985233,-0.44811895411687397,-0.34757436226026933,0.13466137201790532,0.11799504309739213,-0.009204611103821704,712.7664985258155,967.3569721683023,1147.701393340025,0.03522352094620743,89.10290948275862
pia_257_classic.mp3,../Data/raw/piano_data\pia_257_classic.mp3,piano_data,-288.26934814453125,196.97921752929688,0.8107506036758423,4.284120559692383,11.959135055541992,-12.52680492401123,-16.696548461914062,-8.883018493652344,-12.62077522277832,-13.56592082977295,-10.244683265686035,-11.716957092285156,-15.992812156677246,0.3258020579814911,0.8239014744758606,0.20115888118743896,0.14219769835472107,0.31262895464897156,0.12240909785032272,0.16869407892227173,0.13441936671733856,0.32264038920402527,0.2392120659351349,0.0628439411520958,0.0587332509458065,-0.03833643519360006,-0.453357533312135,-0.35247004782311026,0.14585512990042587,0.11973409687958628,-0.020730474147255085,709.736026260303,988.5949505661666,1129.3348377334075,0.03412639984036378,89.10290948275862
pia_258_classic.mp3,../Data/raw/piano_data\pia_258_classic.mp3,piano_data,-351.9860534667969,174.43739318847656,-1.3752834796905518,-8.186443328857422,8.81382942199707,-7.5415425300598145,-17.552886962890625,-23.743350982666016,-20.510250091552734,-15.29715633392334,-17.113405227661133,-16.811861038208008,-16.89783477783203,0.1246701031923294,0.07583622634410858,0.032608743757009506,0.16941921412944794,0.3890836834907532,0.22094008326530457,0.5447924733161926,0.2612276077270508,0.4827212989330292,0.16385164856910706,0.2771684229373932,0.4249500334262848,-0.03841292469481816,-0.447244771842562,0.182512844290985,0.1548608812083989,-0.07990825519587683,-0.0563972653474568,775.4557198228841,865.0593996193385,1330.733619902525,0.04670077580785604,151.99908088235293
pia_259_classic.mp3,../Data/raw/piano_data\pia_259_classic.mp3,piano_data,-338.1087341308594,187.53262329101562,43.108619689941406,15.899003028869629,17.560951232910156,7.272360324859619,-7.985127925872803,-9.288819313049316,-5.160175323486328,-4.710479259490967,-11.263394355773926,-13.35438346862793,-11.459192276000977,0.1323995739221573,0.17088598012924194,0.366009384393692,0.25251415371894836,0.09540032595396042,0.0837053656578064,0.32901719212532043,0.8313563466072083,0.2883860170841217,0.13314522802829742,0.29128897190093994,0.1485728621482849,0.10971378136178589,0.23566730174046155,0.2546783917429986,-0.22825128019819094,0.07725567544100825,0.015235790195237065,498.58029888104574,989.0034759148494,621.5129084631385,0.02040312681404799,112.34714673913044
pia_260_classic.mp3,../Data/raw/piano_data\pia_260_classic.mp3,piano_data,-403.1285400390625,161.93641662597656,38.817230224609375,10.128655433654785,15.668265342712402,7.588089942932129,-5.520262241363525,-11.669071197509766,-11.580822944641113,-11.411199569702148,-13.551142692565918,-11.87249755859375,-5.997802734375,0.5041970610618591,0.23058168590068817,0.17885510623455048,0.07417099922895432,0.059965286403894424,0.15073232352733612,0.07904721796512604,0.13048213720321655,0.1342214047908783,0.39353787899017334,0.35121089220046997,0.19613879919052124,0.15232736512340092,0.3477189030322848,-0.19397155628013413,0.08151875119353538,0.0057728738171107935,0.11569807526093967,678.6118301731309,1176.6551548346044,890.5779481303213,0.032297990639512386,123.046875
pia_261_classic.mp3,../Data/raw/piano_data\pia_261_classic.mp3,piano_data,-306.1403503417969,199.25328063964844,-7.615952968597412,1.6227116584777832,17.937955856323242,-10.698302268981934,-24.2071590423584,-10.29395866394043,-8.539559364318848,-14.896224021911621,-10.778748512268066,-3.5541765689849854,-6.748092174530029,0.25316348671913147,0.4792305529117584,0.16858145594596863,0.2085307240486145,0.25735703110694885,0.23595574498176575,0.6622766256332397,0.15982986986637115,0.07015186548233032,0.07124151289463043,0.31241002678871155,0.4063418507575989,-0.04475450002709438,-0.4353101926035254,-0.07506549789428991,-0.07583282452405377,0.11129019597954481,-0.030595986013792324,800.3131964729911,1029.7805788075145,1385.6499544976296,0.048463803695820436,135.99917763157896
pia_262_classic.mp3,../Data/raw/piano_data\pia_262_classic.mp3,piano_data,-380.85784912109375,187.5406951904297,16.451976776123047,-12.593103408813477,17.391050338745117,-2.467642307281494,-29.341947555541992,-19.873680114746094,-7.1730828285217285,-10.36563777923584,-7.9162116050720215,1.3123061656951904,-0.9498001933097839,0.06727585196495056,0.13519050180912018,0.13531269133090973,0.41012921929359436,0.28648287057876587,0.2207154482603073,0.5859245657920837,0.15548981726169586,0.18239575624465942,0.04701681435108185,0.08360287547111511,0.1813260316848755,-0.10800921186943305,-0.36225934301634694,0.17314784738722444,-0.08339137169561314,0.0033286925974427657,0.08845028595217855,691.3395652404173,664.1192659651614,1147.6347270764802,0.049841724313080496,51.6796875
pia_263_classic.mp3,../Data/raw/piano_data\pia_263_classic.mp3,piano_data,-362.23590087890625,191.51487731933594,26.730939865112305,1.9916636943817139,14.859278678894043,4.1525559425354,-14.111659049987793,-18.696796417236328,-12.8065185546875,-10.101146697998047,-9.904977798461914,-5.672759532928467,-4.333222389221191,0.15952031314373016,0.37765926122665405,0.35760393738746643,0.30623626708984375,0.617335855960846,0.21338431537151337,0.24135109782218933,0.06991435587406158,0.10686346143484116,0.20312508940696716,0.11297775059938431,0.21126963198184967,0.34368885737972266,-0.2546682311244238,-0.11266770199317518,0.005506021094987026,0.021184862510620933,-0.049323804984240424,663.0424772213067,1019.2482246375796,948.0359340230747,0.037421164497871515,95.703125
pia_264_classic.mp3,../Data/raw/piano_data\pia_264_classic.mp3,piano_data,-378.52972412109375,199.20213317871094,50.95221710205078,9.231891632080078,21.98579216003418,8.93622875213623,-11.169386863708496,-14.1049165725708,-11.801901817321777,-12.063469886779785,-10.636561393737793,-6.649704933166504,-3.9358201026916504,0.22491031885147095,0.10986395180225372,0.1952652931213379,0.3256591558456421,0.15795539319515228,0.1872684806585312,0.11829422414302826,0.34274953603744507,0.2551993429660797,0.18417450785636902,0.33983898162841797,0.23197302222251892,-0.34036789338053214,0.34572384411755264,0.2288027764096187,-0.12345599399875253,0.08841975482786706,0.006434880357524795,437.08337380809377,621.4959512746829,589.4547689809888,0.028595065184791022,95.703125
pia_265_classic.mp3,../Data/raw/piano_data\pia_265_classic.mp3,piano_data,-352.98358154296875,188.96424865722656,61.59910202026367,29.001750946044922,27.00592041015625,15.91330337524414,1.5361793041229248,-4.870823860168457,-4.524545192718506,-3.833177089691162,-7.196976184844971,-9.491726875305176,-7.721566200256348,0.38538649678230286,0.3054285943508148,0.21459375321865082,0.35414057970046997,0.22846253216266632,0.25504931807518005,0.1698158085346222,0.22051513195037842,0.3874708116054535,0.2515999972820282,0.2647835910320282,0.19935661554336548,-0.46798772181583265,0.11781004027654271,0.11657074279866904,0.2258652384315787,-0.046826586655593604,0.06241437892451875,406.75456394722806,855.5424268972446,467.0805089613971,0.021365328100812694,112.34714673913044
pia_266_classic.mp3,../Data/raw/piano_data\pia_266_classic.mp3,piano_data,-308.41778564453125,207.03221130371094,20.067415237426758,13.945028305053711,20.525117874145508,-3.8059260845184326,-21.396451950073242,-12.908230781555176,-11.2923583984375,-13.977351188659668,-8.341228485107422,-3.6655704975128174,-8.678783416748047,0.2784123718738556,0.13140009343624115,0.22855991125106812,0.4155627191066742,0.19476334750652313,0.23259590566158295,0.1561567187309265,0.4709340035915375,0.31903594732284546,0.19576747715473175,0.37345823645591736,0.2283032238483429,-0.33193449499269234,0.3224970037380378,0.2228731697651589,-0.07680273371577069,0.0715956618220873,0.012124947477319719,580.1009759027182,895.9493411123755,805.3117970564048,0.03247183690499226,92.28515625
pia_267_classic.mp3,../Data/raw/piano_data\pia_267_classic.mp3,piano_data,-324.1827697753906,214.155517578125,29.902978897094727,8.588741302490234,19.113359451293945,-4.282995223999023,-24.978775024414062,-21.301876068115234,-10.449699401855469,-5.556612491607666,-5.744341850280762,-5.8530707359313965,-6.982451915740967,0.38276779651641846,0.17386429011821747,0.3577546179294586,0.5540257096290588,0.2676396667957306,0.30252280831336975,0.17852501571178436,0.380503386259079,0.13427671790122986,0.2245173305273056,0.2522697150707245,0.17982174456119537,-0.1457270843122429,0.3795182359792752,0.23806438924479453,0.055794234016705455,0.04260017807927795,0.1327835447317128,546.1112880399442,803.026954815476,738.8455323021478,0.0341740186000387,95.703125
pia_268_classic.mp3,../Data/raw/piano_data\pia_268_classic.mp3,piano_data,-368.727783203125,186.50259399414062,62.279151916503906,22.37748908996582,27.155288696289062,16.123863220214844,-2.8896658420562744,-9.294256210327148,-3.5979835987091064,1.2679682970046997,-3.0939688682556152,-9.997578620910645,-11.288689613342285,0.11491339653730392,0.13116657733917236,0.3327554762363434,0.49057307839393616,0.27888575196266174,0.2870277464389801,0.21252696216106415,0.33396047353744507,0.47298622131347656,0.3194422423839569,0.2679121792316437,0.10434726625680923,-0.34198514383675366,0.12091002683505306,0.08012396327761215,0.13479696138006486,-0.1431279698791504,-0.05142472618079825,406.8179895658668,820.8702218464679,495.7803354174729,0.021886488970588234,49.69200721153846
pia_269_classic.mp3,../Data/raw/piano_data\pia_269_classic.mp3,piano_data,-298.8302917480469,204.30287170410156,8.652878761291504,9.007232666015625,16.941083908081055,-14.791411399841309,-16.079221725463867,-7.911220550537109,-17.579923629760742,-18.453886032104492,-5.364948749542236,-4.259627819061279,-10.408265113830566,0.5439909100532532,0.21969389915466309,0.3231146037578583,0.13908450305461884,0.3419587314128876,0.5045925378799438,0.21548078954219818,0.1509402096271515,0.04961829259991646,0.06754489988088608,0.09377399832010269,0.3846404254436493,0.03322999178370613,0.20077486091632993,-0.12185703185437416,0.00855617550556308,-0.11777087282624936,0.0017122028860652636,625.6382714900606,857.1561283342422,936.7860020498742,0.03591248125483746,112.34714673913044
pia_270_classic.mp3,../Data/raw/piano_data\pia_270_classic.mp3,piano_data,-356.3421630859375,202.81712341308594,42.74778366088867,9.634307861328125,21.781604766845703,7.686670303344727,-11.874953269958496,-14.846816062927246,-10.387452125549316,-8.482248306274414,-7.7063493728637695,-4.988956451416016,-4.305240154266357,0.37108325958251953,0.7064111232757568,0.270112544298172,0.2629442512989044,0.1216718852519989,0.18851250410079956,0.21960969269275665,0.12361374497413635,0.1978754848241806,0.1649937927722931,0.39119893312454224,0.4236728549003601,-0.17034670517589842,-0.10662542862041689,-0.006508778531288964,-0.04895015490340827,0.003516838177790817,-0.03481923174875321,515.3740753360186,875.6681651597847,687.8791738220782,0.0303728322126548,107.666015625
pia_271_classic.mp3,../Data/raw/piano_data\pia_271_classic.mp3,piano_data,-353.7416687011719,179.096923828125,43.55900573730469,7.697787761688232,22.650562286376953,13.34385871887207,-5.218454360961914,-9.165193557739258,-7.999292373657227,-10.151723861694336,-10.212607383728027,-5.018763065338135,-1.514716625213623,0.8676713109016418,0.41574740409851074,0.18213890492916107,0.14491231739521027,0.30710312724113464,0.13701294362545013,0.10706276446580887,0.24324475228786469,0.23208969831466675,0.3938773572444916,0.22519852221012115,0.3643745183944702,0.22802960986409326,0.12588160879858745,0.06829117681296258,0.2181271278463742,-0.017686490948931353,0.08798715057568379,560.1015247781233,1051.4123914610423,778.336960169553,0.024351704600425697,107.666015625
pia_272_classic.mp3,../Data/raw/piano_data\pia_272_classic.mp3,piano_data,-341.1405334472656,212.74082946777344,51.244728088378906,13.88138198852539,20.05152130126953,4.814955711364746,-14.951268196105957,-17.179458618164062,-11.15951919555664,-10.840818405151367,-12.47599983215332,-7.16064453125,-1.8676440715789795,0.5567315816879272,0.27566489577293396,0.3475790023803711,0.2025134265422821,0.3826539218425751,0.15247416496276855,0.25277724862098694,0.26869842410087585,0.2038862109184265,0.4012258052825928,0.21629229187965393,0.3799951374530792,0.19284665049587882,-0.003722018707999262,0.06557886571487866,0.1752901733802464,-0.02121339961056035,0.08424500916794739,451.4568349179513,758.0618898153756,577.5631742211688,0.02786755635642415,54.978390957446805
pia_273_classic.mp3,../Data/raw/piano_data\pia_273_classic.mp3,piano_data,-267.6680908203125,200.58457946777344,-7.423789024353027,-1.7579885721206665,17.14202880859375,-11.945728302001953,-20.9698486328125,-9.258031845092773,-5.256831645965576,-17.38753890991211,-20.37701416015625,-9.314288139343262,-1.0709891319274902,0.4481915831565857,0.2695743143558502,0.5094568133354187,0.17416682839393616,0.15105827152729034,0.28022417426109314,0.22992481291294098,0.5941128134727478,0.16465899348258972,0.13772699236869812,0.08699159324169159,0.34408190846443176,0.24329045565294177,0.35856061269051553,0.019866487330644608,-0.0843174701186053,-0.10729786673682136,-0.06706323929782669,778.0067250997437,939.1428235470503,1363.1417572682856,0.04841505115615325,123.046875
pia_274_classic.mp3,../Data/raw/piano_data\pia_274_classic.mp3,piano_data,-297.2295227050781,218.0419158935547,27.684078216552734,3.5667576789855957,24.646921157836914,1.9101390838623047,-12.524303436279297,-7.297133445739746,-3.5369460582733154,-3.1771984100341797,-1.91407310962677,1.4262492656707764,-0.6364162564277649,0.7433627247810364,0.35234999656677246,0.19570741057395935,0.27357062697410583,0.6557018756866455,0.3964812159538269,0.1134323999285698,0.23081377148628235,0.10105948150157928,0.09133423119783401,0.0914997085928917,0.3102022409439087,0.250591342725916,0.29478091566255077,0.0756002933481829,0.46540534968456193,0.0836553767353841,0.03624419367091154,496.5877746653253,712.7462487278574,756.8204236104392,0.029538370138351394,86.1328125
pia_275_classic.mp3,../Data/raw/piano_data\pia_275_classic.mp3,piano_data,-320.50274658203125,198.83975219726562,7.041160583496094,5.2823591232299805,21.497947692871094,-0.5906373858451843,-21.494421005249023,-16.338558197021484,-6.095468044281006,-2.413860559463501,-10.464683532714844,-12.410178184509277,-10.571248054504395,0.21189405024051666,0.24801501631736755,0.25297561287879944,0.6107289791107178,0.18752548098564148,0.14569857716560364,0.09873393177986145,0.36846402287483215,0.5014878511428833,0.2825761139392853,0.40732109546661377,0.17044025659561157,-0.4171717991721013,0.04016765460079239,0.05212907299785739,-0.019448078151694335,0.07817772016870667,-0.0361748117608077,715.6126845213086,1033.171855402798,1199.4760802655767,0.04016604585913313,107.666015625
pia_276_classic.mp3,../Data/raw/piano_data\pia_276_classic.mp3,piano_data,-341.77374267578125,189.3148956298828,13.964285850524902,3.551748752593994,12.390836715698242,-5.273891448974609,-18.80492401123047,-15.286592483520508,-9.966582298278809,-10.393418312072754,-11.451681137084961,-13.853541374206543,-13.548885345458984,0.10811253637075424,0.17637422680854797,0.24955952167510986,0.18319644033908844,0.3741438686847687,0.14730292558670044,0.2915171682834625,0.6193021535873413,0.21130715310573578,0.13197952508926392,0.12505300343036652,0.35242798924446106,0.40306566564582696,-0.024986151591102134,0.3273301605041854,0.07498720053373614,0.09746904664324023,-0.14127087191544865,693.9758873319214,995.3039573679675,1004.8939235439242,0.040512982536764705,86.1328125
pia_277_classic.mp3,../Data/raw/piano_data\pia_277_classic.mp3,piano_data,-294.8219299316406,194.9271240234375,-15.294583320617676,4.072570323944092,17.025859832763672,-17.260242462158203,-24.165979385375977,-7.441636085510254,-8.29116153717041,-16.786413192749023,-10.31376838684082,-4.7100419998168945,-5.661250114440918,0.43062812089920044,0.23766520619392395,0.44943904876708984,0.15759848058223724,0.19468732178211212,0.2631710171699524,0.23040549457073212,0.6341874003410339,0.16164398193359375,0.10163621604442596,0.07391364872455597,0.31757259368896484,0.2410487092548923,0.35530061294916576,0.050507371380547436,-0.04927883743115306,-0.08207306090320282,-0.07107993244804765,870.2296047161731,1054.4549379491361,1567.2571896768575,0.0540374661377709,107.666015625
pia_278_classic.mp3,../Data/raw/piano_data\pia_278_classic.mp3,piano_data,-356.05615234375,170.26278686523438,40.4337158203125,10.087100982666016,22.59052085876465,10.873290061950684,-7.43558931350708,-11.61571216583252,-7.287724494934082,-7.2670111656188965,-11.723820686340332,-11.214691162109375,-7.078206539154053,0.1562514305114746,0.07057452201843262,0.2742403447628021,0.6305378675460815,0.26692336797714233,0.03055155836045742,0.1314893662929535,0.5272309184074402,0.25853461027145386,0.10342142730951309,0.04924861714243889,0.05549783259630203,-0.3423059917815495,0.172095450382472,0.5136079775335644,0.21901801858859962,0.02843743263294276,0.14116705432904547,578.1038789444725,968.9523976836883,809.7867699968557,0.03037812318595201,99.38401442307692
pia_279_classic.mp3,../Data/raw/piano_data\pia_279_classic.mp3,piano_data,-247.98094177246094,192.68251037597656,-28.984886169433594,4.9269938468933105,4.146536350250244,-11.756105422973633,-3.6420974731445312,-6.76400899887085,-10.944234848022461,-21.619535446166992,-19.518733978271484,-5.456233501434326,-1.0460364818572998,0.1764909327030182,0.17714090645313263,0.12135186046361923,0.47144815325737,0.2421616166830063,0.10614689439535141,0.08476892113685608,0.11798963695764542,0.3463273048400879,0.10034435987472534,0.19962601363658905,0.6345615386962891,-0.10092439582665795,-0.41467770609413096,0.22850346586871711,0.24256495187807275,-0.07719261853775576,-0.07038416473914713,906.0198737173085,986.0714236565815,1588.3320622399865,0.05914060988293344,161.4990234375
pia_280_classic.mp3,../Data/raw/piano_data\pia_280_classic.mp3,piano_data,-265.3454284667969,202.87567138671875,-13.988226890563965,2.2048141956329346,13.093620300292969,-12.228141784667969,-8.058893203735352,-3.243680238723755,-4.144530296325684,-10.738495826721191,-18.045005798339844,-17.043407440185547,-10.08291244506836,0.4458789527416229,0.23333598673343658,0.09916996210813522,0.10809259116649628,0.13891486823558807,0.360371470451355,0.13277409970760345,0.2065354585647583,0.6521580219268799,0.21403099596500397,0.14005187153816223,0.12194325774908066,-0.2258975065675861,-0.039147012999058727,-0.25523563141533795,0.11052601006647542,-0.06837927511875036,-0.017549989512460566,766.4907203409979,908.1698112664894,1333.716935196159,0.04818905101102941,67.99958881578948
pia_281_classic.mp3,../Data/raw/piano_data\pia_281_classic.mp3,piano_data,-384.08892822265625,171.76095581054688,36.67402267456055,12.155282020568848,17.521081924438477,10.918545722961426,-3.7920427322387695,-12.222847938537598,-15.107467651367188,-6.903701305389404,0.06058995798230171,0.43239542841911316,-5.638589382171631,0.6330299973487854,0.2289275825023651,0.1557469516992569,0.12715508043766022,0.3764146566390991,0.530292272567749,0.3133367896080017,0.4397986829280853,0.1881081610918045,0.11909212172031403,0.2018468976020813,0.2852213382720947,0.08606467115898656,0.2024477326886651,0.04293830102906436,0.04556643578761585,0.050786183324736424,-0.006889172123086062,708.043161581715,1270.1694812470846,1013.627204068305,0.031208428066950466,107.666015625
