file_name,path,instrument,segment_id,mfcc_1,mfcc_2,mfcc_3,mfcc_4,mfcc_5,mfcc_6,mfcc_7,mfcc_8,mfcc_9,mfcc_10,mfcc_11,mfcc_12,mfcc_13,chroma_C,chroma_Csharp,chroma_D,chroma_Dsharp,chroma_E,chroma_F,chroma_Fsharp,chroma_G,chroma_Gsharp,chroma_A,chroma_Asharp,chroma_B,spectral_centroid,spectral_bandwidth,spectral_rolloff,zero_crossing_rate,tempo
sax_001_classic.mp3,../Data/raw/saxophone_data\sax_001_classic.mp3,saxophone_data,1,-366.8178405761719,111.75897979736328,-28.328060150146484,30.256010055541992,-8.684988021850586,4.570771217346191,-5.258717060089111,-1.2026457786560059,-9.106816291809082,-0.9895886778831482,-12.940970420837402,-8.2167387008667,-16.079265594482422,0.17931365966796875,0.42458635568618774,0.1485596001148224,0.2417987436056137,0.6114063262939453,0.2084420919418335,0.2741350531578064,0.09707468003034592,0.19372136890888214,0.4161052703857422,0.1606830209493637,0.15400555729866028,1676.5327712460164,1761.4559141138209,3321.0479736328125,0.0777859157986111,99.38401442307692
sax_001_classic.mp3,../Data/raw/saxophone_data\sax_001_classic.mp3,saxophone_data,2,-313.3255310058594,124.47862243652344,-35.891998291015625,30.619298934936523,-11.82425308227539,2.2788517475128174,-8.356279373168945,-3.194502592086792,-6.1756591796875,6.942149639129639,-8.450634002685547,-8.755242347717285,-23.00520896911621,0.08749837428331375,0.2516671419143677,0.058845777064561844,0.12174950540065765,0.4125003516674042,0.18148133158683777,0.5711378455162048,0.09670718759298325,0.11319509148597717,0.3680378198623657,0.08925963938236237,0.06349348276853561,1567.705880176187,1709.8487980170935,3057.764689127604,0.07508002387152778,99.38401442307692
sax_001_classic.mp3,../Data/raw/saxophone_data\sax_001_classic.mp3,saxophone_data,3,-315.2138366699219,118.60577392578125,-37.694881439208984,30.55361557006836,-6.843227863311768,6.255947589874268,-3.7440943717956543,0.8971006870269775,-4.704599857330322,2.8833651542663574,-11.719764709472656,-8.744922637939453,-20.012243270874023,0.09876178950071335,0.42551860213279724,0.12809503078460693,0.1061951220035553,0.3330167233943939,0.1407678723335266,0.4116101861000061,0.08270473033189774,0.17847588658332825,0.6007006764411926,0.12854011356830597,0.030630948022007942,1648.1820806189444,1739.3309813844012,3144.395955403646,0.08732548466435185,135.99917763157896
sax_001_classic.mp3,../Data/raw/saxophone_data\sax_001_classic.mp3,saxophone_data,4,-317.1762390136719,112.0155258178711,-39.22090148925781,30.050161361694336,-5.448822975158691,8.031307220458984,-0.7600688934326172,5.772244930267334,-3.79536771774292,-4.601569175720215,-18.69717025756836,-10.004218101501465,-13.878863334655762,0.1256399005651474,0.6716403961181641,0.20920711755752563,0.09235092252492905,0.2894473373889923,0.08675378561019897,0.09088829159736633,0.036188237369060516,0.20418106019496918,0.8590821027755737,0.18302367627620697,0.034724678844213486,1728.6333042499164,1762.9806656091607,3248.572794596354,0.09753644024884259,135.99917763157896
sax_001_classic.mp3,../Data/raw/saxophone_data\sax_001_classic.mp3,saxophone_data,5,-298.3667907714844,109.98553466796875,-40.53386688232422,28.229795455932617,-10.718583106994629,11.141905784606934,-8.58408260345459,-0.8437748551368713,-10.380939483642578,-9.878241539001465,-17.454505920410156,-10.37203598022461,-14.749759674072266,0.08799652755260468,0.4621105194091797,0.4312797784805298,0.146926149725914,0.19857242703437805,0.12219182401895523,0.37799108028411865,0.1003124862909317,0.19158604741096497,0.6432173848152161,0.14783330261707306,0.03172653540968895,1745.3651474425656,1781.0412997503731,3356.3883463541665,0.09753870081018519,107.666015625
sax_001_classic.mp3,../Data/raw/saxophone_data\sax_001_classic.mp3,saxophone_data,6,-273.01177978515625,105.98363494873047,-32.725460052490234,22.04278564453125,-14.308551788330078,17.031408309936523,-14.430670738220215,-10.319002151489258,-23.560754776000977,-12.624974250793457,-14.432104110717773,-12.635327339172363,-15.740745544433594,0.05720009282231331,0.2690550982952118,0.4503733217716217,0.18187664449214935,0.3298493027687073,0.18306085467338562,0.5518231391906738,0.15544387698173523,0.30729639530181885,0.5446246266365051,0.13441821932792664,0.05122269690036774,1841.311645956329,1902.145734278925,3637.017822265625,0.09925898799189815,103.359375
sax_001_classic.mp3,../Data/raw/saxophone_data\sax_001_classic.mp3,saxophone_data,7,-264.158203125,93.96295928955078,-21.389257431030273,16.803129196166992,-16.113065719604492,9.620485305786133,-13.100403785705566,-8.794124603271484,-25.46656608581543,-11.639237403869629,-15.941356658935547,-11.500996589660645,-13.225895881652832,0.11517133563756943,0.4726807177066803,0.2238473743200302,0.15311948955059052,0.5863852500915527,0.1682732254266739,0.25306713581085205,0.10421400517225266,0.28090956807136536,0.6223689913749695,0.1626923531293869,0.06286515295505524,2063.1945676069768,2145.546751543118,4240.346272786458,0.10073061342592593,103.359375
sax_001_classic.mp3,../Data/raw/saxophone_data\sax_001_classic.mp3,saxophone_data,8,-254.96681213378906,87.11089324951172,-14.702143669128418,15.321374893188477,-17.625154495239258,-2.0417439937591553,-13.14171028137207,-4.29141902923584,-18.176902770996094,-9.560094833374023,-16.763233184814453,-7.912076473236084,-10.21467113494873,0.18607796728610992,0.6614222526550293,0.16725941002368927,0.14690198004245758,0.5929102301597595,0.13923366367816925,0.15999647974967957,0.07120517641305923,0.22662614285945892,0.5518403649330139,0.14247159659862518,0.09788943082094193,2188.419821148831,2311.503663082833,4673.2533772786455,0.09525327329282407,103.359375
sax_001_classic.mp3,../Data/raw/saxophone_data\sax_001_classic.mp3,saxophone_data,9,-239.39767456054688,87.55268096923828,-8.209816932678223,17.420347213745117,-19.733688354492188,-3.363011121749878,-18.805904388427734,-5.794247627258301,-14.169553756713867,1.2210631370544434,-9.151542663574219,-4.495307922363281,-9.071867942810059,0.21805985271930695,0.7536271214485168,0.14639490842819214,0.11713442951440811,0.46047815680503845,0.14213667809963226,0.3093191385269165,0.10457722097635269,0.19745786488056183,0.38852784037590027,0.11100205034017563,0.10129833221435547,2261.2032519695767,2357.189921161459,4843.6248779296875,0.0901783130787037,103.359375
sax_001_classic.mp3,../Data/raw/saxophone_data\sax_001_classic.mp3,saxophone_data,10,-206.78709411621094,85.54088592529297,-8.564688682556152,24.078861236572266,-15.982324600219727,0.7167848944664001,-18.318147659301758,-6.420224666595459,-16.696226119995117,5.568792343139648,-5.534333229064941,0.8259426355361938,-6.480475425720215,0.18975582718849182,0.6604600548744202,0.21495316922664642,0.14800594747066498,0.49356311559677124,0.14661481976509094,0.24351206421852112,0.08969739079475403,0.11725568771362305,0.1694147139787674,0.070664182305336,0.06155562400817871,2262.497307496127,2340.2433583700213,4833.0576578776045,0.0867015697337963,103.359375
sax_001_classic.mp3,../Data/raw/saxophone_data\sax_001_classic.mp3,saxophone_data,11,-209.1348419189453,88.16009521484375,-3.9049465656280518,30.48421287536621,-10.258684158325195,5.723696708679199,-10.942975997924805,-3.2335100173950195,-17.93259620666504,2.015916109085083,-11.005859375,-0.39874014258384705,-4.812666893005371,0.09491528570652008,0.39069637656211853,0.23514129221439362,0.15466783940792084,0.6907200813293457,0.2859106659889221,0.06008368358016014,0.04591884836554527,0.09044920653104782,0.15007384121418,0.09001069515943527,0.06731437146663666,2147.481772625952,2343.417791710301,4712.880452473958,0.0757175021701389,103.359375
sax_002_classic.mp3,../Data/raw/saxophone_data\sax_002_classic.mp3,saxophone_data,1,-166.61241149902344,37.92476272583008,10.140785217285156,20.790943145751953,1.6371437311172485,9.034542083740234,-4.265108585357666,-0.883342444896698,-7.121840953826904,-2.4729340076446533,-4.784932613372803,1.2159143686294556,-4.549365043640137,0.4670436382293701,0.5073104500770569,0.532685399055481,0.702753484249115,0.47478076815605164,0.3899274468421936,0.4648667871952057,0.4877403676509857,0.4540567696094513,0.4210745394229889,0.5758345723152161,0.5634878873825073,3686.6380426580467,2909.2015624168907,7187.90283203125,0.1912841796875,172.265625
sax_002_classic.mp3,../Data/raw/saxophone_data\sax_002_classic.mp3,saxophone_data,2,-70.40554809570312,57.595611572265625,15.229682922363281,28.03952407836914,4.50639533996582,13.713994026184082,-1.8687207698822021,3.1447458267211914,-4.925943374633789,0.4093746542930603,-2.9706203937530518,4.379196643829346,-4.222673416137695,0.4148833751678467,0.4194730520248413,0.45919355750083923,0.7142069339752197,0.6089303493499756,0.40797704458236694,0.45711198449134827,0.42341211438179016,0.47172001004219055,0.38721752166748047,0.4913274049758911,0.5062678456306458,3228.8059201980436,2852.658418992535,6676.588948567708,0.14789270471643517,172.265625
sax_002_classic.mp3,../Data/raw/saxophone_data\sax_002_classic.mp3,saxophone_data,3,-66.95912170410156,56.14057159423828,18.25413703918457,29.636701583862305,6.858514785766602,14.217845916748047,0.03509782999753952,3.706820249557495,-3.059807062149048,1.7967888116836548,-1.6199346780776978,5.926175594329834,-2.655653715133667,0.45540469884872437,0.41205504536628723,0.4712103009223938,0.6760812401771545,0.5933970808982849,0.4159817397594452,0.4571342170238495,0.4744001030921936,0.5169211626052856,0.41263511776924133,0.5021057724952698,0.5465828776359558,3242.2761209904643,2911.561914402691,6816.255696614583,0.14406105324074073,86.1328125
sax_002_classic.mp3,../Data/raw/saxophone_data\sax_002_classic.mp3,saxophone_data,4,-52.235694885253906,61.36121368408203,16.607173919677734,28.66403579711914,4.196249008178711,13.608599662780762,-0.7405552268028259,3.4727563858032227,-3.6563894748687744,1.991809368133545,-1.2165682315826416,5.569001197814941,-3.4721028804779053,0.46527931094169617,0.43931829929351807,0.47861945629119873,0.6712145805358887,0.5727354884147644,0.43275225162506104,0.5006067156791687,0.47211870551109314,0.4923432767391205,0.394522100687027,0.49332547187805176,0.5743520855903625,3125.4636440480913,2887.6449798424587,6643.8405354817705,0.1384593822337963,86.1328125
sax_002_classic.mp3,../Data/raw/saxophone_data\sax_002_classic.mp3,saxophone_data,5,-57.56129837036133,59.79552459716797,15.536805152893066,29.203418731689453,5.684079647064209,14.542143821716309,-0.7341498136520386,2.917109966278076,-3.8796229362487793,2.527581214904785,-0.8303701877593994,5.4132513999938965,-3.999323844909668,0.46519172191619873,0.4459480345249176,0.49588486552238464,0.6771256327629089,0.608395516872406,0.46479299664497375,0.4863332509994507,0.520810067653656,0.5521349906921387,0.4186355471611023,0.49855178594589233,0.5282198786735535,3111.907995518024,2890.4054700999222,6655.5043538411455,0.1380072699652778,117.45383522727273
sax_002_classic.mp3,../Data/raw/saxophone_data\sax_002_classic.mp3,saxophone_data,6,-51.1666259765625,60.64902114868164,14.710650444030762,28.524124145507812,5.753842830657959,14.55225944519043,-0.7293866276741028,3.0576822757720947,-4.208690643310547,1.2223808765411377,-1.950269103050232,5.6272759437561035,-3.547914743423462,0.42819803953170776,0.43728554248809814,0.4965037703514099,0.7361074090003967,0.6116783618927002,0.44654732942581177,0.49826258420944214,0.5127584934234619,0.5429268479347229,0.39964058995246887,0.47749918699264526,0.4905259609222412,3111.2552870865975,2887.847997315198,6624.1017659505205,0.13637062355324073,172.265625
sax_002_classic.mp3,../Data/raw/saxophone_data\sax_002_classic.mp3,saxophone_data,7,-63.545108795166016,59.014957427978516,17.559473037719727,29.453229904174805,6.22053337097168,15.022440910339355,-0.414482057094574,3.305694103240967,-3.0498318672180176,2.0007214546203613,-0.9655418992042542,6.180450439453125,-4.048521041870117,0.4475051164627075,0.45457446575164795,0.505433976650238,0.7039288282394409,0.6255766749382019,0.4520507752895355,0.4687729477882385,0.4936853349208832,0.5315525531768799,0.41952648758888245,0.4860002100467682,0.5006695985794067,3154.3490376883306,2883.6337622553756,6674.9440511067705,0.13646104600694445,86.1328125
sax_002_classic.mp3,../Data/raw/saxophone_data\sax_002_classic.mp3,saxophone_data,8,-65.27605438232422,57.51503372192383,15.80760669708252,28.873594284057617,5.829699516296387,15.112183570861816,-0.6069461107254028,3.271610975265503,-4.0580010414123535,1.7459031343460083,-1.6728217601776123,5.570305347442627,-3.3273813724517822,0.4754331409931183,0.457390159368515,0.4871801733970642,0.6664191484451294,0.5518523454666138,0.4264327585697174,0.49227645993232727,0.4726997911930084,0.4930638074874878,0.4044801890850067,0.5160552859306335,0.5940251350402832,3173.5682093051996,2878.5543951484733,6686.0097249348955,0.14344618055555555,86.1328125
sax_002_classic.mp3,../Data/raw/saxophone_data\sax_002_classic.mp3,saxophone_data,9,-70.26998138427734,67.60828399658203,8.65282917022705,29.744380950927734,3.176039457321167,12.224959373474121,-2.6335678100585938,3.0655806064605713,-5.420258045196533,-0.8537911772727966,-1.4092963933944702,4.726964473724365,-4.164313793182373,0.4050244987010956,0.4352855086326599,0.40107524394989014,0.4987092614173889,0.4934757947921753,0.40821653604507446,0.46363547444343567,0.41039544343948364,0.41515597701072693,0.3919771611690521,0.6020131707191467,0.5894730091094971,2897.685337637225,2719.17503666851,6105.26123046875,0.11448612919560185,172.265625
sax_002_classic.mp3,../Data/raw/saxophone_data\sax_002_classic.mp3,saxophone_data,10,-94.21054077148438,66.64532470703125,7.202773571014404,27.501428604125977,1.9058159589767456,7.295821666717529,-4.226789474487305,-0.49668240547180176,-7.270023822784424,-5.840352535247803,-3.937098264694214,2.58894681930542,-6.160155773162842,0.32468050718307495,0.4246099293231964,0.3937986195087433,0.5203684568405151,0.390939861536026,0.3202669024467468,0.2896895408630371,0.3681235611438751,0.393219530582428,0.3909173607826233,0.557589590549469,0.37735995650291443,2945.9804525419813,2640.1212549771817,5916.9952392578125,0.1134349681712963,172.265625
sax_002_classic.mp3,../Data/raw/saxophone_data\sax_002_classic.mp3,saxophone_data,11,-87.13360595703125,66.79374694824219,7.494112491607666,30.127866744995117,4.640937805175781,10.50320053100586,-1.5341209173202515,1.663965106010437,-5.771173000335693,-4.707367420196533,-2.774714469909668,4.732965469360352,-3.7024638652801514,0.3754934072494507,0.4024515151977539,0.4550304710865021,0.6014452576637268,0.4441259205341339,0.3819860517978668,0.34713050723075867,0.4202371835708618,0.5023451447486877,0.42955154180526733,0.49460357427597046,0.4186646044254303,2865.748839125812,2643.3606883241155,5851.847330729167,0.1095287181712963,172.265625
sax_003_classic.mp3,../Data/raw/saxophone_data\sax_003_classic.mp3,saxophone_data,1,-492.27032470703125,123.80554962158203,-21.039098739624023,17.919694900512695,-10.276728630065918,-4.519704818725586,-20.358020782470703,-24.309741973876953,-6.239810943603516,-5.443439483642578,-10.994877815246582,-8.711356163024902,-8.741155624389648,0.15147560834884644,0.28918880224227905,0.3669564425945282,0.24066856503486633,0.4439004957675934,0.1738584339618683,0.29267093539237976,0.29336124658584595,0.33813896775245667,0.7759196162223816,0.3119640350341797,0.26051396131515503,1665.8281442526945,1684.444532715332,3376.276652018229,0.11483199508101852,143.5546875
sax_003_classic.mp3,../Data/raw/saxophone_data\sax_003_classic.mp3,saxophone_data,2,-422.3083190917969,152.16802978515625,-28.867002487182617,21.303640365600586,-9.366827964782715,-8.19450855255127,-25.713964462280273,-29.202293395996094,-10.513922691345215,-9.770692825317383,-16.72515296936035,-14.26563835144043,-12.29731273651123,0.07697764039039612,0.28042474389076233,0.26045939326286316,0.15438443422317505,0.525692343711853,0.13491246104240417,0.23396065831184387,0.21365168690681458,0.26305460929870605,0.733150064945221,0.24739249050617218,0.18641911447048187,1344.9703493458178,1494.74782391409,2697.4324544270835,0.10203495732060185,143.5546875
sax_003_classic.mp3,../Data/raw/saxophone_data\sax_003_classic.mp3,saxophone_data,3,-408.4915466308594,163.7987060546875,-30.591371536254883,18.700822830200195,-8.010286331176758,-10.217362403869629,-23.153493881225586,-24.347427368164062,-15.341583251953125,-18.955535888671875,-18.901397705078125,-11.746102333068848,-14.0086669921875,0.1089034453034401,0.38660380244255066,0.4111507833003998,0.15713636577129364,0.3996029198169708,0.11446141451597214,0.24243927001953125,0.2139633446931839,0.2561124563217163,0.7282027006149292,0.23485134541988373,0.18529179692268372,1256.396650269959,1390.143494425363,2541.466267903646,0.0956081814236111,95.703125
sax_003_classic.mp3,../Data/raw/saxophone_data\sax_003_classic.mp3,saxophone_data,4,-391.9826965332031,151.11170959472656,-27.563276290893555,22.704696655273438,-14.004109382629395,-8.669145584106445,-22.797033309936523,-10.114251136779785,-12.890915870666504,-13.806079864501953,-14.685729026794434,-9.794257164001465,-9.709673881530762,0.1206095740199089,0.3828672766685486,0.40348607301712036,0.1295890212059021,0.31862199306488037,0.1019054725766182,0.2470523715019226,0.28925400972366333,0.23374776542186737,0.6929476857185364,0.2010720819234848,0.17541474103927612,1415.0826817216293,1524.7485966928152,2851.305135091146,0.10191062644675926,143.5546875
sax_003_classic.mp3,../Data/raw/saxophone_data\sax_003_classic.mp3,saxophone_data,5,-350.898193359375,128.35841369628906,-19.238889694213867,35.73313522338867,-11.870933532714844,3.460836410522461,-23.095115661621094,-7.875110149383545,-8.433905601501465,-4.7611613273620605,-7.209235191345215,2.9924373626708984,-1.7541512250900269,0.16128578782081604,0.41480472683906555,0.5500569939613342,0.17157526314258575,0.3294530212879181,0.10069070011377335,0.20180600881576538,0.32888323068618774,0.23437005281448364,0.5962734818458557,0.22887784242630005,0.24532254040241241,1655.0313379766833,1804.93571766575,3462.5590006510415,0.10207112630208333,143.5546875
sax_003_classic.mp3,../Data/raw/saxophone_data\sax_003_classic.mp3,saxophone_data,6,-271.1420593261719,97.27662658691406,-6.568680286407471,32.84185028076172,-9.958474159240723,10.09773063659668,-18.711490631103516,-5.592945575714111,-5.111159801483154,-2.0944018363952637,-4.307476997375488,6.139273166656494,-3.2898988723754883,0.18336257338523865,0.3996080160140991,0.4636231064796448,0.17718735337257385,0.3107874095439911,0.12026762217283249,0.2542947232723236,0.3723699152469635,0.2578543424606323,0.5078365802764893,0.25208744406700134,0.22123993933200836,2149.670399124938,2157.1443765381186,4490.4205322265625,0.10664876302083333,143.5546875
sax_003_classic.mp3,../Data/raw/saxophone_data\sax_003_classic.mp3,saxophone_data,7,-193.41110229492188,66.36167907714844,-7.638399600982666,21.399072647094727,-15.904654502868652,4.965824604034424,-17.410017013549805,-5.978839874267578,-4.581737518310547,3.849902629852295,-2.121854066848755,7.371901988983154,-3.53232741355896,0.13861986994743347,0.27969712018966675,0.27092817425727844,0.2106928527355194,0.4164124131202698,0.16677597165107727,0.34497854113578796,0.37678247690200806,0.21680103242397308,0.33291590213775635,0.2060125321149826,0.187748521566391,2727.893671822915,2497.3499023243094,5593.1996663411455,0.12964319299768517,143.5546875
sax_003_classic.mp3,../Data/raw/saxophone_data\sax_003_classic.mp3,saxophone_data,8,-174.79489135742188,69.77967834472656,1.2778823375701904,24.335060119628906,-10.771186828613281,8.47288990020752,-12.940176963806152,-4.538430213928223,-4.967043876647949,6.131903648376465,-0.2571781277656555,6.833763599395752,-3.923179864883423,0.09582414478063583,0.19371087849140167,0.27754539251327515,0.27156007289886475,0.5088878273963928,0.23524397611618042,0.3793245255947113,0.41241276264190674,0.28771570324897766,0.3856985569000244,0.22418555617332458,0.15377123653888702,2599.389323539982,2541.5672285423816,5489.072672526042,0.11515073423032407,143.5546875
sax_003_classic.mp3,../Data/raw/saxophone_data\sax_003_classic.mp3,saxophone_data,9,-155.5449981689453,76.56951904296875,12.954463958740234,34.48434829711914,-0.8517773747444153,16.919389724731445,-5.343900680541992,1.6812667846679688,-0.1730101853609085,10.331929206848145,1.772761344909668,8.711149215698242,-3.7401132583618164,0.18158142268657684,0.19857856631278992,0.2994675040245056,0.2790050506591797,0.5909103751182556,0.2958369851112366,0.3350141942501068,0.43050456047058105,0.32761016488075256,0.39259612560272217,0.278378427028656,0.23565278947353363,2492.0192571611365,2602.540934161298,5481.197102864583,0.1009521484375,143.5546875
sax_003_classic.mp3,../Data/raw/saxophone_data\sax_003_classic.mp3,saxophone_data,10,-146.88575744628906,75.54430389404297,13.06627368927002,35.94032287597656,0.41741999983787537,17.84331512451172,-2.539883852005005,2.663818359375,-1.7946420907974243,5.897155284881592,-1.1767363548278809,10.501395225524902,-0.28378430008888245,0.24489952623844147,0.30638402700424194,0.39022520184516907,0.30885985493659973,0.5688101053237915,0.28969910740852356,0.3108157515525818,0.32252994179725647,0.30707183480262756,0.41218867897987366,0.29190966486930847,0.2926171123981476,2515.9005102709816,2638.2349465365405,5580.887858072917,0.10183150679976852,71.77734375
sax_003_classic.mp3,../Data/raw/saxophone_data\sax_003_classic.mp3,saxophone_data,11,-152.8157501220703,74.47317504882812,6.298799991607666,32.184085845947266,-2.2436320781707764,15.465142250061035,-3.2056117057800293,2.857903480529785,-1.5356532335281372,0.8723310828208923,-10.97767448425293,2.3056137561798096,-2.5701000690460205,0.19527842104434967,0.29670479893684387,0.33799317479133606,0.25522810220718384,0.4427410662174225,0.23311062157154083,0.31217867136001587,0.31905418634414673,0.39416658878326416,0.6434956192970276,0.4019395709037781,0.3687332570552826,2487.401376660162,2589.6176844378438,5462.0066324869795,0.1031155056423611,143.5546875
sax_004_classic.mp3,../Data/raw/saxophone_data\sax_004_classic.mp3,saxophone_data,1,-211.0988311767578,118.81157684326172,-11.940163612365723,19.95425033569336,0.7334490418434143,11.87244987487793,1.5462778806686401,5.619171619415283,-3.031032085418701,-0.2886596918106079,-2.7374863624572754,13.724641799926758,8.390543937683105,0.26444923877716064,0.6327998042106628,0.2854340076446533,0.375916451215744,0.20492218434810638,0.3547646999359131,0.3627746105194092,0.26889723539352417,0.44649219512939453,0.28802618384361267,0.29954051971435547,0.13800376653671265,1763.9248954076902,1976.6382256540053,3604.3192545572915,0.0884715892650463,172.265625
sax_004_classic.mp3,../Data/raw/saxophone_data\sax_004_classic.mp3,saxophone_data,2,-174.0253143310547,131.30960083007812,-21.558311462402344,31.040437698364258,1.3216997385025024,10.546660423278809,3.659152030944824,3.7285659313201904,-6.144162178039551,-0.9247826933860779,-3.1996443271636963,12.010093688964844,4.471490383148193,0.19691158831119537,0.466974675655365,0.267826110124588,0.43796494603157043,0.17113788425922394,0.29181787371635437,0.2098907232284546,0.16653507947921753,0.3364143669605255,0.2883952558040619,0.4413972496986389,0.17565985023975372,1522.6524094586962,1796.3130581827047,3027.757771809896,0.07812726056134259,83.35433467741936
sax_004_classic.mp3,../Data/raw/saxophone_data\sax_004_classic.mp3,saxophone_data,3,-165.60154724121094,134.7819061279297,-23.375253677368164,31.867666244506836,-2.5259532928466797,8.96453857421875,0.8681868314743042,1.5665113925933838,-7.174911975860596,-3.790735960006714,-5.971500396728516,9.654993057250977,4.547446250915527,0.23017950356006622,0.5133187174797058,0.2748202681541443,0.3161599338054657,0.1714734435081482,0.35889434814453125,0.20257560908794403,0.1698312759399414,0.3717347979545593,0.3218839764595032,0.555044412612915,0.2311328798532486,1473.4956241618454,1748.1887631036532,2925.0264485677085,0.07203052662037036,83.35433467741936
sax_004_classic.mp3,../Data/raw/saxophone_data\sax_004_classic.mp3,saxophone_data,4,-162.64857482910156,143.89903259277344,-18.144311904907227,31.196401596069336,-0.8914946913719177,9.995170593261719,-1.2058591842651367,0.10048555582761765,-7.134945392608643,-1.8828140497207642,-5.4672698974609375,9.270084381103516,5.390958309173584,0.2630440890789032,0.6597273349761963,0.2504012882709503,0.23849128186702728,0.19602759182453156,0.431469202041626,0.2501515746116638,0.17678086459636688,0.31714168190956116,0.22773048281669617,0.3398022949695587,0.1640697568655014,1377.7209706901722,1697.7839046844301,2706.5043131510415,0.07297544126157407,83.35433467741936
sax_004_classic.mp3,../Data/raw/saxophone_data\sax_004_classic.mp3,saxophone_data,5,-164.20172119140625,133.81378173828125,-17.851844787597656,28.29222297668457,1.5257978439331055,10.724469184875488,5.131485462188721,3.8487300872802734,-3.8855535984039307,4.111972808837891,-0.7265942692756653,7.846950054168701,0.18262778222560883,0.3313533067703247,0.42744842171669006,0.18987999856472015,0.3343721628189087,0.21448469161987305,0.5623733997344971,0.21234913170337677,0.1524883359670639,0.46300774812698364,0.20760205388069153,0.28234216570854187,0.16118504106998444,1488.4345396172414,1778.3601931257867,2895.567830403646,0.0837108470775463,83.35433467741936
sax_004_classic.mp3,../Data/raw/saxophone_data\sax_004_classic.mp3,saxophone_data,6,-175.57327270507812,119.07793426513672,-17.515743255615234,33.504730224609375,2.836108446121216,12.863685607910156,11.22514533996582,10.21176815032959,2.0459749698638916,5.247274398803711,-1.9033327102661133,6.373719215393066,0.3221472203731537,0.31092771887779236,0.17255736887454987,0.14322520792484283,0.353341281414032,0.18413420021533966,0.4408331513404846,0.17776663601398468,0.19929341971874237,0.5834173560142517,0.330436110496521,0.5872851014137268,0.23728466033935547,1626.6229744178333,1883.543382642443,3300.4618326822915,0.08380805121527778,83.35433467741936
sax_004_classic.mp3,../Data/raw/saxophone_data\sax_004_classic.mp3,saxophone_data,7,-182.07493591308594,110.97628784179688,-9.691600799560547,37.997406005859375,-0.3785036504268646,11.124466896057129,7.420439720153809,5.794504165649414,-1.6906628608703613,2.6461124420166016,-5.390595436096191,3.8255558013916016,-1.1175938844680786,0.2020164579153061,0.2770859897136688,0.18492116034030914,0.2769007086753845,0.20440258085727692,0.41181081533432007,0.18478508293628693,0.1514972448348999,0.30595117807388306,0.24471741914749146,0.43024101853370667,0.16515225172042847,1688.6692732199099,2003.425507820294,3621.117146809896,0.07110595703125,172.265625
sax_004_classic.mp3,../Data/raw/saxophone_data\sax_004_classic.mp3,saxophone_data,8,-171.12547302246094,106.52558898925781,-10.86113166809082,37.583797454833984,-0.07892452925443649,11.069294929504395,4.706325054168701,2.296619176864624,-2.7990429401397705,7.276561737060547,-2.344409465789795,2.168436288833618,-6.843360424041748,0.30102840065956116,0.3392837941646576,0.22655154764652252,0.4284118413925171,0.2636513113975525,0.6001170873641968,0.24445421993732452,0.14833304286003113,0.368385910987854,0.14230072498321533,0.08631028234958649,0.12285880744457245,1748.2920985699889,2011.8609227596864,3645.1924641927085,0.07804814091435185,172.265625
sax_004_classic.mp3,../Data/raw/saxophone_data\sax_004_classic.mp3,saxophone_data,9,-165.01634216308594,111.16500091552734,-14.558783531188965,41.95835876464844,1.2780569791793823,14.135042190551758,7.114621162414551,5.346843719482422,1.9838556051254272,11.41891098022461,-1.3640546798706055,2.4429845809936523,-5.732471466064453,0.3032585084438324,0.21677911281585693,0.18217092752456665,0.45338794589042664,0.23116552829742432,0.4641578495502472,0.286150187253952,0.20193256437778473,0.41303953528404236,0.19717516005039215,0.3215700685977936,0.1825089454650879,1706.4617520946256,1919.622104882643,3502.6346842447915,0.0814480251736111,172.265625
sax_004_classic.mp3,../Data/raw/saxophone_data\sax_004_classic.mp3,saxophone_data,10,-167.41969299316406,120.26239776611328,-15.625153541564941,39.66921615600586,-0.7929550409317017,12.83008861541748,6.898907661437988,4.652282238006592,-0.3385844826698303,5.8277459144592285,-5.311565399169922,2.1129519939422607,-2.9032139778137207,0.2570739984512329,0.3006586730480194,0.1743973344564438,0.3405366539955139,0.17553427815437317,0.38320356607437134,0.26507723331451416,0.15610605478286743,0.29692474007606506,0.17551468312740326,0.38045239448547363,0.16998852789402008,1584.1077721220618,1836.4056835738604,3229.4820149739585,0.0722339771412037,172.265625
sax_004_classic.mp3,../Data/raw/saxophone_data\sax_004_classic.mp3,saxophone_data,11,-187.01683044433594,137.68243408203125,-8.482069969177246,35.64951705932617,1.716699481010437,12.94499683380127,2.10143780708313,-2.778733253479004,-5.114859104156494,3.5837204456329346,-1.0610450506210327,5.481723785400391,-1.0059270858764648,0.17874357104301453,0.31725525856018066,0.27105045318603516,0.6791813373565674,0.19547723233699799,0.22102753818035126,0.24576079845428467,0.14011810719966888,0.2506396174430847,0.13849122822284698,0.2144736349582672,0.10630150884389877,1344.871915010992,1721.6266091807836,2642.6025390625,0.059326171875,172.265625
sax_005_classic.mp3,../Data/raw/saxophone_data\sax_005_classic.mp3,saxophone_data,1,-358.4654846191406,112.22699737548828,6.350740432739258,34.20586395263672,-1.8919341564178467,3.096762180328369,-6.668734073638916,-0.20671230554580688,-8.488513946533203,-7.760565757751465,-15.489089012145996,-3.731501579284668,0.8290967345237732,0.7250571846961975,0.39633479714393616,0.3440714180469513,0.19404108822345734,0.129225954413414,0.09837845712900162,0.1317717283964157,0.25149115920066833,0.180930495262146,0.23045149445533752,0.15982523560523987,0.34540480375289917,1559.5486758985778,1929.4425512559446,3261.68212890625,0.06390380859375,117.45383522727273
sax_005_classic.mp3,../Data/raw/saxophone_data\sax_005_classic.mp3,saxophone_data,2,-305.22674560546875,129.53436279296875,4.452898979187012,39.33987808227539,-3.6180660724639893,1.9591755867004395,-9.519498825073242,-1.0507820844650269,-10.611855506896973,-10.351899147033691,-20.100826263427734,-6.816806793212891,-0.14681269228458405,0.7591782212257385,0.3727657198905945,0.24832135438919067,0.08597923815250397,0.043764378875494,0.018224895000457764,0.04638826102018356,0.16184383630752563,0.09800919890403748,0.20943698287010193,0.10040358453989029,0.29543182253837585,1184.7788877447852,1726.1545994935177,2493.8140869140625,0.0394287109375,117.45383522727273
sax_005_classic.mp3,../Data/raw/saxophone_data\sax_005_classic.mp3,saxophone_data,3,-257.1863708496094,112.44229888916016,3.8948049545288086,36.11399841308594,-3.9395437240600586,1.016932725906372,-7.368941783905029,-2.502277135848999,-10.657549858093262,-4.920040607452393,-16.072988510131836,-3.5067062377929688,0.2278376966714859,0.6121973991394043,0.2747170627117157,0.3292566239833832,0.15187349915504456,0.15550006926059723,0.04199399799108505,0.04254478961229324,0.10514291375875473,0.07375671714544296,0.14303374290466309,0.08607592433691025,0.286115437746048,1530.3560498860793,1998.8361388475885,3346.4691162109375,0.04958541304976852,117.45383522727273
sax_005_classic.mp3,../Data/raw/saxophone_data\sax_005_classic.mp3,saxophone_data,4,-210.74615478515625,91.865478515625,7.99506139755249,39.76496505737305,-2.9235715866088867,6.697375297546387,-1.5252901315689087,1.3453222513198853,-10.513368606567383,1.5320391654968262,-12.316741943359375,1.9506837129592896,1.57527494430542,0.7414991855621338,0.3272785246372223,0.30929791927337646,0.227866068482399,0.3042774498462677,0.1343146711587906,0.10962840914726257,0.2590672969818115,0.13989172875881195,0.08854430913925171,0.08413957059383392,0.22183746099472046,1918.8565602444637,2342.424763848377,4387.5396728515625,0.06506573712384259,117.45383522727273
sax_005_classic.mp3,../Data/raw/saxophone_data\sax_005_classic.mp3,saxophone_data,5,-182.94715881347656,86.56830596923828,2.7710132598876953,47.72007369995117,0.8535981178283691,8.507002830505371,0.11141742020845413,4.200628280639648,-7.5207905769348145,3.220679998397827,-7.681369304656982,3.1970715522766113,-2.696475028991699,0.5659092664718628,0.2942349910736084,0.23344631493091583,0.20910198986530304,0.39059072732925415,0.29273849725723267,0.21082617342472076,0.562119722366333,0.26926189661026,0.14060251414775848,0.15491552650928497,0.2965642511844635,2036.7215800810766,2336.042983308077,4487.479654947917,0.08296712239583333,117.45383522727273
sax_005_classic.mp3,../Data/raw/saxophone_data\sax_005_classic.mp3,saxophone_data,6,-159.08697509765625,84.16158294677734,-5.14544153213501,47.705928802490234,1.1770902872085571,8.631671905517578,0.13435286283493042,4.420388221740723,-7.109103202819824,6.809255123138428,-3.142443895339966,1.2668943405151367,-10.12481689453125,0.22184211015701294,0.10419967770576477,0.21215800940990448,0.3132035434246063,0.5695319175720215,0.40853092074394226,0.2826264500617981,0.5337382555007935,0.21002496778964996,0.19606351852416992,0.24099788069725037,0.4050199091434479,2124.7640462258387,2286.865099630607,4475.6663004557295,0.09234845196759259,117.45383522727273
sax_005_classic.mp3,../Data/raw/saxophone_data\sax_005_classic.mp3,saxophone_data,7,-182.65162658691406,90.31400299072266,2.23541259765625,45.86864471435547,3.259216070175171,10.820014953613281,1.279773235321045,6.678172588348389,-6.326671600341797,4.409789562225342,-9.327637672424316,-3.9968931674957275,-10.971426963806152,0.3420381247997284,0.1433238387107849,0.10888689756393433,0.21112366020679474,0.4906212091445923,0.7305545210838318,0.33569756150245667,0.2635479271411896,0.1985182911157608,0.3199644386768341,0.2409602552652359,0.3110840618610382,1979.1604363431952,2282.026216999744,4319.7499593098955,0.07586443865740741,117.45383522727273
sax_005_classic.mp3,../Data/raw/saxophone_data\sax_005_classic.mp3,saxophone_data,8,-193.12318420410156,101.03324127197266,7.452707290649414,44.38600158691406,2.7331042289733887,7.55509090423584,-0.04073510318994522,4.659252166748047,-6.529592990875244,0.9182555675506592,-14.100831985473633,-4.946173191070557,-6.744076251983643,0.5288081169128418,0.2334725707769394,0.1431175321340561,0.17693588137626648,0.44548699259757996,0.6543357372283936,0.30512070655822754,0.19439198076725006,0.17297837138175964,0.3036212921142578,0.1736564338207245,0.18750940263271332,1765.0660152470543,2230.2343720151953,4020.179239908854,0.05859375,117.45383522727273
sax_005_classic.mp3,../Data/raw/saxophone_data\sax_005_classic.mp3,saxophone_data,9,-180.4783477783203,102.79237365722656,4.8126912117004395,43.42558288574219,1.4087384939193726,6.323037147521973,-2.5637049674987793,2.8767712116241455,-6.504458427429199,4.961389064788818,-10.313138961791992,-0.1597011685371399,-4.043996334075928,0.39765965938568115,0.21615883708000183,0.314052015542984,0.3059951663017273,0.564644992351532,0.2793700397014618,0.19033664464950562,0.3022131025791168,0.1901189088821411,0.1671963632106781,0.13642816245555878,0.20765210688114166,1750.7355001356939,2208.886133289689,3965.648396809896,0.061005768952546294,117.45383522727273
sax_005_classic.mp3,../Data/raw/saxophone_data\sax_005_classic.mp3,saxophone_data,10,-173.24652099609375,93.71735382080078,8.965950965881348,39.66901779174805,0.5782650709152222,7.298971652984619,-3.7813518047332764,1.6418485641479492,-7.759213924407959,3.3415911197662354,-11.015267372131348,0.03026541881263256,-3.190742015838623,0.4581281244754791,0.2347545325756073,0.3156096935272217,0.2386525273323059,0.38122403621673584,0.158756822347641,0.1663874387741089,0.35070741176605225,0.1814005970954895,0.10541573911905289,0.10353187471628189,0.19491702318191528,1949.7216594603694,2383.225830729098,4498.0967203776045,0.06651023582175926,117.45383522727273
sax_005_classic.mp3,../Data/raw/saxophone_data\sax_005_classic.mp3,saxophone_data,11,-170.7012481689453,90.5630874633789,9.77476978302002,40.182220458984375,-0.5949863195419312,5.794454574584961,-2.516972303390503,1.6256436109542847,-10.196185111999512,0.825753390789032,-10.651735305786133,0.5274986624717712,-1.3619025945663452,0.7003111839294434,0.3071712255477905,0.21917584538459778,0.1492927521467209,0.2629077136516571,0.18147164583206177,0.1724819839000702,0.3612835705280304,0.17521202564239502,0.0958201214671135,0.08000465482473373,0.2034941464662552,1995.76918662224,2390.6766944369,4504.4769287109375,0.07007061993634259,117.45383522727273
sax_006_classic.mp3,../Data/raw/saxophone_data\sax_006_classic.mp3,saxophone_data,1,-375.1487731933594,93.56127166748047,14.152956008911133,32.607391357421875,4.318637847900391,8.505805015563965,6.777572154998779,0.05662282183766365,-7.180864334106445,-13.882033348083496,-19.67953872680664,-5.98118257522583,-11.580286026000977,0.26580148935317993,0.32596784830093384,0.3717283606529236,0.31935444474220276,0.43194103240966797,0.2322539985179901,0.3501608371734619,0.6199427843093872,0.4699763059616089,0.42485058307647705,0.3739689290523529,0.3812282681465149,1900.083502309833,2114.3110213727305,3638.6128743489585,0.10002079716435185,92.28515625
sax_006_classic.mp3,../Data/raw/saxophone_data\sax_006_classic.mp3,saxophone_data,2,-310.44354248046875,118.00595092773438,21.267337799072266,36.662349700927734,4.690083980560303,10.847639083862305,9.96554946899414,-2.1304056644439697,-13.520031929016113,-20.693498611450195,-30.756519317626953,-9.787717819213867,-17.310667037963867,0.14948707818984985,0.3573053479194641,0.5319104790687561,0.3378180265426636,0.39881646633148193,0.09839557111263275,0.1764315813779831,0.26304689049720764,0.2564975619316101,0.34663766622543335,0.24315188825130463,0.22100728750228882,1103.986179677676,1764.0606102366141,2141.8060302734375,0.043181242766203706,95.703125
sax_006_classic.mp3,../Data/raw/saxophone_data\sax_006_classic.mp3,saxophone_data,3,-321.2947998046875,120.72969055175781,22.556852340698242,29.63459014892578,4.617426872253418,12.135685920715332,9.698057174682617,3.005366086959839,-11.355645179748535,-18.22838592529297,-31.53763771057129,-14.268816947937012,-11.81475830078125,0.17216096818447113,0.593407928943634,0.9758050441741943,0.45946720242500305,0.16779915988445282,0.08791554719209671,0.27090105414390564,0.07583047449588776,0.1356610208749771,0.3036453425884247,0.15741942822933197,0.10867563635110855,1030.6240144610535,1702.1800128205634,1892.6289876302083,0.03723596643518518,95.703125
sax_006_classic.mp3,../Data/raw/saxophone_data\sax_006_classic.mp3,saxophone_data,4,-250.5872039794922,106.28522491455078,1.3331276178359985,37.155330657958984,-0.006510699167847633,2.343768835067749,7.268509387969971,-4.182118892669678,-10.412235260009766,-12.371057510375977,-26.588890075683594,-10.137054443359375,-12.530328750610352,0.2240523397922516,0.5370186567306519,0.8293975591659546,0.34785598516464233,0.12474869191646576,0.1319950968027115,0.3818971812725067,0.09769155085086823,0.22372151911258698,0.5089748501777649,0.2981131374835968,0.24641664326190948,1496.4428953993845,1899.6548291852214,2852.3518880208335,0.05884241174768518,92.28515625
sax_006_classic.mp3,../Data/raw/saxophone_data\sax_006_classic.mp3,saxophone_data,5,-169.19100952148438,86.59032440185547,-16.519960403442383,48.3033447265625,-6.258086204528809,-1.7626932859420776,8.959258079528809,-9.590471267700195,-14.982328414916992,-4.851674556732178,-24.583145141601562,-2.630105495452881,-18.023256301879883,0.2389843761920929,0.4627548158168793,0.6064634919166565,0.29218590259552,0.2551652491092682,0.18746785819530487,0.4037467837333679,0.266253799200058,0.34808090329170227,0.6259918212890625,0.4100204408168793,0.3359716534614563,2039.560265006112,2199.294526571647,4078.996785481771,0.08472809968171297,92.28515625
sax_006_classic.mp3,../Data/raw/saxophone_data\sax_006_classic.mp3,saxophone_data,6,-165.2913360595703,83.78321838378906,-17.47038459777832,49.26129913330078,-6.659056663513184,-0.5442483425140381,10.740248680114746,-7.450511932373047,-13.25625991821289,-8.53835678100586,-25.82860565185547,-5.055428981781006,-19.021263122558594,0.22202670574188232,0.45812568068504333,0.6168595552444458,0.29981449246406555,0.24340708553791046,0.200145423412323,0.4976259469985962,0.2854411005973816,0.26071399450302124,0.4209228456020355,0.3230617344379425,0.34135642647743225,2045.8026993589608,2192.131517664941,4121.415201822917,0.08942780671296297,92.28515625
sax_006_classic.mp3,../Data/raw/saxophone_data\sax_006_classic.mp3,saxophone_data,7,-167.00167846679688,80.38423919677734,-14.43252944946289,50.97885513305664,-9.413016319274902,-1.0845894813537598,11.137955665588379,-11.356632232666016,-9.979695320129395,-10.312518119812012,-23.408113479614258,-5.039477825164795,-21.0411376953125,0.23034733533859253,0.41262996196746826,0.5724589824676514,0.2767733037471771,0.23297932744026184,0.1915437877178192,0.5077880024909973,0.19959448277950287,0.268553763628006,0.49750956892967224,0.3670028746128082,0.39395198225975037,2042.3884221940102,2198.344639519952,4126.7486572265625,0.09153012876157407,92.28515625
sax_006_classic.mp3,../Data/raw/saxophone_data\sax_006_classic.mp3,saxophone_data,8,-166.9151153564453,82.07439422607422,-10.539765357971191,54.66880798339844,-9.019083023071289,0.8291687369346619,12.545794486999512,-10.168127059936523,-7.357263565063477,-5.863779544830322,-19.427669525146484,-1.7801109552383423,-21.566831588745117,0.20010347664356232,0.39508378505706787,0.5050861835479736,0.212519109249115,0.20852497220039368,0.20538540184497833,0.500652551651001,0.38051292300224304,0.39326298236846924,0.5608264207839966,0.3651435375213623,0.3584371507167816,2025.28202355613,2206.1045247243196,4142.350260416667,0.08908872251157407,89.10290948275862
sax_006_classic.mp3,../Data/raw/saxophone_data\sax_006_classic.mp3,saxophone_data,9,-165.8809356689453,87.83770751953125,-13.06398868560791,55.16514587402344,-6.841050148010254,0.132393017411232,10.686744689941406,-9.577550888061523,-9.089127540588379,-1.1547682285308838,-19.010093688964844,-0.9558330774307251,-21.975893020629883,0.20295925438404083,0.3289792835712433,0.43368837237358093,0.2710765600204468,0.3264564573764801,0.22991381585597992,0.4605405032634735,0.44517290592193604,0.3724875748157501,0.5438502430915833,0.3654841184616089,0.42644956707954407,1976.3718804927655,2171.0645640209527,4076.5543619791665,0.08550799334490741,89.10290948275862
sax_006_classic.mp3,../Data/raw/saxophone_data\sax_006_classic.mp3,saxophone_data,10,-159.9442596435547,85.70413970947266,-11.444317817687988,54.51198196411133,-5.213863372802734,-0.8694507479667664,10.09172248840332,-9.43618392944336,-10.58112907409668,-0.9950177073478699,-20.051513671875,-0.8209430575370789,-21.37038803100586,0.19320428371429443,0.35225582122802734,0.48955345153808594,0.3054400682449341,0.34576699137687683,0.19399186968803406,0.3412752151489258,0.39989951252937317,0.42866599559783936,0.6142922043800354,0.3882005214691162,0.3990060091018677,2062.1944937387952,2243.0315393966976,4265.0197347005205,0.08786575882523148,198.76802884615384
sax_006_classic.mp3,../Data/raw/saxophone_data\sax_006_classic.mp3,saxophone_data,11,-163.90733337402344,73.50275421142578,-0.5724911093711853,51.04442596435547,-1.3804876804351807,0.4956335425376892,9.811891555786133,-7.834916114807129,-10.718128204345703,-3.270562171936035,-20.14903450012207,-1.0598928928375244,-20.35960578918457,0.19137580692768097,0.4259059727191925,0.48755741119384766,0.2846263349056244,0.3402169644832611,0.175392746925354,0.3219560980796814,0.4143694043159485,0.47194865345954895,0.6527404189109802,0.40728986263275146,0.327548623085022,2306.196950693163,2490.714082127647,4908.174641927083,0.0928615993923611,89.10290948275862
sax_007_classic.mp3,../Data/raw/saxophone_data\sax_007_classic.mp3,saxophone_data,1,-411.9347229003906,125.23304748535156,2.9066598415374756,30.846059799194336,8.386195182800293,2.626337766647339,-6.084651947021484,-1.769459843635559,-10.019254684448242,-5.041922092437744,-6.21506404876709,-7.273207664489746,-8.638776779174805,0.18126560747623444,0.17170828580856323,0.11975012719631195,0.13766896724700928,0.29265958070755005,0.1878732591867447,0.3262217044830322,0.36155059933662415,0.6107794642448425,0.3291085958480835,0.12816259264945984,0.26496681571006775,1374.3625873380977,1882.7635590008983,2954.9835205078125,0.04551414207175926,99.38401442307692
sax_007_classic.mp3,../Data/raw/saxophone_data\sax_007_classic.mp3,saxophone_data,2,-348.5999755859375,154.3838653564453,-2.3506898880004883,31.579391479492188,5.831707954406738,-2.1358675956726074,-12.954401016235352,-5.999434471130371,-16.217023849487305,-10.446922302246094,-11.268828392028809,-11.844032287597656,-11.521172523498535,0.17728932201862335,0.17659975588321686,0.08038769662380219,0.14885200560092926,0.3217923939228058,0.13669070601463318,0.19455575942993164,0.16218778491020203,0.41184860467910767,0.296603262424469,0.17562539875507355,0.4284851849079132,1073.5847547376134,1543.7399664803454,2014.7501627604167,0.041693793402777776,198.76802884615384
sax_007_classic.mp3,../Data/raw/saxophone_data\sax_007_classic.mp3,saxophone_data,3,-372.5563659667969,163.91529846191406,1.6326889991760254,32.203147888183594,10.46273422241211,2.1441304683685303,-11.115918159484863,-1.3766688108444214,-11.94265079498291,-5.597781658172607,-9.077574729919434,-9.421891212463379,-12.230554580688477,0.25416919589042664,0.22767698764801025,0.09411206096410751,0.19421721994876862,0.4727570116519928,0.20801609754562378,0.254746675491333,0.10391643643379211,0.20266865193843842,0.3591606616973877,0.33465462923049927,0.6523454189300537,950.7665892181811,1459.4454483451098,1686.1195882161458,0.03631139684606482,198.76802884615384
sax_007_classic.mp3,../Data/raw/saxophone_data\sax_007_classic.mp3,saxophone_data,4,-369.004150390625,156.17686462402344,-4.603610038757324,29.795738220214844,10.439207077026367,3.145254135131836,-10.445151329040527,-0.22281873226165771,-10.456513404846191,-1.5745489597320557,-5.684756278991699,-6.3783488273620605,-13.249262809753418,0.20214994251728058,0.16486702859401703,0.05982356518507004,0.16141574084758759,0.4651339054107666,0.22536154091358185,0.40005263686180115,0.18125736713409424,0.32665398716926575,0.24109745025634766,0.24748462438583374,0.5316340923309326,1069.5121878550165,1518.275693036435,1900.5045572916667,0.048572681568287035,99.38401442307692
sax_007_classic.mp3,../Data/raw/saxophone_data\sax_007_classic.mp3,saxophone_data,5,-332.6186218261719,145.28187561035156,-16.45353889465332,27.71540641784668,4.491781234741211,-1.8936132192611694,-12.68722152709961,-4.334987163543701,-11.396393775939941,-2.0536513328552246,-7.680292129516602,-8.12941837310791,-11.538389205932617,0.11842530220746994,0.10458379983901978,0.04728871211409569,0.1435210257768631,0.31130626797676086,0.14495700597763062,0.3556916415691376,0.20594292879104614,0.4449334442615509,0.1470998227596283,0.11020307242870331,0.3666526675224304,1288.1270026826649,1604.8661846063928,2394.8211669921875,0.07015426070601852,99.38401442307692
sax_007_classic.mp3,../Data/raw/saxophone_data\sax_007_classic.mp3,saxophone_data,6,-327.13848876953125,148.29383850097656,-14.152989387512207,30.284469604492188,3.3789124488830566,-4.871237277984619,-11.766551971435547,-2.0924882888793945,-8.267111778259277,-6.450112819671631,-18.255876541137695,-8.247875213623047,-3.7459375858306885,0.21707269549369812,0.21181108057498932,0.05038946121931076,0.139008030295372,0.25831085443496704,0.1062081977725029,0.20837756991386414,0.12969893217086792,0.3349284529685974,0.2650339603424072,0.22970789670944214,0.6472184062004089,1253.7450101848367,1575.6648361843424,2370.396931966146,0.07287145543981481,198.76802884615384
sax_007_classic.mp3,../Data/raw/saxophone_data\sax_007_classic.mp3,saxophone_data,7,-342.1558837890625,149.9717559814453,-9.984087944030762,33.10911560058594,4.798480033874512,0.17304907739162445,-8.676173210144043,-1.5010391473770142,-5.228594779968262,-6.710915565490723,-18.96575164794922,-7.9466376304626465,-4.8634819984436035,0.28643158078193665,0.18206535279750824,0.03662453219294548,0.11408177018165588,0.26575109362602234,0.1317870169878006,0.30788418650627136,0.10230732709169388,0.16868342459201813,0.21439610421657562,0.3171892464160919,0.8635279536247253,1188.3810957767284,1561.8800353356573,2275.5411783854165,0.06537091290509259,198.76802884615384
sax_007_classic.mp3,../Data/raw/saxophone_data\sax_007_classic.mp3,saxophone_data,8,-339.3365783691406,151.3815155029297,-13.402045249938965,36.29778289794922,2.4922475814819336,5.666869163513184,-9.907425880432129,-4.690932750701904,-5.789861679077148,-6.232390403747559,-6.915162086486816,-8.863924026489258,-11.608250617980957,0.18018189072608948,0.019445518031716347,0.031736042350530624,0.2260030061006546,0.4920320212841034,0.16724808514118195,0.27234596014022827,0.10389666259288788,0.14075198769569397,0.08825782686471939,0.2400561273097992,0.6382313966751099,1127.4800558037434,1492.5535927966453,2105.418904622396,0.05246536820023148,99.38401442307692
sax_007_classic.mp3,../Data/raw/saxophone_data\sax_007_classic.mp3,saxophone_data,9,-329.3033142089844,149.66354370117188,-17.512632369995117,36.54787063598633,-2.309123992919922,3.593318223953247,-14.979345321655273,-4.4101338386535645,-7.72138786315918,-8.618066787719727,-1.120801329612732,-8.638364791870117,-11.857194900512695,0.07536385953426361,0.016192147508263588,0.07884472608566284,0.40966808795928955,0.7811710834503174,0.22723335027694702,0.10778684169054031,0.07719462364912033,0.12494877725839615,0.05501614511013031,0.13093054294586182,0.2606362998485565,1105.5785802884686,1440.6572034720248,2026.812744140625,0.04634150752314815,99.38401442307692
sax_007_classic.mp3,../Data/raw/saxophone_data\sax_007_classic.mp3,saxophone_data,10,-324.342529296875,148.14837646484375,-21.232568740844727,33.28994369506836,-7.153336048126221,0.6521555781364441,-17.482528686523438,-3.0663645267486572,-11.148439407348633,-9.856827735900879,-2.5971951484680176,-10.156594276428223,-12.82744312286377,0.04514211043715477,0.05964808166027069,0.15062667429447174,0.5610883235931396,0.7841999530792236,0.165915384888649,0.06828193366527557,0.0414818711578846,0.08203094452619553,0.11073005944490433,0.14144399762153625,0.1545310616493225,1158.6843042353282,1461.617152953368,2113.8427734375,0.04982955367476852,99.38401442307692
sax_007_classic.mp3,../Data/raw/saxophone_data\sax_007_classic.mp3,saxophone_data,11,-302.8739013671875,138.04913330078125,-29.656932830810547,29.661888122558594,-13.989648818969727,1.7507681846618652,-15.82693862915039,0.11426233500242233,-11.750540733337402,-14.441871643066406,-3.47463059425354,-13.089385986328125,-13.351409912109375,0.07519841194152832,0.15012076497077942,0.1344630867242813,0.4177537262439728,0.5632316470146179,0.1811147928237915,0.23122131824493408,0.16596148908138275,0.2499455362558365,0.21626989543437958,0.15053147077560425,0.1683371216058731,1397.9270066170895,1538.8702178426934,2572.4700927734375,0.06817400896990741,198.76802884615384
sax_008_classic.mp3,../Data/raw/saxophone_data\sax_008_classic.mp3,saxophone_data,1,-372.98870849609375,98.24112701416016,-37.63351821899414,12.431047439575195,-10.118656158447266,2.776501178741455,-11.753807067871094,-6.486574172973633,-1.2661296129226685,7.5790276527404785,12.396138191223145,-1.5903737545013428,-13.076360702514648,0.0920901894569397,0.16987057030200958,0.4265497624874115,0.16886189579963684,0.16346648335456848,0.16819064319133759,0.5660503506660461,0.40312036871910095,0.15829439461231232,0.26452240347862244,0.11247827112674713,0.13904139399528503,1780.0297559638211,1662.7529197053823,3228.9835611979165,0.09615071614583333,112.34714673913044
sax_008_classic.mp3,../Data/raw/saxophone_data\sax_008_classic.mp3,saxophone_data,2,-316.0802917480469,120.94497680664062,-39.024024963378906,22.422182083129883,-14.041126251220703,0.4006771743297577,-14.387638092041016,-12.946455955505371,-13.904425621032715,-5.374503135681152,9.333817481994629,2.7864949703216553,-11.623149871826172,0.06234382838010788,0.08677515387535095,0.23996978998184204,0.085858553647995,0.1346910148859024,0.16919386386871338,0.8535357713699341,0.30912527441978455,0.06869462132453918,0.07860592752695084,0.07430208474397659,0.2333628088235855,1556.8728146808712,1476.2060718208727,2615.985107421875,0.10077130353009259,112.34714673913044
sax_008_classic.mp3,../Data/raw/saxophone_data\sax_008_classic.mp3,saxophone_data,3,-309.8297424316406,74.68461608886719,-44.08973693847656,16.390161514282227,-21.346303939819336,-2.334260940551758,-11.760374069213867,-14.990083694458008,-16.43030548095703,-1.2858341932296753,11.310568809509277,10.430084228515625,-5.795675754547119,0.11140743643045425,0.040217116475105286,0.06759330630302429,0.06158626452088356,0.11603038758039474,0.19000394642353058,0.965013861656189,0.2282324582338333,0.03425655886530876,0.009751355275511742,0.06530904769897461,0.2704229950904846,2081.246877083876,1776.961042652917,3618.6747233072915,0.1236278392650463,172.265625
sax_008_classic.mp3,../Data/raw/saxophone_data\sax_008_classic.mp3,saxophone_data,4,-273.0895690917969,71.54489135742188,-30.60373878479004,22.90040397644043,-18.763669967651367,-3.3284146785736084,-9.34396743774414,-18.635852813720703,-21.351301193237305,0.12024830281734467,5.540257930755615,8.116987228393555,-7.783987522125244,0.2955889105796814,0.07686147838830948,0.06706265360116959,0.10323747992515564,0.2823798954486847,0.18578216433525085,0.76066654920578,0.34399834275245667,0.06736274808645248,0.02131488360464573,0.09579095244407654,0.4261102080345154,2203.9316981097572,2002.6933347591796,4091.7572021484375,0.12782570167824073,172.265625
sax_008_classic.mp3,../Data/raw/saxophone_data\sax_008_classic.mp3,saxophone_data,5,-295.873291015625,62.60066604614258,-23.856531143188477,26.533647537231445,-18.212810516357422,-7.147876739501953,-9.984637260437012,-18.12750244140625,-23.162084579467773,1.505265712738037,4.16385555267334,10.016239166259766,-4.719945430755615,0.2689603269100189,0.1479358971118927,0.2662270963191986,0.16021297872066498,0.3968164920806885,0.1626807004213333,0.5412806272506714,0.3542250394821167,0.11055609583854675,0.10719979554414749,0.14340077340602875,0.46478649973869324,2525.240370658725,2145.1699941236398,4586.472574869792,0.1581714771412037,172.265625
sax_008_classic.mp3,../Data/raw/saxophone_data\sax_008_classic.mp3,saxophone_data,6,-291.99481201171875,76.7230453491211,-18.073999404907227,30.55362892150879,-15.040385246276855,-3.562981605529785,-8.487560272216797,-12.535921096801758,-15.662545204162598,3.572174310684204,-6.706793785095215,4.217790603637695,-0.014036531560122967,0.28514063358306885,0.1613868772983551,0.25767388939857483,0.1915820986032486,0.4592632055282593,0.1562499701976776,0.2945752441883087,0.15822429955005646,0.1784954071044922,0.4093465507030487,0.2276127189397812,0.34729647636413574,2236.554935375266,2112.844061157378,4312.5722249348955,0.12174027054398148,172.265625
sax_008_classic.mp3,../Data/raw/saxophone_data\sax_008_classic.mp3,saxophone_data,7,-330.9798583984375,79.49909210205078,-16.367124557495117,31.337501525878906,-10.082971572875977,14.894766807556152,0.2898726165294647,-13.04025650024414,-8.806838989257812,12.238932609558105,-0.014107032679021358,5.165284156799316,1.3663015365600586,0.2653145492076874,0.07372788339853287,0.02385689876973629,0.1266595721244812,0.4990711808204651,0.1429452896118164,0.2646229565143585,0.06292932480573654,0.13617496192455292,0.41516298055648804,0.1709398627281189,0.20794691145420074,1932.1805805394704,1930.0422813707764,3881.35986328125,0.0984768337673611,172.265625
sax_008_classic.mp3,../Data/raw/saxophone_data\sax_008_classic.mp3,saxophone_data,8,-426.0935974121094,38.68167495727539,-35.76942825317383,17.001968383789062,-15.696745872497559,24.672657012939453,2.8576581478118896,-12.46832275390625,-1.7266563177108765,24.932010650634766,27.501676559448242,28.20624542236328,3.156083345413208,0.03896588832139969,0.03774377703666687,0.15472513437271118,0.07935436815023422,0.35426273941993713,0.10815176367759705,0.3984864056110382,0.1804877519607544,0.03907521441578865,0.09777521342039108,0.02040894329547882,0.022777853533625603,2221.044511270125,1831.4601699121954,4183.5723876953125,0.13240333839699073,99.38401442307692
sax_008_classic.mp3,../Data/raw/saxophone_data\sax_008_classic.mp3,saxophone_data,9,-436.3172607421875,31.689714431762695,-41.697269439697266,12.035439491271973,-22.948400497436523,22.206642150878906,5.860111236572266,-9.87138557434082,-7.546098709106445,13.064447402954102,19.354148864746094,35.34990310668945,10.165863990783691,0.005152037832885981,0.059655848890542984,0.43360042572021484,0.11485452204942703,0.3377532660961151,0.07270780950784683,0.1481446474790573,0.15138956904411316,0.02626309171319008,0.005903374403715134,0.0044853659346699715,0.0173014085739851,2147.1019871576136,1772.6144872458146,4069.6258544921875,0.1214916087962963,99.38401442307692
sax_008_classic.mp3,../Data/raw/saxophone_data\sax_008_classic.mp3,saxophone_data,10,-370.7496337890625,42.45066452026367,-46.03689193725586,22.172670364379883,-23.524324417114258,11.982667922973633,0.19635151326656342,-15.58201789855957,-15.002982139587402,1.11434006690979,1.7935869693756104,25.03838348388672,3.2582035064697266,0.004983409307897091,0.054334498941898346,0.28854382038116455,0.16064271330833435,0.7183713316917419,0.08889298141002655,0.0038697789423167706,0.002211441984400153,0.0073607913218438625,0.0052530658431351185,0.0053713684901595116,0.019752809777855873,2244.4806558365194,1868.3842446679575,4200.2207438151045,0.11524793836805555,117.45383522727273
sax_008_classic.mp3,../Data/raw/saxophone_data\sax_008_classic.mp3,saxophone_data,11,-341.93963623046875,46.2681884765625,-50.75487518310547,29.425825119018555,-18.91783332824707,8.578865051269531,-5.121600151062012,-16.350940704345703,-14.448925018310547,3.672886610031128,3.4215471744537354,16.810184478759766,-9.274428367614746,0.004128833767026663,0.0035667282063513994,0.006677070166915655,0.1751054972410202,1.0,0.12370187789201736,0.003549054265022278,0.002686320571228862,0.008505817502737045,0.0021817516535520554,0.005992131773382425,0.024683047086000443,2302.406313331714,1902.4555464787602,4234.9131266276045,0.11892135054976852,99.38401442307692
sax_009_classic.mp3,../Data/raw/saxophone_data\sax_009_classic.mp3,saxophone_data,1,-240.0983123779297,86.20341491699219,14.034590721130371,40.51991271972656,0.22884820401668549,19.546016693115234,8.569393157958984,9.604209899902344,5.599905490875244,6.637460231781006,-2.4081387519836426,3.671738862991333,-2.478100299835205,0.563791811466217,0.4807243347167969,0.5490875840187073,0.5262749195098877,0.5072129368782043,0.46028387546539307,0.3878849148750305,0.4329698085784912,0.5330402851104736,0.5592087507247925,0.6171999573707581,0.6089428663253784,1960.1063085186022,2393.796394573043,4565.2882893880205,0.05739565248842592,151.99908088235293
sax_009_classic.mp3,../Data/raw/saxophone_data\sax_009_classic.mp3,saxophone_data,2,-170.43746948242188,109.34310150146484,7.50296688079834,39.877349853515625,-7.704726696014404,21.901941299438477,10.55552864074707,8.339346885681152,6.679861068725586,8.234783172607422,-2.9446537494659424,4.570634365081787,-2.9496850967407227,0.6635146141052246,0.5056815147399902,0.4515668749809265,0.5085940957069397,0.49842992424964905,0.5057626366615295,0.39560166001319885,0.34966832399368286,0.4432949721813202,0.48177096247673035,0.5363438725471497,0.5404282808303833,1752.0026180286907,2222.5347129231127,4039.0706380208335,0.05458351417824074,151.99908088235293
sax_009_classic.mp3,../Data/raw/saxophone_data\sax_009_classic.mp3,saxophone_data,3,-168.36634826660156,115.00833892822266,7.344449996948242,40.74625778198242,-6.944507598876953,23.43446159362793,11.999870300292969,9.067752838134766,7.465088844299316,8.75857162475586,-2.858132839202881,4.485907554626465,-2.900298595428467,0.6552075743675232,0.49234506487846375,0.4657926559448242,0.5250365734100342,0.5364579558372498,0.5201539397239685,0.38425764441490173,0.3441298007965088,0.43094655871391296,0.46979257464408875,0.5036383271217346,0.5194104313850403,1622.405689899622,2152.3552160334657,3768.4102376302085,0.04691116898148148,151.99908088235293
sax_009_classic.mp3,../Data/raw/saxophone_data\sax_009_classic.mp3,saxophone_data,4,-171.39413452148438,112.80689239501953,11.295677185058594,41.28667449951172,-4.701528549194336,22.76970672607422,11.044153213500977,9.194316864013672,5.851372241973877,7.904394149780273,-3.0170483589172363,3.512662649154663,-2.780177593231201,0.7357655763626099,0.5319483280181885,0.42176592350006104,0.43183112144470215,0.4837553799152374,0.5487444996833801,0.3850352466106415,0.3249121904373169,0.3963189721107483,0.48464301228523254,0.5241952538490295,0.5551332831382751,1654.7420872785854,2219.605435096962,3942.5699869791665,0.04500551576967592,151.99908088235293
sax_009_classic.mp3,../Data/raw/saxophone_data\sax_009_classic.mp3,saxophone_data,5,-147.92657470703125,103.80841064453125,9.303098678588867,36.28060531616211,-5.455807209014893,18.43798828125,7.85108757019043,5.714265823364258,2.3870959281921387,5.248074054718018,-3.7513532638549805,1.8682011365890503,-4.417203426361084,0.7324977517127991,0.5072463154792786,0.33270278573036194,0.44790413975715637,0.4545919597148895,0.6494517922401428,0.4295368492603302,0.2980838716030121,0.37445953488349915,0.41126060485839844,0.4423840343952179,0.4744633436203003,1927.6056920910405,2353.2412560486855,4505.124918619792,0.0686939380787037,151.99908088235293
sax_009_classic.mp3,../Data/raw/saxophone_data\sax_009_classic.mp3,saxophone_data,6,-120.52808380126953,96.78046417236328,-4.196010589599609,33.08875274658203,-8.751982688903809,16.056339263916016,8.065914154052734,1.1118236780166626,1.5379061698913574,3.1600375175476074,-3.959939479827881,1.7394160032272339,-5.510443210601807,0.5167680382728577,0.4114267826080322,0.3785199522972107,0.599995493888855,0.399175763130188,0.5330176949501038,0.2955543100833893,0.27274179458618164,0.44128307700157166,0.34424489736557007,0.38400059938430786,0.33411866426467896,2183.941562136658,2374.7632976747122,4821.543375651042,0.09404161241319445,151.99908088235293
sax_009_classic.mp3,../Data/raw/saxophone_data\sax_009_classic.mp3,saxophone_data,7,-114.63549041748047,96.68883514404297,-10.856081008911133,32.78538131713867,-12.017037391662598,16.33069610595703,9.210587501525879,-0.030697081238031387,2.8426859378814697,3.7481846809387207,-3.803429126739502,2.0211267471313477,-4.660346508026123,0.42087703943252563,0.39769190549850464,0.38888612389564514,0.5120438933372498,0.3669135272502899,0.5234184861183167,0.2795799970626831,0.26534971594810486,0.4059453308582306,0.3598262369632721,0.45911160111427307,0.31897857785224915,2220.619397342647,2339.1749736140728,4781.667073567708,0.10167100694444445,151.99908088235293
sax_009_classic.mp3,../Data/raw/saxophone_data\sax_009_classic.mp3,saxophone_data,8,-118.0128402709961,100.75601196289062,-9.242469787597656,33.82286071777344,-10.715776443481445,14.506287574768066,8.808418273925781,-0.06410810351371765,2.8103444576263428,4.801415920257568,-3.9536468982696533,1.2669752836227417,-4.917354106903076,0.43875831365585327,0.2988404929637909,0.3818424642086029,0.5458356142044067,0.45592162013053894,0.6227309703826904,0.28983208537101746,0.25548404455184937,0.3529508113861084,0.3525099456310272,0.44713538885116577,0.32670655846595764,2126.4982537765613,2307.6228757860817,4647.184244791667,0.09592692057291667,151.99908088235293
sax_009_classic.mp3,../Data/raw/saxophone_data\sax_009_classic.mp3,saxophone_data,9,-116.05648040771484,100.09230041503906,-7.6487345695495605,35.575687408447266,-7.102619171142578,13.007471084594727,9.682908058166504,-0.01676870323717594,1.7982816696166992,3.5643038749694824,-4.438657760620117,1.252221703529358,-5.240320205688477,0.42838701605796814,0.4016563892364502,0.3701094388961792,0.515990674495697,0.36394405364990234,0.5424869060516357,0.2836056351661682,0.2677086591720581,0.48865050077438354,0.3978380858898163,0.46340975165367126,0.3254746198654175,2134.392932212346,2330.165379266999,4670.3125,0.09501139322916667,151.99908088235293
sax_009_classic.mp3,../Data/raw/saxophone_data\sax_009_classic.mp3,saxophone_data,10,-108.63365936279297,92.76139068603516,-6.10712194442749,31.680627822875977,-6.932222843170166,13.92310905456543,8.452418327331543,1.4532010555267334,1.7281146049499512,2.410410165786743,-4.300852298736572,3.5659067630767822,-3.4556806087493896,0.4746497571468353,0.44450461864471436,0.39553648233413696,0.42526087164878845,0.3225170075893402,0.4577973783016205,0.2342686951160431,0.2870079278945923,0.4379204213619232,0.3712713420391083,0.5080539584159851,0.33115154504776,2279.919736145391,2426.2192925640693,4915.751139322917,0.10398356119791667,151.99908088235293
sax_009_classic.mp3,../Data/raw/saxophone_data\sax_009_classic.mp3,saxophone_data,11,-111.52437591552734,94.58033752441406,-6.721216678619385,29.26319122314453,-5.443022727966309,16.004323959350586,5.798075199127197,1.0659103393554688,1.6393591165542603,2.6049556732177734,-5.249139785766602,5.418456077575684,-1.281468391418457,0.4500555396080017,0.38514673709869385,0.3925739824771881,0.4810568392276764,0.3157709836959839,0.39903655648231506,0.20796005427837372,0.22375516593456268,0.38096675276756287,0.3364625573158264,0.567805290222168,0.3337444067001343,2247.738453865802,2404.1685494387802,4851.8992106119795,0.10500307436342593,151.99908088235293
sax_010_classic.mp3,../Data/raw/saxophone_data\sax_010_classic.mp3,saxophone_data,1,-545.8388061523438,147.24728393554688,-48.28544235229492,-22.499895095825195,8.105253219604492,6.586248874664307,-6.474090576171875,-2.324511766433716,-1.187327265739441,0.2237452119588852,-0.8975358605384827,0.23984301090240479,-11.69899845123291,0.17210060358047485,0.264290452003479,0.6675670146942139,0.32302066683769226,0.29123079776763916,0.3260202407836914,0.45051953196525574,0.6160664558410645,0.3140006363391876,0.28513649106025696,0.2020544856786728,0.6131662726402283,1451.3244208077338,1505.2049558896601,2171.7631022135415,0.09140579788773148,89.10290948275862
sax_010_classic.mp3,../Data/raw/saxophone_data\sax_010_classic.mp3,saxophone_data,2,-498.9053955078125,151.38754272460938,-51.87374496459961,-14.646519660949707,10.531760215759277,13.55295181274414,-0.24898189306259155,-0.1947965919971466,2.3868556022644043,0.3540063202381134,-1.1198760271072388,-2.6249547004699707,-11.246275901794434,0.2277863770723343,0.23439528048038483,0.7584093809127808,0.28665637969970703,0.2268390953540802,0.3111914396286011,0.5137243270874023,0.6387496590614319,0.2680578827857971,0.33061593770980835,0.20700903236865997,0.576118528842926,1439.348579126532,1514.8232975067092,2122.3663330078125,0.09232584635416667,143.5546875
sax_010_classic.mp3,../Data/raw/saxophone_data\sax_010_classic.mp3,saxophone_data,3,-409.822998046875,152.6061248779297,-80.8209457397461,5.620098114013672,5.4844746589660645,10.606138229370117,2.1663706302642822,-1.4073777198791504,3.184386730194092,1.6384942531585693,-2.8659582138061523,-1.8911452293395996,-8.467828750610352,0.2885773479938507,0.3183109760284424,0.623714804649353,0.24791070818901062,0.3745764195919037,0.32128775119781494,0.5696564316749573,0.4575358033180237,0.23010876774787903,0.5138150453567505,0.23276928067207336,0.5225870609283447,1534.5987584021307,1319.1759671320285,2356.440226236979,0.1143482349537037,73.828125
sax_010_classic.mp3,../Data/raw/saxophone_data\sax_010_classic.mp3,saxophone_data,4,-311.1311950683594,149.04232788085938,-73.43627166748047,19.94032859802246,5.536438941955566,11.360223770141602,8.651650428771973,-0.4118361175060272,8.025245666503906,2.32759428024292,-4.0936970710754395,-3.7120087146759033,-3.8350343704223633,0.3521660566329956,0.31852173805236816,0.3344667851924896,0.2739497423171997,0.5619617104530334,0.26653748750686646,0.4113787114620209,0.4044898748397827,0.3072700798511505,0.6030890941619873,0.29762089252471924,0.3875969350337982,1477.7819324922991,1331.1213868326822,2602.0782470703125,0.09993037471064815,73.828125
sax_010_classic.mp3,../Data/raw/saxophone_data\sax_010_classic.mp3,saxophone_data,5,-207.6839141845703,119.67583465576172,-41.25175094604492,19.329898834228516,0.10513390600681305,21.78716278076172,12.758203506469727,7.691582202911377,11.751776695251465,6.780770301818848,-4.315303325653076,-0.47715872526168823,-2.8391354084014893,0.37009280920028687,0.3029782772064209,0.45048338174819946,0.3094620108604431,0.4404571056365967,0.23758068680763245,0.3601122498512268,0.4483742117881775,0.37098240852355957,0.6228064298629761,0.34077078104019165,0.4185577929019928,1907.149018201305,1945.840320254201,3970.832316080729,0.0928638599537037,73.828125
sax_010_classic.mp3,../Data/raw/saxophone_data\sax_010_classic.mp3,saxophone_data,6,-161.52169799804688,96.9873046875,-20.712934494018555,8.138084411621094,1.3291854858398438,19.768346786499023,10.197996139526367,8.196516990661621,6.6236958503723145,8.92757797241211,-5.685232639312744,3.5416276454925537,-5.349164962768555,0.3934274911880493,0.38165757060050964,0.6178227066993713,0.3257291913032532,0.29810142517089844,0.19292853772640228,0.38738006353378296,0.40142321586608887,0.28520843386650085,0.5680785775184631,0.29881224036216736,0.46383151412010193,2208.288733252725,2376.953158297391,4728.33251953125,0.09737367983217593,73.828125
sax_010_classic.mp3,../Data/raw/saxophone_data\sax_010_classic.mp3,saxophone_data,7,-172.17898559570312,104.2842788696289,-21.35746192932129,8.444677352905273,7.138952732086182,20.276039123535156,10.705853462219238,10.075281143188477,6.14962100982666,10.703665733337402,-4.593800067901611,2.0470163822174072,-6.159796714782715,0.4410977065563202,0.40937477350234985,0.5999592542648315,0.34455808997154236,0.36430302262306213,0.23079079389572144,0.344592809677124,0.5229231715202332,0.30666473507881165,0.4537809193134308,0.2910236418247223,0.47608262300491333,2057.342882197332,2306.899320380719,4384.598795572917,0.0875244140625,143.5546875
sax_010_classic.mp3,../Data/raw/saxophone_data\sax_010_classic.mp3,saxophone_data,8,-151.7254180908203,107.40474700927734,-18.38985824584961,13.566821098327637,9.598804473876953,17.488107681274414,8.192968368530273,7.5722174644470215,-0.5171802639961243,10.349082946777344,-3.722872734069824,3.557295560836792,-5.731064319610596,0.2902831435203552,0.30520761013031006,0.4966607689857483,0.3066878914833069,0.30686166882514954,0.21104274690151215,0.30425313115119934,0.4777400493621826,0.3623211085796356,0.5030138492584229,0.35542887449264526,0.4100057780742645,1958.6974933366798,2248.367214227503,4045.3511555989585,0.07850703486689815,143.5546875
sax_010_classic.mp3,../Data/raw/saxophone_data\sax_010_classic.mp3,saxophone_data,9,-146.14256286621094,115.92860412597656,-16.222030639648438,13.150360107421875,9.351056098937988,13.915486335754395,7.091480731964111,5.935443878173828,-5.041554927825928,6.6767191886901855,-9.69638442993164,1.8939648866653442,-5.173112869262695,0.22137774527072906,0.17885485291481018,0.21367694437503815,0.19281025230884552,0.28949201107025146,0.13226386904716492,0.14765313267707825,0.22286586463451385,0.3627249300479889,0.7131714224815369,0.39787086844444275,0.2665119171142578,1727.604884259428,2135.228839968473,3511.8560791015625,0.06481255425347222,143.5546875
sax_010_classic.mp3,../Data/raw/saxophone_data\sax_010_classic.mp3,saxophone_data,10,-161.60401916503906,125.53226470947266,-23.825119018554688,12.195350646972656,7.434356689453125,14.814448356628418,8.504852294921875,8.738165855407715,-1.1397401094436646,6.680835247039795,-9.259659767150879,-1.0990920066833496,-5.253457546234131,0.3124959170818329,0.19651533663272858,0.22219495475292206,0.25029507279396057,0.39786937832832336,0.21179063618183136,0.1749131828546524,0.2867102324962616,0.31092026829719543,0.6343970894813538,0.39476367831230164,0.386924147605896,1650.376850367854,2004.2681291560907,3261.731974283854,0.06880018446180555,143.5546875
sax_010_classic.mp3,../Data/raw/saxophone_data\sax_010_classic.mp3,saxophone_data,11,-145.79583740234375,122.06288146972656,-26.48305892944336,11.401477813720703,3.5198161602020264,8.569990158081055,5.5738701820373535,2.383610963821411,-6.802241802215576,6.162691593170166,-8.92573070526123,-0.5224290490150452,-5.755175590515137,0.2319502979516983,0.18687070906162262,0.280047208070755,0.3084833025932312,0.39419758319854736,0.2144772708415985,0.2226235568523407,0.3909308612346649,0.3254891633987427,0.5072597861289978,0.3378896117210388,0.3841363191604614,1685.2137880341286,2010.0663994134602,3296.324666341146,0.06605134186921297,143.5546875
sax_011_classic.mp3,../Data/raw/saxophone_data\sax_011_classic.mp3,saxophone_data,1,-236.6317596435547,51.98049545288086,-47.894508361816406,22.923084259033203,-15.596179008483887,-17.269384384155273,-27.42948341369629,-10.009302139282227,-15.673713684082031,-5.407987117767334,-12.600297927856445,-7.929620265960693,-11.646050453186035,0.1204269602894783,0.2287454605102539,0.23668412864208221,0.19732560217380524,0.49481967091560364,0.21302907168865204,0.29964518547058105,0.18169458210468292,0.4581952691078186,0.9112964868545532,0.2641890048980713,0.14002816379070282,2604.5125343365676,2200.397636063051,4765.816243489583,0.14006438078703703,258.3984375
sax_011_classic.mp3,../Data/raw/saxophone_data\sax_011_classic.mp3,saxophone_data,2,-156.98065185546875,59.11073684692383,-24.50896453857422,27.647384643554688,-3.413891553878784,-6.896874904632568,-16.234573364257812,-1.5604788064956665,-7.652945041656494,0.5437328219413757,-6.674951553344727,-1.219656229019165,-8.078155517578125,0.15543968975543976,0.24936993420124054,0.20917226374149323,0.21891635656356812,0.4136350750923157,0.21650896966457367,0.3031557500362396,0.19847364723682404,0.5124008655548096,0.9139103293418884,0.35483890771865845,0.21026527881622314,2704.630379103369,2464.2192612498297,5388.584391276042,0.1349193431712963,80.74951171875
sax_011_classic.mp3,../Data/raw/saxophone_data\sax_011_classic.mp3,saxophone_data,3,-100.62841033935547,68.16069793701172,1.7825807332992554,33.14324188232422,9.790815353393555,5.2250542640686035,-4.463144779205322,8.341736793518066,-1.8264106512069702,3.3105969429016113,-3.5192508697509766,1.245007872581482,-2.9363925457000732,0.19880586862564087,0.31286218762397766,0.27370449900627136,0.27577686309814453,0.4182289242744446,0.2747008800506592,0.3106604218482971,0.2500060200691223,0.5001291036605835,0.9250463843345642,0.45879635214805603,0.29123425483703613,2834.8971639023134,2758.1048058140423,6127.093505859375,0.1278415256076389,80.74951171875
sax_011_classic.mp3,../Data/raw/saxophone_data\sax_011_classic.mp3,saxophone_data,4,-91.39744567871094,70.04995727539062,1.0362645387649536,30.884838104248047,9.984562873840332,5.698041915893555,-5.624395847320557,7.018733501434326,-2.654665231704712,0.8865917325019836,-5.005340099334717,0.6657360196113586,-4.805761337280273,0.1692447066307068,0.242799311876297,0.33818820118904114,0.3128752112388611,0.4845300018787384,0.34288865327835083,0.4050094187259674,0.2566145658493042,0.4468860626220703,0.7424105405807495,0.3605152666568756,0.2649308741092682,2740.090136891689,2747.3011380605262,6026.904296875,0.11518012152777778,80.74951171875
sax_011_classic.mp3,../Data/raw/saxophone_data\sax_011_classic.mp3,saxophone_data,5,-85.53276824951172,74.96585083007812,1.8875229358673096,29.51103401184082,11.273369789123535,8.345158576965332,-3.3801825046539307,6.439743995666504,-3.714219808578491,-0.9934696555137634,-5.524081230163574,0.5167871117591858,-4.835836410522461,0.23984785377979279,0.19849516451358795,0.25270166993141174,0.25228938460350037,0.3849303424358368,0.2811931371688843,0.3956174850463867,0.20472452044487,0.2975476086139679,0.566338062286377,0.3648233413696289,0.40538424253463745,2579.9739335955487,2716.029359814039,5789.1916910807295,0.0979342990451389,80.74951171875
sax_011_classic.mp3,../Data/raw/saxophone_data\sax_011_classic.mp3,saxophone_data,6,-78.26277923583984,78.8855972290039,1.086478590965271,29.37639617919922,13.192181587219238,12.17777156829834,-1.7157078981399536,5.727833271026611,-6.074413776397705,0.19430702924728394,-1.246466040611267,3.0044357776641846,-2.465280055999756,0.272115021944046,0.30663740634918213,0.2642497420310974,0.2361678034067154,0.3224562108516693,0.17962303757667542,0.23103545606136322,0.1302528977394104,0.19751708209514618,0.3353229761123657,0.3075981140136719,0.46232256293296814,2429.403873659988,2654.108015329612,5499.8891194661455,0.0883449978298611,80.74951171875
sax_011_classic.mp3,../Data/raw/saxophone_data\sax_011_classic.mp3,saxophone_data,7,-76.8204574584961,79.09671783447266,0.5726378560066223,29.41717529296875,13.765369415283203,13.04833984375,-2.316905975341797,4.311729907989502,-6.924846172332764,-1.0815186500549316,-1.7963708639144897,2.699774742126465,-3.716161012649536,0.21474377810955048,0.3193929195404053,0.34228628873825073,0.23768092691898346,0.37643325328826904,0.2655775249004364,0.23783470690250397,0.13790757954120636,0.1782030314207077,0.3346540033817291,0.2649685740470886,0.3278511166572571,2426.743155430031,2647.1832622209645,5484.9355061848955,0.08794487847222222,80.74951171875
sax_011_classic.mp3,../Data/raw/saxophone_data\sax_011_classic.mp3,saxophone_data,8,-80.27157592773438,74.88007354736328,0.9177088141441345,29.002445220947266,12.966758728027344,11.141593933105469,-2.24971342086792,5.5529093742370605,-5.414421558380127,-0.424365371465683,-3.5366592407226562,0.7649388313293457,-4.239961624145508,0.15455560386180878,0.24623501300811768,0.21002979576587677,0.22897778451442719,0.4659954011440277,0.2613532245159149,0.27951303124427795,0.1260380744934082,0.20413066446781158,0.3327001929283142,0.25216761231422424,0.2650166153907776,2504.362186931157,2681.5829410793745,5641.0512288411455,0.09291133174189815,80.74951171875
sax_011_classic.mp3,../Data/raw/saxophone_data\sax_011_classic.mp3,saxophone_data,9,-79.32586669921875,74.62267303466797,1.843592643737793,28.972288131713867,14.57095718383789,12.318164825439453,-2.5156054496765137,5.264957904815674,-4.749958038330078,0.8312522768974304,-2.944511651992798,0.26845937967300415,-3.8798296451568604,0.1494840830564499,0.2538352310657501,0.21880009770393372,0.2700580358505249,0.6226363182067871,0.3441775143146515,0.2908811569213867,0.1416427046060562,0.18109630048274994,0.3002265989780426,0.222242534160614,0.2304060161113739,2523.1615202508033,2699.0360375483688,5692.740885416667,0.09705494068287036,80.74951171875
sax_011_classic.mp3,../Data/raw/saxophone_data\sax_011_classic.mp3,saxophone_data,10,-78.7450180053711,75.3425521850586,1.5161585807800293,29.269458770751953,15.077715873718262,14.828428268432617,-0.6901077032089233,5.615054607391357,-5.289596080780029,-0.518234133720398,-2.4828410148620605,2.4056284427642822,-2.908742666244507,0.22836540639400482,0.3105166256427765,0.31007254123687744,0.27116039395332336,0.40366145968437195,0.29562440514564514,0.31631240248680115,0.17290344834327698,0.2536394000053406,0.451253741979599,0.3240506947040558,0.383918821811676,2581.8189672749036,2715.4662070611867,5781.6151936848955,0.10514548972800926,80.74951171875
sax_011_classic.mp3,../Data/raw/saxophone_data\sax_011_classic.mp3,saxophone_data,11,-76.18347930908203,75.07414245605469,-3.7682464122772217,25.823720932006836,11.242751121520996,10.774531364440918,-2.8233981132507324,4.590724945068359,-7.918622016906738,-1.5741013288497925,-3.0377073287963867,2.876432418823242,-2.6863040924072266,0.2275717705488205,0.32382407784461975,0.3175865113735199,0.26793015003204346,0.3548414409160614,0.21966437995433807,0.2999762296676636,0.15980254113674164,0.19454053044319153,0.32053130865097046,0.2807539403438568,0.4181970953941345,2566.8722160463894,2669.124091963692,5677.488199869792,0.10166874638310185,80.74951171875
sax_012_classic.mp3,../Data/raw/saxophone_data\sax_012_classic.mp3,saxophone_data,1,-554.57958984375,65.33060455322266,-5.035764217376709,15.264074325561523,-7.584258079528809,-5.561011791229248,-5.409121513366699,-6.7984089851379395,-9.801732063293457,0.6006561517715454,-0.07744909077882767,6.445262432098389,4.949387073516846,0.586145281791687,0.4316093623638153,0.6112973690032959,0.48989614844322205,0.40825775265693665,0.2817136347293854,0.3542543053627014,0.6286327838897705,0.42884373664855957,0.3307808041572571,0.31335923075675964,0.47559043765068054,2930.5002224944687,2523.392421543404,5715.1214599609375,0.1570140697337963,129.19921875
sax_012_classic.mp3,../Data/raw/saxophone_data\sax_012_classic.mp3,saxophone_data,2,-420.6017761230469,111.27764129638672,-22.953962326049805,25.677295684814453,-17.239744186401367,-17.256269454956055,-13.444331169128418,-12.288775444030762,-24.526857376098633,-12.143817901611328,-11.241497039794922,3.267888069152832,4.804610729217529,0.5453823208808899,0.14999648928642273,0.2437584102153778,0.08034499734640121,0.10252348333597183,0.023044904693961143,0.11713164299726486,0.5047992467880249,0.17753873765468597,0.20006735622882843,0.14551204442977905,0.37994518876075745,1488.767882284746,1750.250409079985,2940.727742513021,0.06269440827546297,123.046875
sax_012_classic.mp3,../Data/raw/saxophone_data\sax_012_classic.mp3,saxophone_data,3,-431.8658142089844,104.41329193115234,-16.89535140991211,28.56199836730957,-7.003698348999023,-13.688244819641113,-11.833494186401367,-6.19730281829834,-23.084983825683594,-15.955492973327637,-16.221132278442383,-7.189768314361572,-4.882924556732178,0.38762229681015015,0.09356018900871277,0.13029897212982178,0.08060606569051743,0.08319142460823059,0.027174517512321472,0.17459699511528015,0.6895930171012878,0.2865533232688904,0.35769766569137573,0.1949586272239685,0.40926387906074524,1684.8203581683365,1973.5197340796526,3570.4742431640625,0.06528727213541667,41.67716733870968
sax_012_classic.mp3,../Data/raw/saxophone_data\sax_012_classic.mp3,saxophone_data,4,-367.1780090332031,109.58021545410156,-16.683048248291016,20.661399841308594,-0.13281399011611938,-10.487218856811523,-16.248546600341797,-10.96389389038086,-23.715137481689453,-13.118971824645996,-16.92802619934082,-13.778343200683594,-13.014647483825684,0.18305720388889313,0.06573931127786636,0.11518000066280365,0.18435581028461456,0.4056248068809509,0.17038144171237946,0.16707438230514526,0.5730183720588684,0.24761688709259033,0.36184635758399963,0.1272737830877304,0.20174075663089752,1669.1608673201786,2031.755387564512,3525.5635579427085,0.06249547887731482,123.046875
sax_012_classic.mp3,../Data/raw/saxophone_data\sax_012_classic.mp3,saxophone_data,5,-308.9154357910156,117.66232299804688,-19.401708602905273,13.528667449951172,0.359731525182724,-7.365259647369385,-18.395498275756836,-12.888001441955566,-23.328577041625977,-11.743790626525879,-16.756502151489258,-13.692963600158691,-15.579774856567383,0.17736004292964935,0.11601899564266205,0.23360127210617065,0.280539333820343,0.7323391437530518,0.44892942905426025,0.15790651738643646,0.35675016045570374,0.19562286138534546,0.2634870707988739,0.09633918106555939,0.09747371822595596,1644.8621225194047,2008.9215950235853,3415.156046549479,0.06526240596064815,123.046875
sax_012_classic.mp3,../Data/raw/saxophone_data\sax_012_classic.mp3,saxophone_data,6,-304.6634216308594,97.48081970214844,-3.2415103912353516,8.678153991699219,1.8767958879470825,-5.516740798950195,-16.546579360961914,-11.941668510437012,-17.030231475830078,-9.898693084716797,-13.849250793457031,-12.40287971496582,-19.222402572631836,0.2528589069843292,0.2168997824192047,0.5387734770774841,0.3302749693393707,0.44803014397621155,0.36838725209236145,0.22110675275325775,0.508222222328186,0.2208676040172577,0.16220881044864655,0.06863030791282654,0.1362782120704651,2243.0977074761868,2497.4671480716665,4901.6448974609375,0.10643853081597222,83.35433467741936
sax_012_classic.mp3,../Data/raw/saxophone_data\sax_012_classic.mp3,saxophone_data,7,-307.875,84.71961975097656,7.3134307861328125,12.549028396606445,8.45911693572998,-2.6031436920166016,-9.520760536193848,-5.954281330108643,-8.622697830200195,-8.942228317260742,-11.866583824157715,-13.819774627685547,-16.009607315063477,0.25252091884613037,0.3036351501941681,0.6480826139450073,0.346466600894928,0.16672486066818237,0.2277541309595108,0.28745701909065247,0.7207558751106262,0.33504268527030945,0.2702963650226593,0.17158985137939453,0.18110059201717377,2417.535487836077,2506.4042418085164,4993.2607014973955,0.12534360532407407,103.359375
sax_012_classic.mp3,../Data/raw/saxophone_data\sax_012_classic.mp3,saxophone_data,8,-251.75509643554688,85.49048614501953,13.03846549987793,31.890380859375,12.88200569152832,13.091028213500977,7.625020980834961,7.622769355773926,-3.4209187030792236,-0.4139624834060669,-10.02684211730957,-5.595385551452637,-7.363002300262451,0.5758159160614014,0.4710123538970947,0.48406001925468445,0.31783327460289,0.21572865545749664,0.18640726804733276,0.2964201271533966,0.670426070690155,0.36794304847717285,0.28412309288978577,0.3407999575138092,0.4692595899105072,2182.7315841271366,2353.1317635427886,4575.705973307292,0.09307635271990741,99.38401442307692
sax_012_classic.mp3,../Data/raw/saxophone_data\sax_012_classic.mp3,saxophone_data,9,-218.49411010742188,95.55416107177734,12.965662002563477,53.98967742919922,21.405500411987305,25.72101593017578,23.365812301635742,11.208983421325684,-2.556090831756592,2.70888614654541,-9.575543403625488,4.73995304107666,-0.27132466435432434,0.8064187169075012,0.48065370321273804,0.28454452753067017,0.23525647819042206,0.293998658657074,0.19920560717582703,0.2211894392967224,0.38858914375305176,0.35282790660858154,0.40708327293395996,0.5076829791069031,0.6832778453826904,1793.638168575317,2186.19667004302,3883.154296875,0.05637839988425926,103.359375
sax_012_classic.mp3,../Data/raw/saxophone_data\sax_012_classic.mp3,saxophone_data,10,-238.0664825439453,109.47203826904297,7.537569522857666,62.42982482910156,25.190004348754883,24.465042114257812,24.468385696411133,8.923542976379395,-0.6784870028495789,4.1891093254089355,-7.0197625160217285,10.013158798217773,2.7948522567749023,0.6238681674003601,0.38252776861190796,0.29321473836898804,0.29004454612731934,0.49684563279151917,0.5568474531173706,0.3946464955806732,0.3911195993423462,0.3832845687866211,0.46625253558158875,0.4399780333042145,0.5095078945159912,1465.0949632766215,1945.0307671348303,3158.153279622396,0.03721336082175926,99.38401442307692
sax_012_classic.mp3,../Data/raw/saxophone_data\sax_012_classic.mp3,saxophone_data,11,-236.58641052246094,119.79931640625,5.757904052734375,56.107845306396484,22.615530014038086,23.105161666870117,20.397375106811523,6.266033172607422,0.04887404292821884,3.2744014263153076,-4.22558069229126,9.89260196685791,-0.9623961448669434,0.7777721285820007,0.5122627019882202,0.3977995216846466,0.3088809549808502,0.4465395510196686,0.49120908975601196,0.38572293519973755,0.40095284581184387,0.27840468287467957,0.2764313220977783,0.3440515995025635,0.5403091311454773,1356.3277480475692,1879.2550019134794,3019.782511393229,0.03266285083912037,99.38401442307692
sax_013_classic.mp3,../Data/raw/saxophone_data\sax_013_classic.mp3,saxophone_data,1,-289.95233154296875,117.66893768310547,-18.7518367767334,36.08765411376953,2.7861711978912354,-8.18606185913086,-14.965625762939453,-6.988890647888184,-14.189916610717773,-9.83199405670166,-2.1305055618286133,1.896497130393982,-2.967127561569214,0.26647499203681946,0.2732354700565338,0.44876858592033386,0.3216235339641571,0.5700292587280273,0.5891774892807007,0.3439054787158966,0.42556729912757874,0.3268815875053406,0.539631187915802,0.3152303695678711,0.21945255994796753,1558.199610591739,1844.8514362473177,3409.3241373697915,0.051201714409722224,83.35433467741936
sax_013_classic.mp3,../Data/raw/saxophone_data\sax_013_classic.mp3,saxophone_data,2,-190.50975036621094,144.54112243652344,-21.375659942626953,39.851497650146484,0.93450927734375,-11.097301483154297,-20.940757751464844,-5.248306751251221,-9.97734546661377,-0.21241237223148346,-1.8976209163665771,-2.214179515838623,-4.143150329589844,0.07751976698637009,0.060451578348875046,0.14494355022907257,0.09410351514816284,0.354705810546875,0.44451144337654114,0.221995547413826,0.5647562742233276,0.23825480043888092,0.26839372515678406,0.16080914437770844,0.06864484399557114,1204.9127614437102,1505.0204468326483,2320.6512451171875,0.054811830873842594,129.19921875
sax_013_classic.mp3,../Data/raw/saxophone_data\sax_013_classic.mp3,saxophone_data,3,-158.64073181152344,142.90408325195312,-28.258989334106445,34.985233306884766,-4.627101421356201,-11.884021759033203,-20.989089965820312,-5.944935321807861,-6.766468524932861,3.370187520980835,-8.489519119262695,-7.386124610900879,-6.784708023071289,0.09069832414388657,0.05854320898652077,0.12935501337051392,0.11365626752376556,0.39723193645477295,0.35210585594177246,0.17369157075881958,0.42704522609710693,0.2245122343301773,0.5019903182983398,0.18986225128173828,0.05578817427158356,1265.0464162630158,1512.9472232340588,2405.089314778646,0.05857114438657408,86.1328125
sax_013_classic.mp3,../Data/raw/saxophone_data\sax_013_classic.mp3,saxophone_data,4,-124.8370132446289,148.83924865722656,-33.140628814697266,38.745243072509766,0.14431564509868622,-7.511501789093018,-20.959537506103516,-10.247533798217773,-10.017082214355469,-1.671187400817871,-13.231996536254883,-7.318359851837158,-8.354631423950195,0.22279492020606995,0.10691026598215103,0.19759003818035126,0.1449483036994934,0.4633573591709137,0.41541773080825806,0.19508107006549835,0.38928958773612976,0.20990054309368134,0.49026966094970703,0.3195194900035858,0.12390836328268051,1288.454409496566,1505.1465461739356,2461.962890625,0.061982331452546294,86.1328125
sax_013_classic.mp3,../Data/raw/saxophone_data\sax_013_classic.mp3,saxophone_data,5,-151.36109924316406,133.5589141845703,-29.905006408691406,42.10747528076172,2.6103999614715576,-3.2989978790283203,-14.451478958129883,-8.775001525878906,-14.316564559936523,-3.588839530944824,-10.339693069458008,-2.746288776397705,-7.9012980461120605,0.35907039046287537,0.17404967546463013,0.28903278708457947,0.17688995599746704,0.34980130195617676,0.48839935660362244,0.24830232560634613,0.4119778871536255,0.1899174004793167,0.2824714183807373,0.2750065326690674,0.15231037139892578,1513.2638815878754,1677.2188086857577,2922.284952799479,0.07733606409143519,83.35433467741936
sax_013_classic.mp3,../Data/raw/saxophone_data\sax_013_classic.mp3,saxophone_data,6,-183.3607177734375,113.02863311767578,-27.962425231933594,38.805423736572266,-2.707587957382202,-5.535733699798584,-13.139501571655273,-3.4943864345550537,-13.02867317199707,-3.416611909866333,-9.503292083740234,-1.249825119972229,-11.178059577941895,0.2760261595249176,0.11906102299690247,0.20183667540550232,0.13867050409317017,0.36655542254447937,0.6101076602935791,0.2090691179037094,0.13819459080696106,0.15781909227371216,0.536125123500824,0.14964930713176727,0.07901404798030853,1660.2168123502895,1805.6338717221631,3162.938435872396,0.0813259548611111,123.046875
sax_013_classic.mp3,../Data/raw/saxophone_data\sax_013_classic.mp3,saxophone_data,7,-169.27195739746094,103.85501861572266,-27.442638397216797,35.26665496826172,-5.401492595672607,-4.7817769050598145,-12.627335548400879,-3.1942591667175293,-14.39803695678711,-4.987950801849365,-8.071635246276855,1.9284818172454834,-14.485815048217773,0.17431184649467468,0.06400294601917267,0.055401917546987534,0.09652732312679291,0.49841275811195374,0.7747161388397217,0.20581963658332825,0.07757934927940369,0.21861200034618378,0.4913805425167084,0.11588186025619507,0.07856858521699905,1797.407967425864,1911.3651216873473,3512.852986653646,0.0856594509548611,151.99908088235293
sax_013_classic.mp3,../Data/raw/saxophone_data\sax_013_classic.mp3,saxophone_data,8,-197.91403198242188,91.20669555664062,-12.189589500427246,30.32040023803711,-5.63397216796875,2.9212839603424072,-4.170104026794434,6.005030155181885,-10.179825782775879,-9.96666431427002,-12.147747039794922,1.2419936656951904,-5.170714855194092,0.3243231475353241,0.09638490527868271,0.1504768282175064,0.2445836365222931,0.6490471363067627,0.42694029211997986,0.12413512170314789,0.22097495198249817,0.489397257566452,0.1605730801820755,0.09548573940992355,0.305864155292511,2192.527869020388,2245.3475502061556,4572.4660237630205,0.11247875072337964,129.19921875
sax_013_classic.mp3,../Data/raw/saxophone_data\sax_013_classic.mp3,saxophone_data,9,-235.02513122558594,101.99552154541016,-8.20707893371582,27.33268165588379,-1.5532351732254028,6.646329402923584,-0.10181628167629242,10.304444313049316,-4.486515045166016,-11.41840934753418,-14.014046669006348,-2.1517367362976074,-3.939866781234741,0.3197448253631592,0.20514467358589172,0.30162540078163147,0.20709656178951263,0.427385151386261,0.37984636425971985,0.1366504430770874,0.18406765162944794,0.584617018699646,0.17423893511295319,0.13836409151554108,0.28237637877464294,2041.579702535864,2166.476986280055,4228.483072916667,0.10570384837962964,83.35433467741936
sax_013_classic.mp3,../Data/raw/saxophone_data\sax_013_classic.mp3,saxophone_data,10,-203.43980407714844,107.3480453491211,-25.003782272338867,30.29865264892578,-3.302537202835083,2.419562816619873,-3.7985494136810303,-1.0647826194763184,-8.570147514343262,-0.8730449080467224,-8.377638816833496,-1.728333592414856,-15.418402671813965,0.15091060101985931,0.1959955245256424,0.3568837344646454,0.14485657215118408,0.27070480585098267,0.46846118569374084,0.14306367933750153,0.25685548782348633,0.33330899477005005,0.3218279182910919,0.21000835299491882,0.12815620005130768,1868.5506675384856,1916.0876864150066,3540.2180989583335,0.10064697265625,198.76802884615384
sax_013_classic.mp3,../Data/raw/saxophone_data\sax_013_classic.mp3,saxophone_data,11,-174.10256958007812,99.64356231689453,-27.753734588623047,31.164546966552734,-7.325458526611328,-2.7309834957122803,-7.942863941192627,-5.162105083465576,-9.929701805114746,6.966082572937012,-7.740739822387695,-4.513706207275391,-16.45482635498047,0.12314920127391815,0.17650356888771057,0.3575970232486725,0.08426618576049805,0.24341553449630737,0.3914225101470947,0.18306581676006317,0.5163043141365051,0.2526128590106964,0.4142932593822479,0.2095782607793808,0.12469712644815445,1964.3932296351952,1926.8897974236284,3639.8091634114585,0.10913764105902778,184.5703125
sax_014_classic.mp3,../Data/raw/saxophone_data\sax_014_classic.mp3,saxophone_data,1,-283.61895751953125,97.73226165771484,34.991458892822266,23.658714294433594,20.333654403686523,22.982484817504883,12.975019454956055,9.903322219848633,-0.19966790080070496,-0.6321261525154114,-4.272555828094482,2.509402275085449,-2.030837059020996,0.20529069006443024,0.1686309427022934,0.37334683537483215,0.6218757629394531,0.43718913197517395,0.3020535707473755,0.6368247866630554,0.5808133482933044,0.702691912651062,0.5572358965873718,0.3774010241031647,0.40717774629592896,1766.1661468088525,2450.9538284552336,4128.99169921875,0.04874448423032408,198.76802884615384
sax_014_classic.mp3,../Data/raw/saxophone_data\sax_014_classic.mp3,saxophone_data,2,-279.9171142578125,117.07978820800781,30.03340721130371,29.51445770263672,18.427284240722656,20.69985580444336,10.104216575622559,9.603596687316895,0.12117978930473328,-2.8002498149871826,-2.411797523498535,4.8440327644348145,-4.70470666885376,0.2593008875846863,0.3830641508102417,0.41437575221061707,0.5169169306755066,0.3738035261631012,0.3534837067127228,0.7119202613830566,0.5875511169433594,0.6757533550262451,0.5712301731109619,0.45603013038635254,0.3614596128463745,1545.8541196182298,2285.537932671628,3519.731648763021,0.04438838252314815,198.76802884615384
sax_014_classic.mp3,../Data/raw/saxophone_data\sax_014_classic.mp3,saxophone_data,3,-284.41802978515625,116.82682037353516,28.696271896362305,31.352672576904297,17.54591941833496,21.026561737060547,10.480507850646973,9.523917198181152,2.3556199073791504,-0.9343858361244202,-1.2335518598556519,4.417275905609131,-6.09519100189209,0.29157328605651855,0.5040686130523682,0.42497217655181885,0.3939911425113678,0.32603442668914795,0.38952088356018066,0.7272170186042786,0.5876897573471069,0.6343951225280762,0.5834948420524597,0.5568089485168457,0.33076635003089905,1506.040885259416,2230.945246547281,3392.8253173828125,0.041994448061342594,198.76802884615384
sax_014_classic.mp3,../Data/raw/saxophone_data\sax_014_classic.mp3,saxophone_data,4,-274.7475891113281,114.49126434326172,29.32859992980957,31.035545349121094,19.2501220703125,22.195106506347656,13.341813087463379,9.560638427734375,1.326143741607666,-0.1596250832080841,-2.2281646728515625,3.973029851913452,-2.720050096511841,0.24357816576957703,0.31525763869285583,0.46790191531181335,0.58394455909729,0.41979750990867615,0.3640040159225464,0.6645542979240417,0.5943571925163269,0.694614827632904,0.5731090307235718,0.49742579460144043,0.38641712069511414,1529.7950411438328,2273.7137848869625,3451.3936360677085,0.04035780164930555,198.76802884615384
sax_014_classic.mp3,../Data/raw/saxophone_data\sax_014_classic.mp3,saxophone_data,5,-266.5118408203125,114.39244842529297,26.35479736328125,35.564449310302734,21.66915512084961,21.66874885559082,14.56602954864502,9.382189750671387,1.5157831907272339,-0.6585068106651306,-3.1594972610473633,5.089673042297363,-0.3794616162776947,0.24550944566726685,0.19117844104766846,0.4203748404979706,0.7193911671638489,0.5380507707595825,0.2918197810649872,0.6106183528900146,0.6046246290206909,0.7708094716072083,0.6535870432853699,0.4317437708377838,0.4305502474308014,1491.037281943771,2247.0408890542894,3363.7654622395835,0.03780336733217592,99.38401442307692
sax_014_classic.mp3,../Data/raw/saxophone_data\sax_014_classic.mp3,saxophone_data,6,-266.74884033203125,116.49339294433594,22.99431610107422,37.918392181396484,20.33188247680664,20.96149444580078,12.985102653503418,9.733464241027832,3.176534652709961,0.7282921075820923,-1.1087125539779663,6.068026542663574,-2.1710734367370605,0.26166588068008423,0.3339848220348358,0.4039924740791321,0.5262588858604431,0.4293598532676697,0.32121220231056213,0.7033652067184448,0.6290697455406189,0.7232617139816284,0.6667351722717285,0.5308075547218323,0.4153936207294464,1453.6259363323072,2192.798121605257,3271.4518229166665,0.03818992332175926,99.38401442307692
sax_014_classic.mp3,../Data/raw/saxophone_data\sax_014_classic.mp3,saxophone_data,7,-265.0536193847656,114.2652816772461,22.55195426940918,37.32448196411133,18.01621437072754,20.647809982299805,11.438433647155762,9.656978607177734,3.2028164863586426,1.755866527557373,-0.3482300341129303,5.002713680267334,-4.247607707977295,0.27315402030944824,0.4234165549278259,0.38196608424186707,0.3695993423461914,0.322061151266098,0.35159817337989807,0.6846504211425781,0.5788883566856384,0.6369616389274597,0.6178558468818665,0.628716766834259,0.3900161385536194,1509.3234546893882,2222.0402030102114,3418.8446044921875,0.04219789858217592,99.38401442307692
sax_014_classic.mp3,../Data/raw/saxophone_data\sax_014_classic.mp3,saxophone_data,8,-259.0329895019531,114.47122955322266,11.919946670532227,36.12821960449219,13.60272216796875,19.657007217407227,12.538433074951172,9.987007141113281,1.8635751008987427,-1.2188231945037842,-0.23866042494773865,4.062211990356445,-2.7864253520965576,0.2714334726333618,0.36300376057624817,0.3644571304321289,0.46123749017715454,0.343951553106308,0.28017765283584595,0.571536123752594,0.5521135330200195,0.6543794274330139,0.6064078211784363,0.5282803773880005,0.40372809767723083,1591.118142239199,2171.5090283270006,3577.452596028646,0.048773871527777776,99.38401442307692
sax_014_classic.mp3,../Data/raw/saxophone_data\sax_014_classic.mp3,saxophone_data,9,-249.51805114746094,114.43047332763672,1.0227442979812622,41.29310607910156,9.682832717895508,19.50526237487793,16.063798904418945,11.873673439025879,4.624090194702148,-2.4674885272979736,1.6143033504486084,4.712920665740967,-1.937691569328308,0.28721195459365845,0.36803263425827026,0.37131235003471375,0.5741214156150818,0.3636914789676666,0.23751404881477356,0.483898401260376,0.5227270722389221,0.6714667677879333,0.5826117396354675,0.40818488597869873,0.3786616027355194,1607.8545251766639,2059.9290783386323,3572.6175944010415,0.0550537109375,99.38401442307692
sax_014_classic.mp3,../Data/raw/saxophone_data\sax_014_classic.mp3,saxophone_data,10,-248.96624755859375,117.45075225830078,3.5586278438568115,42.470096588134766,9.854216575622559,18.290483474731445,15.612126350402832,11.671088218688965,6.435790061950684,1.7656396627426147,4.2596917152404785,6.215036392211914,-2.0685269832611084,0.27238544821739197,0.5092760324478149,0.4227965176105499,0.5428009629249573,0.3455703854560852,0.2490043342113495,0.4832504093647003,0.4895157516002655,0.5857887268066406,0.5329676270484924,0.40712201595306396,0.30079808831214905,1556.0230958363293,2034.6637223941364,3430.059814453125,0.05479148582175926,99.38401442307692
sax_014_classic.mp3,../Data/raw/saxophone_data\sax_014_classic.mp3,saxophone_data,11,-267.3192138671875,121.88134765625,14.426830291748047,37.74024963378906,12.187726020812988,17.45810317993164,14.59975528717041,11.84178352355957,7.484539031982422,3.6564342975616455,4.370969772338867,5.245691776275635,-2.1086008548736572,0.31254953145980835,0.5437783598899841,0.4293508231639862,0.4730270206928253,0.30455875396728516,0.33387497067451477,0.6069151759147644,0.5405654311180115,0.620096743106842,0.5390059947967529,0.4058292508125305,0.2840307652950287,1473.4009854714036,1990.2175398145557,3203.8116455078125,0.04834888599537037,99.38401442307692
sax_015_classic.mp3,../Data/raw/saxophone_data\sax_015_classic.mp3,saxophone_data,1,-415.1618347167969,76.90560150146484,15.064764976501465,21.052589416503906,13.315329551696777,11.695988655090332,8.846388816833496,9.980767250061035,5.130308151245117,4.483151912689209,0.5703343152999878,-2.012946844100952,0.8682982921600342,0.286739319562912,0.409926176071167,0.71778804063797,0.6183760762214661,0.4583321809768677,0.4490152597427368,0.33960509300231934,0.3281150162220001,0.30320069193840027,0.3533863127231598,0.31165987253189087,0.29871100187301636,1744.3293655054204,2403.143485684424,4159.2478434244795,0.03156421802662037,63.02400914634146
sax_015_classic.mp3,../Data/raw/saxophone_data\sax_015_classic.mp3,saxophone_data,2,-347.3872375488281,106.26290893554688,15.889496803283691,27.78444480895996,14.991371154785156,12.090361595153809,9.278983116149902,11.814347267150879,4.553216934204102,3.921252727508545,-0.6596755385398865,-4.0286030769348145,0.42680639028549194,0.22017289698123932,0.35875579714775085,0.645819365978241,0.45319893956184387,0.41694894433021545,0.45449110865592957,0.27969735860824585,0.2538539469242096,0.2361387312412262,0.29190972447395325,0.23205792903900146,0.20872220396995544,1589.0638301548543,2190.1523525700004,3637.31689453125,0.04124168113425926,63.02400914634146
sax_015_classic.mp3,../Data/raw/saxophone_data\sax_015_classic.mp3,saxophone_data,3,-320.79083251953125,101.92422485351562,22.674171447753906,26.021041870117188,15.89985466003418,15.6422119140625,7.215267658233643,15.372445106506348,6.185298442840576,5.6937031745910645,-0.24112142622470856,-5.186849117279053,0.1771611124277115,0.2548275291919708,0.3463651239871979,0.49220359325408936,0.3733273148536682,0.38913074135780334,0.40955349802970886,0.3027094602584839,0.3353009819984436,0.3174491822719574,0.38731881976127625,0.2885381281375885,0.2339984029531479,1952.2270053190941,2297.1571410240117,4088.018798828125,0.06378173828125,63.02400914634146
sax_015_classic.mp3,../Data/raw/saxophone_data\sax_015_classic.mp3,saxophone_data,4,-299.03521728515625,88.9837417602539,21.405134201049805,23.83336067199707,6.691159248352051,12.071264266967773,2.2409353256225586,11.396479606628418,3.392664670944214,4.502477169036865,0.5727815628051758,-3.1765613555908203,1.6783621311187744,0.31566593050956726,0.2877502739429474,0.41361725330352783,0.29639357328414917,0.3388702869415283,0.333807110786438,0.2578390836715698,0.39467301964759827,0.3045864701271057,0.3568929433822632,0.2759438157081604,0.25119614601135254,2326.1578277848625,2470.211460183101,4836.197916666667,0.08823423032407407,63.02400914634146
sax_015_classic.mp3,../Data/raw/saxophone_data\sax_015_classic.mp3,saxophone_data,5,-289.0880432128906,96.79456329345703,15.904398918151855,23.774110794067383,2.5118117332458496,9.739044189453125,0.14393509924411774,5.906129837036133,0.7786305546760559,4.21043062210083,0.5186350345611572,-3.785073757171631,-1.3478151559829712,0.2433602511882782,0.24787187576293945,0.5010095834732056,0.34842371940612793,0.3885921239852905,0.40859389305114746,0.2463333159685135,0.3993738889694214,0.23716774582862854,0.21535822749137878,0.16121433675289154,0.18795770406723022,2152.6737323010884,2405.405758671376,4654.860432942708,0.08299877025462964,63.02400914634146
sax_015_classic.mp3,../Data/raw/saxophone_data\sax_015_classic.mp3,saxophone_data,6,-232.4510955810547,88.48004913330078,14.645082473754883,27.133045196533203,6.843194484710693,13.20961856842041,-0.9650752544403076,5.89672327041626,0.4053974747657776,4.100461006164551,-1.5660439729690552,-1.6057250499725342,1.0147173404693604,0.35713210701942444,0.31680628657341003,0.5101479291915894,0.3149794340133667,0.38908687233924866,0.40338167548179626,0.31500765681266785,0.4448900520801544,0.29712480306625366,0.33784979581832886,0.23562222719192505,0.30020174384117126,2394.6988944821437,2549.300066123627,5188.804117838542,0.09175844545717593,83.35433467741936
sax_015_classic.mp3,../Data/raw/saxophone_data\sax_015_classic.mp3,saxophone_data,7,-197.01736450195312,70.6829605102539,22.77684211730957,31.978836059570312,10.424854278564453,11.080324172973633,-1.9824391603469849,6.837826251983643,-1.2901084423065186,4.884669780731201,-0.622407853603363,3.238419532775879,4.931834697723389,0.5111453533172607,0.3181745409965515,0.41633716225624084,0.3158603310585022,0.28534433245658875,0.500948965549469,0.36647602915763855,0.47831398248672485,0.3861691951751709,0.4187026917934418,0.3203164339065552,0.3582766354084015,2787.6629778993865,2868.319456646175,6248.516845703125,0.11202211733217593,123.046875
sax_015_classic.mp3,../Data/raw/saxophone_data\sax_015_classic.mp3,saxophone_data,8,-192.02615356445312,67.81705474853516,35.453269958496094,30.79257583618164,13.664619445800781,11.662762641906738,0.6890397071838379,7.507997989654541,-0.783713161945343,6.70313835144043,0.137916699051857,0.6161473393440247,2.2581326961517334,0.35019412636756897,0.31842276453971863,0.4691334366798401,0.30726227164268494,0.3837697505950928,0.44517770409584045,0.2974362075328827,0.4168468415737152,0.3644534945487976,0.4252778887748718,0.29075852036476135,0.41981738805770874,2956.768278417252,3051.8514090643384,6777.276611328125,0.12090160228587964,123.046875
sax_015_classic.mp3,../Data/raw/saxophone_data\sax_015_classic.mp3,saxophone_data,9,-181.33349609375,71.31627655029297,27.858949661254883,28.099828720092773,14.174309730529785,12.203742027282715,2.402155876159668,7.01601505279541,0.15960226953029633,6.040813446044922,-3.8371150493621826,-1.3110591173171997,3.1162567138671875,0.3739200234413147,0.3234288692474365,0.45243561267852783,0.30688318610191345,0.36194828152656555,0.3015325963497162,0.29326051473617554,0.4135204553604126,0.3749254047870636,0.5094200968742371,0.3206409811973572,0.48505881428718567,2903.621091860481,2992.961959230639,6621.6094970703125,0.11834942853009259,123.046875
sax_015_classic.mp3,../Data/raw/saxophone_data\sax_015_classic.mp3,saxophone_data,10,-195.4678497314453,73.45781707763672,29.67820167541504,29.819581985473633,16.30803108215332,12.068662643432617,0.6826069951057434,8.551470756530762,1.0146064758300781,6.458975315093994,-1.7274760007858276,-0.34372907876968384,2.184574842453003,0.4711686670780182,0.3140299320220947,0.41581135988235474,0.3079981207847595,0.2681666612625122,0.43400511145591736,0.313932865858078,0.45488375425338745,0.3952583074569702,0.524752140045166,0.35771071910858154,0.3756193518638611,2783.220873210856,2951.8517087685814,6410.215250651042,0.1107449001736111,123.046875
sax_015_classic.mp3,../Data/raw/saxophone_data\sax_015_classic.mp3,saxophone_data,11,-191.62762451171875,71.8010482788086,35.30828094482422,30.887483596801758,14.783117294311523,12.322623252868652,0.5839338898658752,6.13075065612793,-0.5605522394180298,6.239013671875,0.11364202201366425,-0.37010249495506287,1.7350735664367676,0.3759876787662506,0.3609780967235565,0.516969621181488,0.3291257619857788,0.3893589675426483,0.4195297658443451,0.3111788332462311,0.4652494192123413,0.4197056293487549,0.4879462420940399,0.3137911260128021,0.4243803024291992,2866.9492776570155,3020.4376889425225,6649.8219807942705,0.1098949291087963,123.046875
sax_016_classic.mp3,../Data/raw/saxophone_data\sax_016_classic.mp3,saxophone_data,1,-269.30450439453125,116.00343322753906,14.207840919494629,33.75224685668945,21.236143112182617,15.626177787780762,6.038193702697754,9.29891586303711,1.7155741453170776,4.174699783325195,-1.1987546682357788,0.07837141305208206,-3.9517929553985596,0.31085070967674255,0.3382994830608368,0.30568522214889526,0.37319156527519226,0.5452179312705994,0.43580612540245056,0.2969345450401306,0.36660709977149963,0.6220661401748657,0.9145609736442566,0.6617985963821411,0.4565850794315338,1921.2180152549797,2102.9123074278,4067.632039388021,0.0777859157986111,117.45383522727273
sax_016_classic.mp3,../Data/raw/saxophone_data\sax_016_classic.mp3,saxophone_data,2,-230.37571716308594,134.61727905273438,14.68295669555664,36.16484451293945,23.251089096069336,17.92499542236328,9.1923828125,11.756036758422852,2.031215190887451,4.514679431915283,-0.9685540795326233,0.38873156905174255,-2.761542320251465,0.289795845746994,0.44390252232551575,0.3253588378429413,0.26909399032592773,0.42886224389076233,0.45722270011901855,0.4939463436603546,0.4968980550765991,0.5871852040290833,0.7122775316238403,0.4863223433494568,0.3349989652633667,1468.141519327613,1896.4498360523667,3261.333211263021,0.04347511574074074,117.45383522727273
sax_016_classic.mp3,../Data/raw/saxophone_data\sax_016_classic.mp3,saxophone_data,3,-231.28700256347656,131.18472290039062,12.571650505065918,33.237281799316406,22.848241806030273,16.937850952148438,9.059462547302246,12.752721786499023,2.818983316421509,4.512850284576416,-0.6144570112228394,1.7890348434448242,-1.3026840686798096,0.3762170076370239,0.6413547992706299,0.5366642475128174,0.3613714575767517,0.36858069896698,0.48893630504608154,0.6617646813392639,0.6092407703399658,0.552861750125885,0.4759831726551056,0.31260165572166443,0.27555498480796814,1535.2969600612223,1942.1698323682951,3412.364705403646,0.04603633174189815,117.45383522727273
sax_016_classic.mp3,../Data/raw/saxophone_data\sax_016_classic.mp3,saxophone_data,4,-215.84347534179688,130.45407104492188,6.872565269470215,37.19235610961914,26.310564041137695,15.888495445251465,8.34405517578125,11.901674270629883,1.3555506467819214,3.507711410522461,-0.7114195823669434,2.1000547409057617,-2.0734400749206543,0.3271390199661255,0.5194367170333862,0.6329912543296814,0.5750048160552979,0.5308477282524109,0.47382184863090515,0.42094162106513977,0.35674312710762024,0.36760276556015015,0.3863390386104584,0.2738907039165497,0.28117087483406067,1497.1955592866277,1927.1956638654362,3333.0607096354165,0.04079408998842592,117.45383522727273
sax_016_classic.mp3,../Data/raw/saxophone_data\sax_016_classic.mp3,saxophone_data,5,-215.0740203857422,135.81295776367188,7.074383735656738,41.31697463989258,27.909875869750977,16.39560890197754,8.615106582641602,10.882975578308105,1.0364207029342651,3.5808589458465576,-0.5518754124641418,1.0761133432388306,-3.923290729522705,0.21938049793243408,0.29303792119026184,0.42001327872276306,0.5095439553260803,0.6387805342674255,0.47270140051841736,0.2555294632911682,0.21397769451141357,0.35037675499916077,0.5068592429161072,0.36069831252098083,0.30052733421325684,1396.3100816560634,1842.1912844436683,3130.439249674479,0.035420735677083336,117.45383522727273
sax_016_classic.mp3,../Data/raw/saxophone_data\sax_016_classic.mp3,saxophone_data,6,-194.93275451660156,122.01595306396484,13.217947959899902,47.417484283447266,21.11547088623047,17.816123962402344,11.97844409942627,7.519115924835205,2.681440591812134,5.354165554046631,-1.63637375831604,3.2977137565612793,-6.862790584564209,0.2033490240573883,0.2522021234035492,0.21446506679058075,0.2982316315174103,0.5359001755714417,0.40665626525878906,0.21976958215236664,0.2542369067668915,0.5285502076148987,0.841060221195221,0.5831067562103271,0.3944986164569855,1548.1857532719732,1981.4020231467541,3490.422566731771,0.04674388744212963,117.45383522727273
sax_016_classic.mp3,../Data/raw/saxophone_data\sax_016_classic.mp3,saxophone_data,7,-174.81170654296875,111.78438568115234,11.635337829589844,54.170997619628906,13.5511474609375,16.601482391357422,15.642720222473145,4.975866794586182,1.9461678266525269,8.585386276245117,-5.579266548156738,6.373264789581299,-9.050641059875488,0.2045571506023407,0.2693052589893341,0.20357894897460938,0.2582181692123413,0.4587978422641754,0.33705803751945496,0.18718421459197998,0.25226542353630066,0.5602920651435852,0.9630689024925232,0.6613672971725464,0.4073287844657898,1653.9482832440333,2085.841298690488,3754.0547688802085,0.05324074074074074,117.45383522727273
sax_016_classic.mp3,../Data/raw/saxophone_data\sax_016_classic.mp3,saxophone_data,8,-157.4544219970703,101.92926788330078,8.921576499938965,55.693504333496094,9.354747772216797,15.325348854064941,16.612308502197266,3.5745849609375,0.5615376830101013,10.66523551940918,-7.542547225952148,8.784778594970703,-8.938307762145996,0.22452814877033234,0.35329973697662354,0.24798840284347534,0.23347043991088867,0.422816663980484,0.33945444226264954,0.2644583284854889,0.2941032648086548,0.5319488048553467,0.945027768611908,0.6243933439254761,0.3549920916557312,1796.5629959461726,2208.8240591309414,4122.6613362630205,0.060980902777777776,117.45383522727273
sax_016_classic.mp3,../Data/raw/saxophone_data\sax_016_classic.mp3,saxophone_data,9,-156.9322967529297,92.59425354003906,5.874649524688721,53.87505340576172,7.593348979949951,15.672982215881348,16.670650482177734,3.537662982940674,2.291010856628418,10.534964561462402,-7.1814093589782715,9.362288475036621,-7.508474826812744,0.3263063430786133,0.5828238725662231,0.41074293851852417,0.2482992559671402,0.3742140233516693,0.4150013029575348,0.4896143078804016,0.44685646891593933,0.5161783695220947,0.74448162317276,0.47355911135673523,0.3083774149417877,1953.1162373299346,2298.7111152716225,4367.1030680338545,0.07374177155671297,117.45383522727273
sax_016_classic.mp3,../Data/raw/saxophone_data\sax_016_classic.mp3,saxophone_data,10,-157.67184448242188,93.04273223876953,2.7327158451080322,52.335514068603516,8.316205024719238,15.800944328308105,15.728081703186035,2.6288771629333496,3.1989378929138184,8.61205005645752,-6.673470973968506,9.05017375946045,-7.136931419372559,0.3879811465740204,0.6464744210243225,0.6148747205734253,0.3932611048221588,0.3661192059516907,0.364745169878006,0.4282381534576416,0.3564135730266571,0.420334130525589,0.5329651236534119,0.29993936419487,0.285286545753479,1960.8353229077873,2271.615871405135,4307.0892333984375,0.06923647280092593,117.45383522727273
sax_016_classic.mp3,../Data/raw/saxophone_data\sax_016_classic.mp3,saxophone_data,11,-157.52113342285156,100.68836975097656,0.6254824995994568,54.301639556884766,9.028887748718262,14.161376953125,15.455644607543945,0.843780517578125,1.893102765083313,6.391171932220459,-7.440691947937012,7.9338507652282715,-7.786852836608887,0.27525895833969116,0.41700389981269836,0.5812691450119019,0.558194100856781,0.608636200428009,0.492411732673645,0.3705274164676666,0.25443026423454285,0.2500593364238739,0.3821532428264618,0.2718981206417084,0.29739871621131897,1784.9698195823482,2166.304800306636,4014.397176106771,0.05374936704282408,117.45383522727273
sax_017_classic.mp3,../Data/raw/saxophone_data\sax_017_classic.mp3,saxophone_data,1,-335.6108703613281,94.73209381103516,-34.543514251708984,34.390098571777344,-1.6109570264816284,-0.8398577570915222,-14.980596542358398,-5.919155597686768,-22.282506942749023,0.6992942094802856,-9.257122993469238,4.841989994049072,-0.9670935869216919,0.1406761109828949,0.128025621175766,0.18518072366714478,0.2708984315395355,0.43321382999420166,0.1886923462152481,0.0834561288356781,0.09290526807308197,0.11145287752151489,0.16922493278980255,0.2539467215538025,0.5025492906570435,1531.6836160466876,1725.225313762753,2886.5458170572915,0.05506727430555555,135.99917763157896
sax_017_classic.mp3,../Data/raw/saxophone_data\sax_017_classic.mp3,saxophone_data,2,-320.2016296386719,153.17002868652344,-34.95228958129883,43.141746520996094,-0.7431537508964539,5.069782257080078,-15.207222938537598,-11.062846183776855,-8.59762191772461,-5.621096134185791,-6.0700459480285645,5.867098808288574,2.357686758041382,0.10554897040128708,0.0884331539273262,0.19944629073143005,0.32474285364151,0.7804884314537048,0.36328837275505066,0.0636565312743187,0.06676921248435974,0.12244013696908951,0.14767897129058838,0.09600690007209778,0.2864941358566284,1087.684326066514,1379.6063668896068,2110.004679361979,0.04441098813657408,135.99917763157896
sax_017_classic.mp3,../Data/raw/saxophone_data\sax_017_classic.mp3,saxophone_data,3,-296.7610168457031,155.53875732421875,-35.35417175292969,42.42217254638672,0.14573895931243896,7.677379608154297,-17.188486099243164,-12.166683197021484,-5.015995502471924,-5.6305012702941895,-2.59928560256958,6.08955717086792,1.0283722877502441,0.09701082110404968,0.06248237565159798,0.18023894727230072,0.33467522263526917,0.8251362442970276,0.3220825493335724,0.05481072887778282,0.04364919289946556,0.1463557332754135,0.16571025550365448,0.11050502210855484,0.2895684540271759,1195.9464129837772,1444.3963798181524,2422.5850423177085,0.05046025028935185,135.99917763157896
sax_017_classic.mp3,../Data/raw/saxophone_data\sax_017_classic.mp3,saxophone_data,4,-229.22557067871094,109.69457244873047,-2.3649489879608154,28.91226577758789,2.985358953475952,5.983262062072754,-7.7236328125,-6.211551666259766,-6.047380447387695,-3.3147764205932617,-5.696238994598389,1.819130778312683,-0.8643642067909241,0.19779537618160248,0.16374683380126953,0.22080011665821075,0.39214780926704407,0.704664945602417,0.3434474766254425,0.2265876829624176,0.12383271008729935,0.17762786149978638,0.21568024158477783,0.21689683198928833,0.3888435363769531,1870.6914956577468,2180.5264992728535,4210.738118489583,0.06605360243055555,135.99917763157896
sax_017_classic.mp3,../Data/raw/saxophone_data\sax_017_classic.mp3,saxophone_data,5,-186.80479431152344,90.83516693115234,16.384531021118164,23.735715866088867,0.46618545055389404,9.405613899230957,0.709239661693573,2.9669601917266846,-7.064187526702881,-2.754974842071533,-10.902382850646973,-3.0638630390167236,-1.8139246702194214,0.397324800491333,0.2835886478424072,0.21165908873081207,0.323136568069458,0.5855130553245544,0.39049360156059265,0.32457077503204346,0.20972102880477905,0.208603635430336,0.2874414026737213,0.3046664893627167,0.5047419667243958,2274.878211814227,2684.174440073291,5378.1667073567705,0.07276294849537036,135.99917763157896
sax_017_classic.mp3,../Data/raw/saxophone_data\sax_017_classic.mp3,saxophone_data,6,-170.39501953125,101.57752990722656,11.32109546661377,22.89635467529297,1.1658891439437866,6.421526908874512,-2.8613216876983643,2.678572177886963,-9.071011543273926,-4.957119464874268,-8.13126277923584,-1.9017218351364136,-2.1031579971313477,0.37779051065444946,0.36446914076805115,0.4346012473106384,0.32981452345848083,0.40309810638427734,0.26573804020881653,0.27214759588241577,0.24502906203269958,0.23108667135238647,0.3712282180786133,0.34646037220954895,0.4885614216327667,2069.4868584155706,2527.6400281137726,4818.1040445963545,0.06943540219907407,135.99917763157896
sax_017_classic.mp3,../Data/raw/saxophone_data\sax_017_classic.mp3,saxophone_data,7,-145.9906005859375,92.94917297363281,5.381869792938232,20.320215225219727,5.12305212020874,6.377769947052002,-5.889865398406982,2.334897756576538,-6.566037654876709,-2.6923065185546875,-2.644219398498535,1.5238189697265625,-2.640170097351074,0.31203702092170715,0.33652663230895996,0.5456063151359558,0.39477792382240295,0.5091459155082703,0.27532824873924255,0.251412570476532,0.2283562272787094,0.26119187474250793,0.35136234760284424,0.3089221715927124,0.43722057342529297,2310.084855033739,2625.8023181955464,5316.1590576171875,0.0908496997974537,135.99917763157896
sax_017_classic.mp3,../Data/raw/saxophone_data\sax_017_classic.mp3,saxophone_data,8,-145.463134765625,79.62691497802734,7.099348068237305,16.84166145324707,10.65291976928711,11.591485023498535,-3.452880859375,2.9155092239379883,-2.643099069595337,1.4672819375991821,-0.7970085740089417,3.6184158325195312,-0.8272407054901123,0.2787937819957733,0.23638534545898438,0.409261018037796,0.4804322421550751,0.8152645826339722,0.3443620800971985,0.1990109086036682,0.18565814197063446,0.30274564027786255,0.29267996549606323,0.27612435817718506,0.4276091754436493,2627.3651110128158,2843.658105634099,6111.0931396484375,0.10999665436921297,135.99917763157896
sax_017_classic.mp3,../Data/raw/saxophone_data\sax_017_classic.mp3,saxophone_data,9,-142.06130981445312,79.67607116699219,3.1252315044403076,15.41512680053711,11.384532928466797,11.805347442626953,-3.429325580596924,2.998025894165039,-1.8368643522262573,2.0678694248199463,-1.752153754234314,2.7608423233032227,-0.8311733603477478,0.2583160698413849,0.26167991757392883,0.39719370007514954,0.4544162452220917,0.8437869548797607,0.321490615606308,0.17632906138896942,0.23041151463985443,0.31997883319854736,0.332440584897995,0.3088487684726715,0.45422786474227905,2632.5056707460753,2807.076864914806,6024.7609456380205,0.11695240162037036,135.99917763157896
sax_017_classic.mp3,../Data/raw/saxophone_data\sax_017_classic.mp3,saxophone_data,10,-138.86488342285156,78.56790924072266,0.25430235266685486,15.816300392150879,11.762245178222656,9.844371795654297,-3.7156982421875,5.5288214683532715,-1.218628168106079,1.5648667812347412,-0.5369013547897339,2.140199661254883,-1.5529022216796875,0.2339230179786682,0.26879629492759705,0.3140937387943268,0.440114289522171,0.8882858753204346,0.32016366720199585,0.16965526342391968,0.2530583143234253,0.2944428026676178,0.33229029178619385,0.3271176517009735,0.4054693579673767,2667.285777464399,2784.1554161152926,5975.663248697917,0.12561487268518517,135.99917763157896
sax_017_classic.mp3,../Data/raw/saxophone_data\sax_017_classic.mp3,saxophone_data,11,-141.63290405273438,79.78807067871094,2.983853340148926,15.838855743408203,11.915986061096191,10.97500991821289,-3.215150833129883,4.6168084144592285,-2.1916449069976807,1.2779418230056763,0.8791744709014893,4.050039768218994,-0.44945934414863586,0.3949930667877197,0.27745750546455383,0.3021487891674042,0.37831953167915344,0.6730461120605469,0.26506268978118896,0.19936040043830872,0.2515850365161896,0.25244420766830444,0.256559818983078,0.3234167695045471,0.4791489243507385,2634.998765179445,2806.876613618315,5980.946858723958,0.11724175347222222,135.99917763157896
sax_018_classic.mp3,../Data/raw/saxophone_data\sax_018_classic.mp3,saxophone_data,1,-253.54391479492188,72.11429595947266,-8.056538581848145,21.729970932006836,6.230174541473389,6.589725971221924,-1.8748250007629395,2.882347345352173,-3.0157318115234375,-1.1862584352493286,-7.268478870391846,-5.752715110778809,-11.57302474975586,0.7138040065765381,0.320914089679718,0.22464261949062347,0.2970261871814728,0.4771096706390381,0.5236776471138,0.3315776288509369,0.2793738842010498,0.27559706568717957,0.4830458164215088,0.26885390281677246,0.38469669222831726,2896.8634423436188,2528.05502635637,5682.472737630208,0.1871609157986111,67.99958881578948
sax_018_classic.mp3,../Data/raw/saxophone_data\sax_018_classic.mp3,saxophone_data,2,-150.31494140625,89.43498992919922,-27.42601203918457,27.737119674682617,-0.21198329329490662,7.003611087799072,-8.796428680419922,-0.8613343238830566,-6.877106666564941,-1.4062811136245728,-11.201299667358398,-9.335862159729004,-19.81192970275879,0.41094595193862915,0.16029220819473267,0.1088450625538826,0.12443471699953079,0.3921022117137909,0.5091508626937866,0.20178130269050598,0.20311126112937927,0.17313386499881744,0.4912547469139099,0.18771715462207794,0.18852926790714264,2164.764267446094,2131.6973378237,4303.749593098958,0.11574074074074074,67.99958881578948
sax_018_classic.mp3,../Data/raw/saxophone_data\sax_018_classic.mp3,saxophone_data,3,-132.5826416015625,82.55642700195312,-30.841829299926758,29.66162109375,1.9634944200515747,8.220536231994629,-9.656828880310059,-2.2595181465148926,-8.59938907623291,-3.363187551498413,-14.189393997192383,-10.27614974975586,-20.608675003051758,0.38637009263038635,0.14530140161514282,0.1429579108953476,0.0794459655880928,0.283686101436615,0.5283279418945312,0.16198089718818665,0.21817997097969055,0.138178750872612,0.38814985752105713,0.187324658036232,0.127883642911911,2275.201314615572,2087.725831615502,4354.292805989583,0.13399477358217593,69.83741554054055
sax_018_classic.mp3,../Data/raw/saxophone_data\sax_018_classic.mp3,saxophone_data,4,-134.18406677246094,77.81099700927734,-19.28443145751953,31.632017135620117,7.895510673522949,9.223984718322754,-6.888177871704102,1.1113606691360474,-5.331894397735596,-2.6044235229492188,-13.387889862060547,-8.105376243591309,-13.088887214660645,0.8151277899742126,0.18108084797859192,0.10505468398332596,0.08746244013309479,0.2501753270626068,0.44285351037979126,0.1729448288679123,0.2669854164123535,0.12178289145231247,0.18578922748565674,0.19753563404083252,0.2348448932170868,2483.5374806108857,2328.1390720597924,4988.026936848958,0.14875171802662038,129.19921875
sax_018_classic.mp3,../Data/raw/saxophone_data\sax_018_classic.mp3,saxophone_data,5,-156.6337890625,83.35318756103516,-20.96002960205078,30.637527465820312,2.8794443607330322,9.547950744628906,-7.239203453063965,-1.6976959705352783,-8.33188247680664,-2.0426290035247803,-13.144838333129883,-8.501367568969727,-15.72846508026123,0.857979953289032,0.20875662565231323,0.14735208451747894,0.11785764992237091,0.32418105006217957,0.38857242465019226,0.15644246339797974,0.20722869038581848,0.10297392308712006,0.23797887563705444,0.4094025790691376,0.33472782373428345,2291.867963307398,2274.7953314365027,4617.67578125,0.12233705873842593,129.19921875
sax_018_classic.mp3,../Data/raw/saxophone_data\sax_018_classic.mp3,saxophone_data,6,-166.24302673339844,79.73184967041016,-19.402442932128906,35.61554718017578,-1.4742116928100586,9.913508415222168,-10.500036239624023,0.44934308528900146,-11.662959098815918,-1.3559178113937378,-17.879318237304688,-10.822593688964844,-14.854753494262695,0.846338152885437,0.205095574259758,0.13749797642230988,0.08937445282936096,0.24825648963451385,0.26814642548561096,0.12025026977062225,0.20077897608280182,0.08048680424690247,0.1812300682067871,0.34698089957237244,0.2929135859012604,2297.948691743875,2146.6107435735344,4380.112711588542,0.13326461226851852,135.99917763157896
sax_018_classic.mp3,../Data/raw/saxophone_data\sax_018_classic.mp3,saxophone_data,7,-155.53697204589844,70.05445861816406,-17.77482032775879,42.17853927612305,-0.16258974373340607,8.727655410766602,-11.676216125488281,1.7884048223495483,-13.176348686218262,-4.258327484130859,-21.92870330810547,-9.000513076782227,-13.52464485168457,0.8173496127128601,0.18264950811862946,0.12954698503017426,0.06311798840761185,0.1779613345861435,0.29251962900161743,0.0984404981136322,0.1956426054239273,0.08550533652305603,0.1413305699825287,0.22314955294132233,0.24675200879573822,2471.7953314467954,2133.271300589945,4628.043619791667,0.16155101634837962,129.19921875
sax_018_classic.mp3,../Data/raw/saxophone_data\sax_018_classic.mp3,saxophone_data,8,-173.57325744628906,72.72422790527344,-23.015493392944336,41.319576263427734,0.8535619378089905,8.858138084411621,-7.6502604484558105,-3.1955950260162354,-14.131519317626953,-3.746811866760254,-15.748116493225098,-7.381695747375488,-17.89244842529297,0.5651280879974365,0.21396037936210632,0.2141353338956833,0.08712901920080185,0.2604675590991974,0.48739057779312134,0.17152398824691772,0.1650669127702713,0.11577721685171127,0.20192992687225342,0.5189270973205566,0.2677101194858551,2438.0189402405035,2154.4649958469713,4632.928466796875,0.15288854528356483,129.19921875
sax_018_classic.mp3,../Data/raw/saxophone_data\sax_018_classic.mp3,saxophone_data,9,-176.5250701904297,73.95723724365234,-19.274477005004883,40.14152908325195,-1.977842092514038,6.948333263397217,-10.702136993408203,-4.926029682159424,-14.019378662109375,-2.4895830154418945,-18.134380340576172,-10.36715030670166,-16.14663314819336,0.3895641565322876,0.18273475766181946,0.27619874477386475,0.08515553921461105,0.2621392011642456,0.6565925478935242,0.2013622522354126,0.15655425190925598,0.12572897970676422,0.18871386349201202,0.7588753700256348,0.30960598587989807,2465.5746921454383,2167.1941845438337,4722.052001953125,0.15861002604166666,135.99917763157896
sax_018_classic.mp3,../Data/raw/saxophone_data\sax_018_classic.mp3,saxophone_data,10,-141.33863830566406,65.70861053466797,-21.230600357055664,41.56724166870117,-2.144069194793701,9.31459903717041,-14.123261451721191,-4.881198883056641,-14.874199867248535,-4.698151588439941,-20.153709411621094,-7.847342014312744,-20.203332901000977,0.386666864156723,0.2409379780292511,0.2489767223596573,0.1172671765089035,0.4295095205307007,0.5697425007820129,0.14965365827083588,0.2121208757162094,0.16269570589065552,0.3536892533302307,0.5505675673484802,0.21884499490261078,2525.864363897926,2153.9548713668214,4764.2710367838545,0.16105821397569445,135.99917763157896
sax_018_classic.mp3,../Data/raw/saxophone_data\sax_018_classic.mp3,saxophone_data,11,-135.56089782714844,67.85730743408203,-19.54953384399414,40.203468322753906,-2.3206052780151367,10.45003890991211,-10.684514045715332,-0.6414723992347717,-10.390986442565918,-3.332953929901123,-13.960335731506348,-5.619616985321045,-22.563535690307617,0.48171189427375793,0.23157018423080444,0.10348392277956009,0.12499924749135971,0.42536431550979614,0.38045579195022583,0.12484372407197952,0.18198813498020172,0.1776295006275177,0.5336869955062866,0.18660564720630646,0.1490754932165146,2459.6655806999574,2204.7063838727863,4832.3598225911455,0.14092565465856483,135.99917763157896
sax_019_classic.mp3,../Data/raw/saxophone_data\sax_019_classic.mp3,saxophone_data,1,-420.7171936035156,112.1053237915039,-7.497264862060547,11.46980094909668,-2.4235928058624268,4.728905200958252,3.2995615005493164,0.7953763604164124,-7.677435398101807,-7.885745525360107,-9.741608619689941,-3.946866035461426,-9.503361701965332,0.21473099291324615,0.25654906034469604,0.41203421354293823,0.49981236457824707,0.39925071597099304,0.26092085242271423,0.3029167950153351,0.7364749312400818,0.44132405519485474,0.4906882643699646,0.37189146876335144,0.25907495617866516,2081.0786334830314,1927.3042807539643,3746.428426106771,0.1153225368923611,151.99908088235293
sax_019_classic.mp3,../Data/raw/saxophone_data\sax_019_classic.mp3,saxophone_data,2,-329.25140380859375,162.81455993652344,1.1753509044647217,19.776185989379883,-2.5592119693756104,6.07029914855957,7.10493278503418,1.3423105478286743,-12.896332740783691,-12.993707656860352,-15.892924308776855,-7.233627796173096,-11.630583763122559,0.2615429759025574,0.22231368720531464,0.2393873780965805,0.34963172674179077,0.2781505286693573,0.10894770175218582,0.18639393150806427,0.7932390570640564,0.3855503499507904,0.39774277806282043,0.2745736241340637,0.18496349453926086,986.6008645946769,1377.462481245869,1707.7524820963542,0.04703549985532408,151.99908088235293
sax_019_classic.mp3,../Data/raw/saxophone_data\sax_019_classic.mp3,saxophone_data,3,-351.3959045410156,157.61514282226562,4.56496524810791,24.509960174560547,-4.405028820037842,9.458096504211426,9.821319580078125,1.8463727235794067,-8.400510787963867,-7.668125152587891,-15.19576644897461,-3.6965575218200684,-4.938904762268066,0.29637399315834045,0.3028315007686615,0.28898224234580994,0.24008136987686157,0.2044733762741089,0.11232301592826843,0.31729310750961304,0.4744848310947418,0.30998918414115906,0.54310542345047,0.2765517830848694,0.19136753678321838,952.7776817191304,1429.3772814204276,1573.8677978515625,0.04248046875,103.359375
sax_019_classic.mp3,../Data/raw/saxophone_data\sax_019_classic.mp3,saxophone_data,4,-353.0296630859375,120.03052520751953,7.912210464477539,29.134864807128906,-1.748409390449524,5.049093723297119,12.230914115905762,-3.70977783203125,-5.504019260406494,-3.2001357078552246,-13.694268226623535,-3.0237884521484375,-5.691256046295166,0.0999978631734848,0.22793176770210266,0.3630222678184509,0.2712714374065399,0.1604042798280716,0.13523203134536743,0.47733473777770996,0.3611469566822052,0.24691656231880188,0.5540284514427185,0.27664268016815186,0.09059800207614899,1339.190571339655,1767.7798329433615,2339.7420247395835,0.05495424623842592,95.703125
sax_019_classic.mp3,../Data/raw/saxophone_data\sax_019_classic.mp3,saxophone_data,5,-273.85479736328125,103.93128204345703,-0.27633583545684814,44.76716232299805,0.05623718723654747,6.417797088623047,13.063111305236816,-2.221709728240967,-3.6904749870300293,2.0541720390319824,-12.348750114440918,2.4743244647979736,-9.050779342651367,0.14567577838897705,0.2510893642902374,0.4673719108104706,0.3815021216869354,0.29752832651138306,0.2574499845504761,0.4663807451725006,0.6090056896209717,0.2724013924598694,0.3575412333011627,0.2841991186141968,0.1747714728116989,1626.7745058278504,2018.9424330767436,3342.481486002604,0.05994104456018518,143.5546875
sax_019_classic.mp3,../Data/raw/saxophone_data\sax_019_classic.mp3,saxophone_data,6,-210.62057495117188,109.78661346435547,4.125996112823486,51.47787857055664,0.654607892036438,9.99144458770752,14.578680992126465,-1.3925808668136597,-3.0987627506256104,2.9288082122802734,-11.584653854370117,6.000434398651123,-6.5128173828125,0.41130825877189636,0.3253208100795746,0.40774229168891907,0.46098560094833374,0.4093756079673767,0.25225138664245605,0.2683408558368683,0.6603443026542664,0.31431928277015686,0.2998102307319641,0.3345385193824768,0.3007202744483948,1603.6618287506728,2100.3960190382304,3713.630167643229,0.051909270109953706,143.5546875
sax_019_classic.mp3,../Data/raw/saxophone_data\sax_019_classic.mp3,saxophone_data,7,-204.47088623046875,104.11572265625,5.8729705810546875,57.457279205322266,1.9932392835617065,9.95358657836914,15.886890411376953,-3.21368145942688,-2.8521347045898438,7.68231201171875,-10.727746963500977,8.635781288146973,-6.758478164672852,0.45727574825286865,0.4040023386478424,0.46944230794906616,0.496494859457016,0.4112550616264343,0.21030694246292114,0.25888755917549133,0.4354201555252075,0.34391605854034424,0.5644170641899109,0.3967949151992798,0.32306087017059326,1625.5755932296627,2114.04401372854,3739.649454752604,0.05343288845486111,143.5546875
sax_019_classic.mp3,../Data/raw/saxophone_data\sax_019_classic.mp3,saxophone_data,8,-204.3206329345703,100.16075134277344,4.500603675842285,59.94845962524414,4.7360920906066895,11.765624046325684,17.66444969177246,-0.3824739158153534,-0.16822603344917297,12.401294708251953,-8.199604988098145,8.111302375793457,-6.454057693481445,0.3134855628013611,0.40019461512565613,0.5911573767662048,0.5207940340042114,0.4222952127456665,0.276533842086792,0.36625054478645325,0.24347659945487976,0.36270949244499207,0.7223461866378784,0.5696741938591003,0.33809539675712585,1661.3196716811976,2116.080144675604,3733.319091796875,0.05888988353587963,143.5546875
sax_019_classic.mp3,../Data/raw/saxophone_data\sax_019_classic.mp3,saxophone_data,9,-199.02232360839844,102.52735900878906,2.879981756210327,55.514556884765625,3.5945160388946533,13.000396728515625,16.062828063964844,-0.9071283936500549,-2.8667585849761963,10.31930160522461,-7.869117259979248,6.238337993621826,-6.085084915161133,0.5098941922187805,0.32363489270210266,0.3728462755680084,0.2822582721710205,0.29902440309524536,0.33660903573036194,0.3345879018306732,0.23137933015823364,0.33138272166252136,0.5462997555732727,0.7069084644317627,0.48471105098724365,1722.1371258184367,2125.1318343864177,3773.743693033854,0.06641077112268519,143.5546875
sax_019_classic.mp3,../Data/raw/saxophone_data\sax_019_classic.mp3,saxophone_data,10,-195.78594970703125,109.20753479003906,8.827505111694336,56.77351760864258,6.495925426483154,17.784101486206055,17.07398223876953,-1.1152639389038086,-4.8028178215026855,10.170581817626953,-7.069390296936035,8.227986335754395,-6.0702290534973145,0.49854373931884766,0.23538340628147125,0.25510138273239136,0.22573719918727875,0.3649580776691437,0.4281780421733856,0.3462389409542084,0.3962600529193878,0.46000364422798157,0.5881930589675903,0.6870712637901306,0.46553149819374084,1558.3744056091223,2059.886012474256,3485.7869466145835,0.051830150462962965,143.5546875
sax_019_classic.mp3,../Data/raw/saxophone_data\sax_019_classic.mp3,saxophone_data,11,-191.83018493652344,108.02450561523438,8.789243698120117,60.98613739013672,8.674246788024902,18.891788482666016,18.743104934692383,-0.18270374834537506,-5.1887736320495605,11.150176048278809,-6.546950340270996,11.275309562683105,-3.2580020427703857,0.5438924431800842,0.30878832936286926,0.2299840897321701,0.23045887053012848,0.39740893244743347,0.5717334151268005,0.4386168122291565,0.4381859302520752,0.3795516788959503,0.42072638869285583,0.44605353474617004,0.32872313261032104,1525.3130182299326,2032.5377537714144,3399.7039794921875,0.048981843171296294,151.99908088235293
sax_020_classic.mp3,../Data/raw/saxophone_data\sax_020_classic.mp3,saxophone_data,1,-348.252685546875,27.72772979736328,10.918323516845703,14.900042533874512,10.149916648864746,13.543831825256348,-0.9226977825164795,3.842369556427002,-6.8897576332092285,-3.3349030017852783,-0.9081498384475708,4.886663436889648,-3.728916645050049,0.38163885474205017,0.5111814141273499,0.8573048114776611,0.6114333271980286,0.4916244149208069,0.45038801431655884,0.33479729294776917,0.31661343574523926,0.4197463393211365,0.662674605846405,0.3993350863456726,0.36781421303749084,3951.504730837632,3172.4843289917635,7928.605143229167,0.2150200737847222,78.30255681818181
sax_020_classic.mp3,../Data/raw/saxophone_data\sax_020_classic.mp3,saxophone_data,2,-189.2393341064453,39.90677261352539,17.372596740722656,25.99563980102539,14.971278190612793,21.503982543945312,-1.032833218574524,7.695342540740967,-4.987614154815674,-0.9387263655662537,-7.840669631958008,1.9564177989959717,-2.7604832649230957,0.17565087974071503,0.31628647446632385,0.649735689163208,0.36597010493278503,0.2335863709449768,0.3417447507381439,0.2149680107831955,0.19983987510204315,0.2382815182209015,0.4981131851673126,0.6148324608802795,0.23403964936733246,3548.4849436087284,3067.9130492024533,7390.07568359375,0.18012830946180555,78.30255681818181
sax_020_classic.mp3,../Data/raw/saxophone_data\sax_020_classic.mp3,saxophone_data,3,-165.79896545410156,45.735984802246094,17.071989059448242,28.40057373046875,14.85565185546875,19.91675567626953,-0.23008114099502563,9.972647666931152,-0.07682453840970993,1.7658485174179077,-6.984049320220947,1.4271212816238403,-2.861646890640259,0.23631468415260315,0.2764514982700348,0.4620874524116516,0.31453391909599304,0.3057815134525299,0.5686101913452148,0.33215758204460144,0.2500182092189789,0.2644366919994354,0.6028892397880554,0.7367514967918396,0.31517356634140015,3464.0363585613127,3046.1552835520815,7297.36328125,0.1772121853298611,78.30255681818181
sax_020_classic.mp3,../Data/raw/saxophone_data\sax_020_classic.mp3,saxophone_data,4,-135.17552185058594,47.771305084228516,10.941487312316895,24.761585235595703,13.02623176574707,18.15615463256836,-3.511320114135742,7.790146350860596,-5.290621280670166,0.2520797550678253,-0.5240647792816162,6.085393905639648,-7.076800346374512,0.29387423396110535,0.25254330039024353,0.3863832950592041,0.27019742131233215,0.5244677066802979,0.6695458292961121,0.33943307399749756,0.3830011487007141,0.3347611725330353,0.7491433620452881,0.4242444634437561,0.27913010120391846,3539.8407592030158,3011.6569504042727,7314.908854166667,0.1989203559027778,78.30255681818181
sax_020_classic.mp3,../Data/raw/saxophone_data\sax_020_classic.mp3,saxophone_data,5,-108.42456817626953,44.620391845703125,4.074209213256836,23.02982521057129,8.975120544433594,13.721734046936035,-7.13895845413208,5.496274471282959,-8.931841850280762,-0.518846869468689,-4.460284233093262,5.804507732391357,-5.465342044830322,0.30145105719566345,0.24030239880084991,0.28984248638153076,0.24587976932525635,0.659357488155365,0.4751608669757843,0.21601097285747528,0.44043993949890137,0.3189971446990967,0.5428271293640137,0.28616854548454285,0.24554023146629333,3534.5799375412075,2948.894455025883,7250.7080078125,0.20961507161458334,78.30255681818181
sax_020_classic.mp3,../Data/raw/saxophone_data\sax_020_classic.mp3,saxophone_data,6,-66.79872131347656,46.03184509277344,-7.6569437980651855,26.962751388549805,3.877471685409546,7.879605770111084,-7.325382709503174,1.1909180879592896,-12.136743545532227,-2.6948018074035645,-9.401801109313965,6.781642436981201,-4.77872896194458,0.399600625038147,0.29235073924064636,0.4065585732460022,0.2698310315608978,0.6360160708427429,0.4020792245864868,0.1867806315422058,0.24324804544448853,0.20246227085590363,0.45200619101524353,0.19648055732250214,0.2361208200454712,3333.0998997860415,2798.874162965631,6827.2715250651045,0.19338198061342593,161.4990234375
sax_020_classic.mp3,../Data/raw/saxophone_data\sax_020_classic.mp3,saxophone_data,7,-51.68193054199219,48.90909194946289,-12.315467834472656,30.53652572631836,3.4371066093444824,10.421856880187988,-2.424701452255249,0.49018675088882446,-11.383495330810547,-1.9117003679275513,-12.700048446655273,4.277629852294922,-3.4492762088775635,0.5649116635322571,0.30792632699012756,0.46526142954826355,0.23162594437599182,0.3699955642223358,0.4895034730434418,0.23839636147022247,0.18437767028808594,0.15431711077690125,0.3801334798336029,0.4054986834526062,0.283388614654541,3229.251207920941,2712.820824142101,6537.620035807292,0.19142885561342593,78.30255681818181
sax_020_classic.mp3,../Data/raw/saxophone_data\sax_020_classic.mp3,saxophone_data,8,-63.51611328125,53.40629577636719,-10.246055603027344,27.571969985961914,6.4112677574157715,12.891755104064941,-3.6652817726135254,3.3460018634796143,-6.804810523986816,0.3475094437599182,-9.967101097106934,1.8494672775268555,-2.8892741203308105,0.499691903591156,0.27308541536331177,0.42608046531677246,0.19774891436100006,0.2551981508731842,0.6000766158103943,0.2771802246570587,0.19350074231624603,0.20276902616024017,0.488572895526886,0.5610021948814392,0.27046263217926025,3168.8981657036434,2734.0275620200327,6533.133951822917,0.18785038700810186,78.30255681818181
sax_020_classic.mp3,../Data/raw/saxophone_data\sax_020_classic.mp3,saxophone_data,9,-63.821929931640625,56.786041259765625,-10.009663581848145,23.347810745239258,8.435127258300781,10.71536636352539,-9.445667266845703,2.576853036880493,-6.452682018280029,3.625972032546997,-4.623334884643555,0.0294621791690588,-6.349458694458008,0.30747416615486145,0.22998203337192535,0.3695540130138397,0.19149774312973022,0.36806851625442505,0.744132936000824,0.32123565673828125,0.26620322465896606,0.28184011578559875,0.5446090698242188,0.49246591329574585,0.24851170182228088,3134.8647104733004,2764.426581253592,6594.344075520833,0.1756614402488426,78.30255681818181
sax_020_classic.mp3,../Data/raw/saxophone_data\sax_020_classic.mp3,saxophone_data,10,-50.25432205200195,51.860252380371094,-9.458250045776367,22.33791732788086,6.771937847137451,9.669524192810059,-10.83432674407959,2.0495686531066895,-7.379281044006348,3.2133114337921143,-4.810759544372559,0.9982296824455261,-5.89653205871582,0.3457035422325134,0.22401084005832672,0.333183228969574,0.23616081476211548,0.5700284838676453,0.6018350124359131,0.29830947518348694,0.39305979013442993,0.3002004623413086,0.43311455845832825,0.36042213439941406,0.3206917345523834,3285.2042829036764,2798.365740019816,6798.111979166667,0.1872875072337963,151.99908088235293
sax_020_classic.mp3,../Data/raw/saxophone_data\sax_020_classic.mp3,saxophone_data,11,-56.89555358886719,46.62911605834961,-9.411171913146973,23.458433151245117,5.862093925476074,11.279487609863281,-8.705906867980957,4.561709403991699,-8.086394309997559,-1.392224669456482,-4.611057281494141,8.923359870910645,-3.0291967391967773,0.42616400122642517,0.2646666467189789,0.38872265815734863,0.2856628894805908,0.6096126437187195,0.4699787199497223,0.24162909388542175,0.301954984664917,0.24837221205234528,0.5047509670257568,0.23242022097110748,0.29666867852211,3367.1156882034547,2803.2265936998874,6867.5465901692705,0.19953296802662038,103.359375
sax_021_classic.mp3,../Data/raw/saxophone_data\sax_021_classic.mp3,saxophone_data,1,-528.479248046875,83.25790405273438,-12.354146003723145,-2.8161683082580566,-2.740365982055664,-1.115982174873352,5.792701244354248,-6.33717155456543,-16.566349029541016,-0.7857787609100342,-13.098362922668457,-10.301518440246582,-24.695884704589844,0.1279345154762268,0.018137477338314056,0.07067572325468063,0.0627671331167221,0.014370236545801163,0.08259464055299759,0.4497484564781189,0.5861424803733826,0.13733872771263123,0.02419574186205864,0.1597389578819275,0.4586953818798065,1730.3519100510678,2114.0672769327466,3559.4584147135415,0.05944372106481482,112.34714673913044
sax_021_classic.mp3,../Data/raw/saxophone_data\sax_021_classic.mp3,saxophone_data,2,-407.61602783203125,96.90010070800781,-18.140323638916016,0.7342003583908081,-7.824992656707764,-2.155571222305298,0.6434849500656128,-7.701923847198486,-24.895557403564453,-10.777106285095215,-25.123380661010742,-14.84834098815918,-27.72530174255371,0.028891267254948616,0.02134624682366848,0.12922264635562897,0.026629731059074402,0.007067762780934572,0.03083200380206108,0.29709529876708984,0.987242579460144,0.2210874706506729,0.012478104792535305,0.03902290388941765,0.16418610513210297,1479.4359249832064,1802.431442075678,2608.857218424479,0.06014675564236111,112.34714673913044
sax_021_classic.mp3,../Data/raw/saxophone_data\sax_021_classic.mp3,saxophone_data,3,-299.5623474121094,78.85640716552734,-3.729963779449463,13.66891098022461,-3.326096534729004,10.178321838378906,5.316842555999756,1.0370155572891235,-10.829792976379395,-9.219538688659668,-15.843381881713867,-10.778833389282227,-11.131794929504395,0.2563338577747345,0.23126548528671265,0.3333011865615845,0.18752232193946838,0.11397194862365723,0.09855013340711594,0.2618618607521057,0.857222855091095,0.27638688683509827,0.1286262571811676,0.1855355203151703,0.3631807863712311,1760.8088325107583,2044.1891943186347,3533.3892822265625,0.05949119285300926,161.4990234375
sax_021_classic.mp3,../Data/raw/saxophone_data\sax_021_classic.mp3,saxophone_data,4,-283.5020446777344,127.36296844482422,23.010900497436523,29.775814056396484,15.978145599365234,20.476675033569336,14.938301086425781,8.634984016418457,0.4274980127811432,-0.4729633331298828,-5.574646949768066,-1.6934384107589722,-1.6694772243499756,0.40767765045166016,0.3620780408382416,0.3735907971858978,0.26897457242012024,0.18177664279937744,0.1584039032459259,0.30148372054100037,0.8187931776046753,0.4144347608089447,0.26122668385505676,0.28729248046875,0.38832682371139526,1135.6343913705464,1521.560069737723,2300.4638671875,0.03133816189236111,161.4990234375
sax_021_classic.mp3,../Data/raw/saxophone_data\sax_021_classic.mp3,saxophone_data,5,-302.4730529785156,138.07647705078125,38.156063079833984,36.72472381591797,23.033674240112305,21.13516616821289,16.929601669311523,8.862018585205078,1.1431727409362793,1.2592214345932007,-2.6710774898529053,-0.33862388134002686,-1.0699846744537354,0.4054148197174072,0.33673641085624695,0.2760459780693054,0.21676385402679443,0.16867326200008392,0.20256374776363373,0.45866331458091736,0.8102925419807434,0.4679107964038849,0.32904788851737976,0.31748244166374207,0.3808728754520416,835.0535728778713,1246.4444222340853,1691.5028889973958,0.021219889322916668,161.4990234375
sax_021_classic.mp3,../Data/raw/saxophone_data\sax_021_classic.mp3,saxophone_data,6,-288.44000244140625,135.50538635253906,32.20490646362305,37.44204330444336,22.786916732788086,22.843961715698242,16.43595314025879,8.938447952270508,2.7950289249420166,2.8612263202667236,-2.907914876937866,-0.2926098108291626,-1.0691795349121094,0.44172313809394836,0.38840946555137634,0.34264469146728516,0.2837960422039032,0.21190132200717926,0.2687781751155853,0.6360434889793396,0.6196190118789673,0.4153625965118408,0.34622466564178467,0.3328929841518402,0.4011582136154175,882.6278662854004,1338.328983167776,1816.3655598958333,0.019901982060185185,161.4990234375
sax_021_classic.mp3,../Data/raw/saxophone_data\sax_021_classic.mp3,saxophone_data,7,-240.48202514648438,139.5059814453125,16.51203727722168,36.95268249511719,18.693477630615234,19.475446701049805,9.74936294555664,6.943073272705078,0.6731709837913513,2.1704494953155518,-1.8342773914337158,-0.45782116055488586,-1.558709740638733,0.3427237272262573,0.47782108187675476,0.3755556643009186,0.2660362720489502,0.18182878196239471,0.23440153896808624,0.5960559248924255,0.42203712463378906,0.27010324597358704,0.2341465801000595,0.21387021243572235,0.2940535843372345,905.5493717181786,1368.554555472451,1799.3682861328125,0.02669044777199074,161.4990234375
sax_021_classic.mp3,../Data/raw/saxophone_data\sax_021_classic.mp3,saxophone_data,8,-196.8768768310547,128.3187713623047,9.75556755065918,44.99263000488281,12.282615661621094,15.994836807250977,3.533353090286255,3.9620633125305176,-4.189974308013916,1.9591299295425415,0.3363514542579651,-0.35292166471481323,-1.795052170753479,0.24548771977424622,0.44539496302604675,0.4541011154651642,0.22640161216259003,0.11687776446342468,0.15660463273525238,0.3712809979915619,0.41910320520401,0.2679120600223541,0.18011151254177094,0.15906162559986115,0.24971626698970795,1122.4217929200884,1598.5932049365188,2237.907918294271,0.034862377025462965,161.4990234375
sax_021_classic.mp3,../Data/raw/saxophone_data\sax_021_classic.mp3,saxophone_data,9,-181.47718811035156,124.93268585205078,3.512925624847412,47.44758224487305,8.449639320373535,13.92094612121582,1.0001683235168457,4.820797443389893,-7.33941125869751,1.0269736051559448,-1.0669195652008057,2.783733606338501,-1.627220630645752,0.2654193043708801,0.49554443359375,0.45564091205596924,0.2358585149049759,0.09711510688066483,0.11578033864498138,0.23351562023162842,0.4601869285106659,0.3391702473163605,0.18514326214790344,0.1778802126646042,0.31217125058174133,1130.394281137573,1582.0237120579548,2192.3990885416665,0.036286530671296294,112.34714673913044
sax_021_classic.mp3,../Data/raw/saxophone_data\sax_021_classic.mp3,saxophone_data,10,-170.02130126953125,115.38604736328125,4.263818264007568,47.81025314331055,10.509747505187988,15.693070411682129,2.232100248336792,5.8707804679870605,-6.6357035636901855,1.9436837434768677,-2.421651601791382,3.4388668537139893,-3.1911001205444336,0.374909907579422,0.46369001269340515,0.3196696639060974,0.22540555894374847,0.14399702847003937,0.17974823713302612,0.36792925000190735,0.3777892589569092,0.23460210859775543,0.15105140209197998,0.22713755071163177,0.5126715898513794,1305.2794032116096,1780.106514173811,2768.561808268229,0.03854031032986111,107.666015625
sax_021_classic.mp3,../Data/raw/saxophone_data\sax_021_classic.mp3,saxophone_data,11,-241.9404296875,140.87933349609375,21.385990142822266,37.321041107177734,17.557510375976562,18.397687911987305,10.580323219299316,5.431194305419922,-0.02783273719251156,4.54866361618042,0.16163818538188934,-0.0053728860802948475,-5.374866962432861,0.38865602016448975,0.31037819385528564,0.3085838556289673,0.2509578466415405,0.17860965430736542,0.2818893492221832,0.6535311937332153,0.3661413788795471,0.2299189567565918,0.2109297811985016,0.27515649795532227,0.528634250164032,948.7095174005387,1457.6402053703584,1966.5496826171875,0.025736490885416668,161.4990234375
sax_022_classic.mp3,../Data/raw/saxophone_data\sax_022_classic.mp3,saxophone_data,1,-464.05963134765625,121.11186218261719,-15.879919052124023,6.268881797790527,-10.420409202575684,-18.463308334350586,-24.331357955932617,-9.525588035583496,-1.9739221334457397,5.145343780517578,-0.21253882348537445,0.945343554019928,-12.631860733032227,0.0932452529668808,0.457147479057312,0.15122373402118683,0.0515865795314312,0.04165394976735115,0.12206912785768509,0.5031098127365112,0.2577267289161682,0.2793668508529663,0.15906190872192383,0.39019066095352173,0.11946011334657669,1369.5924369083214,1539.9297335434417,2540.618896484375,0.06452998408564815,60.09265988372093
sax_022_classic.mp3,../Data/raw/saxophone_data\sax_022_classic.mp3,saxophone_data,2,-464.7296142578125,123.37642669677734,-16.732515335083008,5.743260860443115,-14.046503067016602,-23.57703971862793,-29.449071884155273,-13.901647567749023,-1.7112787961959839,7.313907146453857,2.867022752761841,1.6651502847671509,-9.937779426574707,0.06226782873272896,0.42015013098716736,0.09930593520402908,0.003245143685489893,0.004065611399710178,0.06560610234737396,0.3819049596786499,0.11169572919607162,0.16439905762672424,0.12058030068874359,0.503664493560791,0.12531858682632446,1204.180097161586,1395.070656280381,2003.9835611979167,0.058015046296296294,60.09265988372093
sax_022_classic.mp3,../Data/raw/saxophone_data\sax_022_classic.mp3,saxophone_data,3,-363.7463073730469,99.19319915771484,-34.28780746459961,15.53433895111084,-28.086082458496094,-13.929326057434082,-31.090662002563477,-4.3333330154418945,-11.662162780761719,-1.974755883216858,4.966912269592285,-2.5987093448638916,-10.629732131958008,0.12603047490119934,0.582744836807251,0.17396143078804016,0.24814771115779877,0.06814783066511154,0.05897431820631027,0.19213807582855225,0.08754349499940872,0.17196723818778992,0.0983014926314354,0.2626858949661255,0.06702084094285965,1581.4201432812242,1620.3543718871717,2928.9143880208335,0.06683575665509259,66.25600961538461
sax_022_classic.mp3,../Data/raw/saxophone_data\sax_022_classic.mp3,saxophone_data,4,-285.05804443359375,99.88380432128906,-50.61437225341797,23.520931243896484,-37.54705047607422,-7.468235492706299,-37.919410705566406,-3.9522252082824707,-24.75577163696289,-9.813408851623535,8.238484382629395,-6.049406051635742,-9.919307708740234,0.13973848521709442,0.50569087266922,0.18247343599796295,0.3300514817237854,0.08317913115024567,0.07985571026802063,0.18864628672599792,0.07227028161287308,0.06423527747392654,0.10791591554880142,0.3255007266998291,0.09315738081932068,1672.7295197341216,1665.5356436946397,3209.1451009114585,0.06407109013310185,60.09265988372093
sax_022_classic.mp3,../Data/raw/saxophone_data\sax_022_classic.mp3,saxophone_data,5,-285.3039855957031,102.52609252929688,-53.34059143066406,17.88367462158203,-38.473140716552734,-11.173572540283203,-41.11613464355469,-8.023752212524414,-26.206356048583984,-9.43864917755127,11.037867546081543,0.6605925559997559,-1.3423733711242676,0.2275511473417282,0.4938063323497772,0.22954629361629486,0.3982919752597809,0.09352438896894455,0.14488747715950012,0.13055264949798584,0.060220520943403244,0.0226476788520813,0.07704830914735794,0.2911451756954193,0.10154663026332855,1594.0246076301576,1603.9652625928027,2982.896931966146,0.06630678530092593,61.5234375
sax_022_classic.mp3,../Data/raw/saxophone_data\sax_022_classic.mp3,saxophone_data,6,-266.4746398925781,95.43131256103516,-58.73787307739258,20.86771583557129,-39.03563690185547,-6.792871952056885,-41.74192428588867,-7.629232406616211,-30.134498596191406,-10.908363342285156,10.428032875061035,4.900686740875244,5.023504257202148,0.35161569714546204,0.5576831102371216,0.2373524308204651,0.38523051142692566,0.11001228541135788,0.19873495399951935,0.056196197867393494,0.052073948085308075,0.033943235874176025,0.08005069941282272,0.262482225894928,0.21461616456508636,1695.3932891415966,1664.4298121361712,3266.9158935546875,0.07073748553240741,60.09265988372093
sax_022_classic.mp3,../Data/raw/saxophone_data\sax_022_classic.mp3,saxophone_data,7,-278.9255676269531,95.3707504272461,-51.1458740234375,27.608774185180664,-32.803348541259766,-2.5718648433685303,-39.27027130126953,-3.8131799697875977,-30.214427947998047,-17.160043716430664,6.55759334564209,3.0899319648742676,3.8582074642181396,0.24794447422027588,0.330790638923645,0.21011465787887573,0.3939836621284485,0.11572812497615814,0.1458895355463028,0.06322362273931503,0.08846817165613174,0.19651491940021515,0.18511416018009186,0.5162678360939026,0.4024212658405304,1688.1506761261148,1726.7472672865308,3335.4532877604165,0.0669894748263889,60.09265988372093
sax_022_classic.mp3,../Data/raw/saxophone_data\sax_022_classic.mp3,saxophone_data,8,-308.62322998046875,103.89592742919922,-49.394752502441406,25.581783294677734,-29.407426834106445,-3.8894388675689697,-33.45576858520508,-2.6797595024108887,-24.918642044067383,-14.348214149475098,7.609395503997803,7.268442630767822,2.9512503147125244,0.07792163640260696,0.06265854090452194,0.2397681325674057,0.6566854119300842,0.17213174700737,0.22269533574581146,0.10918935388326645,0.10914799571037292,0.2134549468755722,0.25802791118621826,0.6523446440696716,0.32050737738609314,1578.0097854129815,1652.057384450174,3020.330810546875,0.06715223524305555,129.19921875
sax_022_classic.mp3,../Data/raw/saxophone_data\sax_022_classic.mp3,saxophone_data,9,-320.6416320800781,106.54608154296875,-46.919307708740234,24.638866424560547,-27.737449645996094,-5.515178680419922,-32.73158645629883,-5.826940536499023,-21.528675079345703,-8.616504669189453,8.129143714904785,6.026216506958008,2.326180934906006,0.03063160553574562,0.09102746099233627,0.29100993275642395,0.5070282816886902,0.172520250082016,0.39664363861083984,0.2324051856994629,0.11923068016767502,0.12430943548679352,0.2552938461303711,0.6746846437454224,0.1754124015569687,1575.2001520420536,1650.3358140014532,2996.7041015625,0.06608751085069445,63.02400914634146
sax_022_classic.mp3,../Data/raw/saxophone_data\sax_022_classic.mp3,saxophone_data,10,-280.1774597167969,92.49954986572266,-47.552001953125,28.387117385864258,-33.97385025024414,-4.318586826324463,-39.64802932739258,-5.72883939743042,-28.406190872192383,-9.494217872619629,6.483854293823242,-0.5585350394248962,-1.7449209690093994,0.056185539811849594,0.1376325637102127,0.28899484872817993,0.5356515049934387,0.17389145493507385,0.32753118872642517,0.3381478786468506,0.13783979415893555,0.10127782076597214,0.1723976731300354,0.5335425138473511,0.13411128520965576,1849.7995419320694,1763.6941124167663,3614.039103190104,0.07561351634837964,143.5546875
sax_022_classic.mp3,../Data/raw/saxophone_data\sax_022_classic.mp3,saxophone_data,11,-281.901123046875,98.36416625976562,-48.19382095336914,22.051733016967773,-38.318538665771484,-7.655172824859619,-39.403663635253906,-7.81392765045166,-35.09904098510742,-10.841008186340332,9.110692024230957,0.6894921064376831,-3.8013570308685303,0.05906002223491669,0.11490453034639359,0.23996394872665405,0.8340362310409546,0.21518877148628235,0.13789649307727814,0.28607064485549927,0.08455158025026321,0.028400400653481483,0.09139668196439743,0.34885352849960327,0.09092292934656143,1768.7441308465775,1682.3507564168349,3332.811482747396,0.07652678313078703,103.359375
sax_023_classic.mp3,../Data/raw/saxophone_data\sax_023_classic.mp3,saxophone_data,1,-359.478515625,104.99794006347656,-17.520597457885742,33.973602294921875,-4.143187999725342,6.045266628265381,-14.503766059875488,-1.6474223136901855,-10.367565155029297,-3.1481425762176514,-8.023638725280762,-5.1935343742370605,-14.049592018127441,0.3153194785118103,0.23520377278327942,0.45520228147506714,0.3229621648788452,0.21111291646957397,0.5697320103645325,0.2710469961166382,0.31132179498672485,0.35583603382110596,0.24280595779418945,0.2865380644798279,0.26001331210136414,2056.528658152858,2096.5827057538427,4168.8181559244795,0.09278247974537036,67.99958881578948
sax_023_classic.mp3,../Data/raw/saxophone_data\sax_023_classic.mp3,saxophone_data,2,-267.8436584472656,128.39161682128906,-27.958707809448242,37.22038650512695,-5.589258670806885,5.70088005065918,-19.071121215820312,-2.0604116916656494,-11.581321716308594,-3.4961822032928467,-8.524283409118652,-4.690377235412598,-15.94476318359375,0.3342847228050232,0.17433273792266846,0.3148719370365143,0.15556137263774872,0.1360289305448532,0.5806851983070374,0.27811503410339355,0.41034996509552,0.37895187735557556,0.2369375228881836,0.2882845997810364,0.23656275868415833,1478.4346076521324,1758.928225959492,2986.884562174479,0.06146692346643518,112.34714673913044
sax_023_classic.mp3,../Data/raw/saxophone_data\sax_023_classic.mp3,saxophone_data,3,-257.6335754394531,123.90936279296875,-29.035888671875,37.23244094848633,-5.596075534820557,8.285414695739746,-18.35801887512207,-2.6167309284210205,-12.717958450317383,-1.454261064529419,-6.850137233734131,-3.9579668045043945,-14.099678039550781,0.42584311962127686,0.21545976400375366,0.3355332612991333,0.1650436669588089,0.13352161645889282,0.5549193024635315,0.26598745584487915,0.2817387580871582,0.32572653889656067,0.2399420589208603,0.24753712117671967,0.2415432184934616,1564.0637587959209,1805.131052688944,3203.662109375,0.06384955512152778,75.99954044117646
sax_023_classic.mp3,../Data/raw/saxophone_data\sax_023_classic.mp3,saxophone_data,4,-230.5540313720703,105.83744049072266,-14.67032241821289,30.04020118713379,-2.53627347946167,7.4058146476745605,-17.412519454956055,-9.942997932434082,-19.76279640197754,-1.0658046007156372,-8.367650985717773,-4.7546539306640625,-13.30560302734375,0.5239203572273254,0.28207919001579285,0.4773150682449341,0.21113942563533783,0.10866866260766983,0.3373585045337677,0.18409740924835205,0.15321439504623413,0.13242588937282562,0.23885126411914825,0.2840251326560974,0.2307797521352768,1851.5336317457477,2148.2156296224534,4065.3889973958335,0.06630904586226852,112.34714673913044
sax_023_classic.mp3,../Data/raw/saxophone_data\sax_023_classic.mp3,saxophone_data,5,-199.57884216308594,98.047119140625,0.5438399910926819,22.973312377929688,-3.286536931991577,2.036428213119507,-15.751020431518555,-11.167790412902832,-12.439530372619629,-1.6698431968688965,-8.595900535583496,-1.9246467351913452,-10.665570259094238,0.34857240319252014,0.23027575016021729,0.4759269952774048,0.39855214953422546,0.18883691728115082,0.2870253324508667,0.16770315170288086,0.20838671922683716,0.15157414972782135,0.29337266087532043,0.26030492782592773,0.14267398416996002,2099.552401056277,2454.4002883117373,4788.6952718098955,0.07351119429976852,112.34714673913044
sax_023_classic.mp3,../Data/raw/saxophone_data\sax_023_classic.mp3,saxophone_data,6,-230.79705810546875,97.12445831298828,0.023824920877814293,22.56137466430664,-3.411410093307495,-5.146891117095947,-18.89290428161621,-10.528709411621094,-3.0938432216644287,-4.267632007598877,-8.849674224853516,-1.9780081510543823,-9.987396240234375,0.24160288274288177,0.1554303914308548,0.3669818341732025,0.35385456681251526,0.2631911635398865,0.6577261686325073,0.2168489545583725,0.18574315309524536,0.13878266513347626,0.2019483745098114,0.20568662881851196,0.1297273337841034,2130.0576491304187,2458.313222483941,4803.399658203125,0.07853868272569445,112.34714673913044
sax_023_classic.mp3,../Data/raw/saxophone_data\sax_023_classic.mp3,saxophone_data,7,-232.76962280273438,81.39891052246094,2.968379259109497,26.860315322875977,-3.3182790279388428,-9.295769691467285,-22.02288055419922,-10.984094619750977,-4.338437557220459,-6.283326148986816,-9.948890686035156,-5.291845321655273,-15.035223007202148,0.41237959265708923,0.17923317849636078,0.11183734238147736,0.20458659529685974,0.1893163025379181,0.7422119379043579,0.2884497344493866,0.19285976886749268,0.2659856379032135,0.11432772129774094,0.09695152193307877,0.13081404566764832,2371.170231471127,2585.150165636809,5312.021891276042,0.0903591579861111,112.34714673913044
sax_023_classic.mp3,../Data/raw/saxophone_data\sax_023_classic.mp3,saxophone_data,8,-214.45315551757812,78.39435577392578,-0.7768809199333191,28.760120391845703,-7.314168930053711,-6.054635047912598,-20.440095901489258,-7.382199287414551,-12.640256881713867,-6.738049507141113,-10.90298080444336,-5.598544120788574,-14.778284072875977,0.22799846529960632,0.13236500322818756,0.23892353475093842,0.20264802873134613,0.12978611886501312,0.4408668577671051,0.20723207294940948,0.3343055844306946,0.36380672454833984,0.17493455111980438,0.3473600149154663,0.18246977031230927,2456.7116523396026,2582.5005667668875,5452.7353922526045,0.09531656901041667,112.34714673913044
sax_023_classic.mp3,../Data/raw/saxophone_data\sax_023_classic.mp3,saxophone_data,9,-217.3700408935547,86.59870147705078,-4.992573261260986,27.518455505371094,-6.2613444328308105,-2.639535903930664,-19.54279899597168,-8.596166610717773,-19.457674026489258,-7.536957740783691,-13.061909675598145,-5.060109615325928,-10.36019515991211,0.1701924204826355,0.13033676147460938,0.35862815380096436,0.20341365039348602,0.1004592552781105,0.3312011957168579,0.23002366721630096,0.4689178168773651,0.29403653740882874,0.15168043971061707,0.500103235244751,0.25308728218078613,2257.761178958024,2475.0190538046327,5031.9407145182295,0.08240876374421297,75.99954044117646
sax_023_classic.mp3,../Data/raw/saxophone_data\sax_023_classic.mp3,saxophone_data,10,-212.7994384765625,83.40118408203125,-0.39078259468078613,27.65558624267578,-3.5966033935546875,-5.226861476898193,-20.853288650512695,-10.534141540527344,-14.438928604125977,-7.68795108795166,-12.513973236083984,-2.9635889530181885,-11.237566947937012,0.47749561071395874,0.22529484331607819,0.22077152132987976,0.20752422511577606,0.13551385700702667,0.48703211545944214,0.27556923031806946,0.43383175134658813,0.2616922855377197,0.08458854258060455,0.1893300861120224,0.2006518691778183,2275.1544173098396,2551.190091940059,5133.2763671875,0.08070882161458333,75.99954044117646
sax_023_classic.mp3,../Data/raw/saxophone_data\sax_023_classic.mp3,saxophone_data,11,-204.36456298828125,82.48490142822266,1.7999669313430786,30.771127700805664,-3.030621290206909,-2.645176649093628,-19.334470748901367,-10.175958633422852,-12.360466957092285,-4.430663108825684,-9.483970642089844,-5.27646541595459,-15.7916259765625,0.6034234166145325,0.2363673448562622,0.11034312099218369,0.2888425588607788,0.1822163611650467,0.4624195694923401,0.21036984026432037,0.2536584436893463,0.3783273696899414,0.1686885505914688,0.06496124714612961,0.14880961179733276,2287.497516598453,2551.8502366922526,5193.489583333333,0.08311631944444445,112.34714673913044
sax_024_classic.mp3,../Data/raw/saxophone_data\sax_024_classic.mp3,saxophone_data,1,-217.06065368652344,115.56311798095703,10.36689281463623,28.024675369262695,7.257809162139893,16.961130142211914,6.668823719024658,2.628918170928955,-6.576205253601074,-4.1694111824035645,-7.531012535095215,-3.238123655319214,-6.876950740814209,0.17104852199554443,0.24905656278133392,0.6475739479064941,0.3257632553577423,0.15565067529678345,0.15919072926044464,0.2749382257461548,0.6308148503303528,0.35364681482315063,0.3884150981903076,0.1931026130914688,0.2390640527009964,1428.1317148091475,1934.6809571030333,3253.4576416015625,0.05416078920717592,69.83741554054055
sax_024_classic.mp3,../Data/raw/saxophone_data\sax_024_classic.mp3,saxophone_data,2,-158.3694305419922,127.26737976074219,13.810725212097168,32.49074935913086,13.146717071533203,17.538211822509766,1.249534010887146,3.1468400955200195,-6.494873046875,-3.8395748138427734,-10.309561729431152,-5.493000507354736,-7.73388671875,0.29798513650894165,0.24799896776676178,0.4989378750324249,0.3013947010040283,0.20611438155174255,0.2377050369977951,0.4356330335140228,0.4907732605934143,0.33674150705337524,0.3532596230506897,0.3028736412525177,0.5047006607055664,1529.1259711216494,2149.651721901795,3496.9523111979165,0.05386691623263889,107.666015625
sax_024_classic.mp3,../Data/raw/saxophone_data\sax_024_classic.mp3,saxophone_data,3,-158.6287841796875,127.22303009033203,12.893990516662598,32.29544448852539,12.797709465026855,16.881696701049805,-2.196922779083252,-0.25645601749420166,-5.4857025146484375,-4.014822959899902,-10.65485954284668,-3.7079074382781982,-4.514948844909668,0.3394326865673065,0.22412721812725067,0.2113000750541687,0.2767404615879059,0.30882152915000916,0.31076744198799133,0.551987886428833,0.3876063823699951,0.3663337230682373,0.5248013734817505,0.4531822204589844,0.6649004817008972,1531.529959123781,2146.5105673740713,3502.435302734375,0.055107964409722224,107.666015625
sax_024_classic.mp3,../Data/raw/saxophone_data\sax_024_classic.mp3,saxophone_data,4,-153.49295043945312,133.15003967285156,10.992186546325684,33.961570739746094,9.73867130279541,17.482492446899414,3.7863285541534424,0.41074836254119873,-7.307950019836426,-4.229230880737305,-9.175542831420898,-2.7965075969696045,-5.352205753326416,0.273144394159317,0.25548413395881653,0.4362538158893585,0.3329584300518036,0.30693385004997253,0.23640553653240204,0.4107825756072998,0.6218510270118713,0.4339003264904022,0.6093997955322266,0.37698161602020264,0.454494446516037,1474.5770022292743,2067.179122069914,3339.44091796875,0.05478696469907408,107.666015625
sax_024_classic.mp3,../Data/raw/saxophone_data\sax_024_classic.mp3,saxophone_data,5,-154.2652587890625,132.4376678466797,10.866130828857422,34.53310775756836,10.57919979095459,20.12703514099121,5.623013496398926,3.3785171508789062,-6.221376895904541,-4.716915130615234,-7.506031036376953,-3.518251419067383,-7.841730117797852,0.2452705353498459,0.2452472746372223,0.584018349647522,0.32801762223243713,0.2384885847568512,0.21072696149349213,0.3887540400028229,0.739173948764801,0.4551681876182556,0.4519028961658478,0.26631397008895874,0.394936203956604,1477.5118488993844,2082.2299124071337,3364.6626790364585,0.05436876085069445,107.666015625
sax_024_classic.mp3,../Data/raw/saxophone_data\sax_024_classic.mp3,saxophone_data,6,-159.84788513183594,125.29717254638672,13.899852752685547,32.235694885253906,14.278281211853027,19.326398849487305,0.7774364948272705,2.287337064743042,-5.714634418487549,-3.724705457687378,-8.649857521057129,-4.153604984283447,-5.574279308319092,0.35252681374549866,0.2281065136194229,0.339182049036026,0.28528231382369995,0.24060265719890594,0.27040258049964905,0.6477450132369995,0.538826048374176,0.3667678236961365,0.3798074722290039,0.36208269000053406,0.5927290320396423,1559.5189026242986,2186.198435841382,3619.4722493489585,0.05333116319444445,107.666015625
sax_024_classic.mp3,../Data/raw/saxophone_data\sax_024_classic.mp3,saxophone_data,7,-170.1141815185547,114.915771484375,12.513641357421875,32.76628112792969,12.766531944274902,20.09939193725586,0.342854380607605,2.5789754390716553,-5.430315017700195,-1.314422845840454,-8.954341888427734,-2.9730772972106934,-3.9756791591644287,0.3528391420841217,0.286439448595047,0.350760281085968,0.3458409011363983,0.2603008449077606,0.3098108470439911,0.6761040687561035,0.43290820717811584,0.4043494462966919,0.5338525176048279,0.46299993991851807,0.6328014135360718,1769.1208533710942,2267.1008001190808,4067.98095703125,0.06726752387152778,143.5546875
sax_024_classic.mp3,../Data/raw/saxophone_data\sax_024_classic.mp3,saxophone_data,8,-161.29444885253906,108.69351196289062,14.939111709594727,41.32789993286133,12.485815048217773,15.891816139221191,5.378452301025391,6.612246990203857,-7.859347820281982,0.613721489906311,-8.59572982788086,-1.6483659744262695,-3.781463146209717,0.2999872863292694,0.31602051854133606,0.5482180118560791,0.413709819316864,0.1904377043247223,0.23303037881851196,0.5409886837005615,0.4901803731918335,0.3725375831127167,0.4936036765575409,0.3602154552936554,0.4286152124404907,1764.658485808442,2306.212725884408,4113.4897867838545,0.06068250868055555,107.666015625
sax_024_classic.mp3,../Data/raw/saxophone_data\sax_024_classic.mp3,saxophone_data,9,-150.23924255371094,109.85420227050781,13.168006896972656,45.77294921875,16.093721389770508,13.558070182800293,7.159647464752197,6.277622699737549,-11.097723007202148,-1.3139078617095947,-9.342442512512207,-2.0826416015625,-2.391129732131958,0.26107344031333923,0.25305411219596863,0.382894903421402,0.30014920234680176,0.2870582044124603,0.26676174998283386,0.5254708528518677,0.4355297088623047,0.36443883180618286,0.5427932143211365,0.35617002844810486,0.3387928009033203,1615.917438592335,2250.915828279197,3826.878865559896,0.04781765407986111,107.666015625
sax_024_classic.mp3,../Data/raw/saxophone_data\sax_024_classic.mp3,saxophone_data,10,-146.40582275390625,106.07388305664062,13.943193435668945,44.618560791015625,18.339101791381836,13.68210220336914,6.83449649810791,6.300076961517334,-11.241654396057129,-2.543703317642212,-9.19349479675293,-1.112965703010559,-0.1441679298877716,0.32470569014549255,0.24050277471542358,0.18617211282253265,0.2363051027059555,0.3653905391693115,0.30143582820892334,0.4299687147140503,0.42470136284828186,0.4109829366207123,0.6662644743919373,0.5443229079246521,0.4985588490962982,1693.6170124295227,2309.301715746981,4004.4281005859375,0.051667390046296294,107.666015625
sax_024_classic.mp3,../Data/raw/saxophone_data\sax_024_classic.mp3,saxophone_data,11,-148.56166076660156,116.26658630371094,14.960386276245117,41.251373291015625,15.350138664245605,12.424766540527344,7.844727516174316,7.244760513305664,-9.546058654785156,-0.3613317310810089,-8.611865043640137,-0.47386085987091064,-0.8214882612228394,0.28372108936309814,0.25049686431884766,0.41720378398895264,0.3466600179672241,0.2113199084997177,0.2041810303926468,0.3788383901119232,0.4812599718570709,0.40269729495048523,0.48008042573928833,0.427962988615036,0.5017726421356201,1581.7268144503835,2219.5150946495887,3641.753133138021,0.04704002097800926,107.666015625
sax_025_classic.mp3,../Data/raw/saxophone_data\sax_025_classic.mp3,saxophone_data,1,-387.7568054199219,65.69013214111328,3.7041447162628174,18.699024200439453,14.941312789916992,10.06284236907959,8.954265594482422,5.69197940826416,3.029391288757324,3.935631036758423,4.804058074951172,2.1203060150146484,-0.6021958589553833,0.22545576095581055,0.39773690700531006,0.7692168951034546,0.9371516704559326,0.4744678735733032,0.3288915753364563,0.2693876326084137,0.19543235003948212,0.17677372694015503,0.22334496676921844,0.3237154185771942,0.24281689524650574,2817.4908732096637,2776.8765900371545,5686.4105224609375,0.1305474175347222,135.99917763157896
sax_025_classic.mp3,../Data/raw/saxophone_data\sax_025_classic.mp3,saxophone_data,2,-198.1711883544922,117.73900604248047,3.266361951828003,28.075199127197266,24.546083450317383,12.976283073425293,15.774389266967773,8.152244567871094,8.171435356140137,3.6274616718292236,1.9193861484527588,0.5025706887245178,1.145390272140503,0.3544479012489319,0.47234204411506653,0.41021591424942017,0.5638124942779541,0.35625532269477844,0.4591004550457001,0.24454562366008759,0.14086200296878815,0.20069676637649536,0.3204863369464874,0.5865981578826904,0.3278540074825287,1526.1078747103168,2282.0350681734117,3150.726318359375,0.036985044126157406,107.666015625
sax_025_classic.mp3,../Data/raw/saxophone_data\sax_025_classic.mp3,saxophone_data,3,-195.96975708007812,123.57470703125,3.766885280609131,24.49692726135254,22.619258880615234,9.1416015625,16.269723892211914,10.092412948608398,11.899436950683594,5.545815944671631,0.25049394369125366,1.1241320371627808,3.0824098587036133,0.717615008354187,0.677335262298584,0.24733613431453705,0.1508546769618988,0.21264301240444183,0.5475895404815674,0.36164146661758423,0.22956682741641998,0.3299449384212494,0.4555046558380127,0.7559086680412292,0.6652065515518188,1472.7696280978575,2261.7633798468373,2979.4576009114585,0.03979944299768518,103.359375
sax_025_classic.mp3,../Data/raw/saxophone_data\sax_025_classic.mp3,saxophone_data,4,-187.68064880371094,121.95460510253906,6.683289527893066,19.442079544067383,21.97237205505371,8.52618408203125,13.475067138671875,11.83993148803711,8.091700553894043,11.51302719116211,2.7678842544555664,4.463373184204102,-2.0590128898620605,0.5751163959503174,0.5792579054832458,0.26433098316192627,0.2056780755519867,0.1575937420129776,0.3646288216114044,0.6216678023338318,0.33549171686172485,0.2453189194202423,0.3026786148548126,0.6604763269424438,0.6648001074790955,1565.453925476402,2356.8857109104206,3328.923543294271,0.04443811487268518,143.5546875
sax_025_classic.mp3,../Data/raw/saxophone_data\sax_025_classic.mp3,saxophone_data,5,-169.5254669189453,113.99337768554688,9.57227897644043,19.129819869995117,21.24509620666504,10.433653831481934,9.913664817810059,10.634222030639648,4.669058799743652,13.036828994750977,4.279686450958252,4.570408344268799,-6.4369893074035645,0.2280629277229309,0.3823431134223938,0.2684105336666107,0.3589353561401367,0.24496211111545563,0.34708648920059204,0.7207272052764893,0.36378806829452515,0.20257379114627838,0.26178768277168274,0.6807671189308167,0.4012560546398163,1764.2872563156086,2499.963048615056,4075.5574544270835,0.05022289134837963,123.046875
sax_025_classic.mp3,../Data/raw/saxophone_data\sax_025_classic.mp3,saxophone_data,6,-158.9910888671875,112.86849212646484,3.8800251483917236,26.145055770874023,17.72176170349121,10.169654846191406,8.805452346801758,9.092704772949219,5.29096794128418,6.741763591766357,2.220066547393799,0.18753178417682648,-6.184147357940674,0.20138216018676758,0.3093605637550354,0.32178542017936707,0.5436890125274658,0.30986618995666504,0.4248048663139343,0.4895860254764557,0.2608983516693115,0.33095118403434753,0.29137367010116577,0.5268544554710388,0.23984397947788239,1769.5483163978236,2399.1905723319514,3961.3616943359375,0.053586606626157406,117.45383522727273
sax_025_classic.mp3,../Data/raw/saxophone_data\sax_025_classic.mp3,saxophone_data,7,-166.8141632080078,117.44503784179688,-1.9318979978561401,28.621192932128906,18.059120178222656,8.506783485412598,10.905255317687988,9.049623489379883,7.952142715454102,1.4250078201293945,-2.857388496398926,-1.133909821510315,0.39678502082824707,0.3924606740474701,0.43636175990104675,0.27343153953552246,0.3542203903198242,0.22836634516716003,0.4498041272163391,0.34000664949417114,0.18168646097183228,0.34804466366767883,0.33565616607666016,0.5867417454719543,0.4403004050254822,1645.8863179511045,2268.293760479767,3383.5540771484375,0.05295138888888889,129.19921875
sax_025_classic.mp3,../Data/raw/saxophone_data\sax_025_classic.mp3,saxophone_data,8,-159.08389282226562,114.70610046386719,-0.42362430691719055,27.546920776367188,16.246309280395508,6.176056861877441,8.495692253112793,7.187167644500732,5.249669551849365,2.7821757793426514,-5.552209854125977,-0.38468530774116516,1.2823058366775513,0.4077003002166748,0.44352877140045166,0.1993926614522934,0.15944364666938782,0.11443967372179031,0.3015185594558716,0.39572620391845703,0.22291149199008942,0.4406895935535431,0.34377235174179077,0.5663141012191772,0.5233098268508911,1751.6016129684704,2329.77382310606,3693.6421712239585,0.0641818576388889,123.046875
sax_025_classic.mp3,../Data/raw/saxophone_data\sax_025_classic.mp3,saxophone_data,9,-141.24713134765625,103.62596130371094,5.817663669586182,26.264780044555664,14.309900283813477,7.150045394897461,6.738426685333252,8.446317672729492,2.249424457550049,6.693102836608887,-3.192209243774414,0.8879244923591614,-3.598736524581909,0.21338863670825958,0.3482062816619873,0.16907450556755066,0.1488083004951477,0.11752181500196457,0.25273510813713074,0.5437756776809692,0.3220362067222595,0.4396043121814728,0.3096036911010742,0.6518806219100952,0.38919758796691895,2015.9297419120746,2534.7935571703883,4568.229166666667,0.07557734736689815,129.19921875
sax_025_classic.mp3,../Data/raw/saxophone_data\sax_025_classic.mp3,saxophone_data,10,-179.94671630859375,78.85746765136719,17.678197860717773,19.14811134338379,11.756424903869629,14.372831344604492,6.665011882781982,8.914274215698242,-2.1946911811828613,5.014578819274902,-2.415226697921753,-0.8558855652809143,-4.562313556671143,0.1563113033771515,0.349319726228714,0.18270553648471832,0.11061729490756989,0.13693206012248993,0.3007237911224365,0.5739543437957764,0.3689286410808563,0.40034499764442444,0.34920382499694824,0.6883730292320251,0.32901817560195923,2621.4227483678587,2793.2565506189294,5719.9066162109375,0.10086850766782407,172.265625
sax_025_classic.mp3,../Data/raw/saxophone_data\sax_025_classic.mp3,saxophone_data,11,-232.35630798339844,61.91685104370117,31.77517318725586,30.909425735473633,18.02684211730957,17.844322204589844,8.350218772888184,16.398258209228516,-10.578432083129883,-2.3352975845336914,-3.715832233428955,-5.243992328643799,-7.842705249786377,0.17067252099514008,0.21565353870391846,0.18764813244342804,0.1767890602350235,0.1970372200012207,0.33406612277030945,0.4445798397064209,0.36666303873062134,0.4954169690608978,0.3736517131328583,0.35665881633758545,0.2876385450363159,2681.426738848948,2811.1084502604867,5829.117838541667,0.09071180555555555,172.265625
sax_026_classic.mp3,../Data/raw/saxophone_data\sax_026_classic.mp3,saxophone_data,1,-428.1268005371094,130.58111572265625,-16.63433074951172,1.7029914855957031,-9.582074165344238,-7.216830730438232,1.6554697751998901,-9.562483787536621,-10.384224891662598,1.6798852682113647,-4.734264850616455,-3.5517194271087646,-4.627002239227295,0.29909583926200867,0.3423728346824646,0.39776095747947693,0.41073277592658997,0.5681309700012207,0.3254837095737457,0.380528062582016,0.27126094698905945,0.4430839717388153,0.5290805101394653,0.3020935654640198,0.3932373821735382,1965.8348561983837,1862.267390326557,3504.279581705729,0.11649576822916667,161.4990234375
sax_026_classic.mp3,../Data/raw/saxophone_data\sax_026_classic.mp3,saxophone_data,2,-344.89752197265625,156.39601135253906,-30.63968276977539,0.7721198201179504,-11.082117080688477,-10.340675354003906,-2.257741928100586,-11.284229278564453,-11.482439041137695,0.5213291049003601,-4.6847615242004395,-8.15580940246582,-5.977591037750244,0.16924172639846802,0.19508492946624756,0.31796470284461975,0.2686615586280823,0.46750298142433167,0.20013029873371124,0.2670990824699402,0.14723189175128937,0.33646053075790405,0.3544052839279175,0.17871087789535522,0.35469162464141846,1310.7487018364682,1491.496888455262,2228.2379150390625,0.07324444806134259,161.4990234375
sax_026_classic.mp3,../Data/raw/saxophone_data\sax_026_classic.mp3,saxophone_data,3,-340.3825378417969,155.14186096191406,-32.62197494506836,3.325047254562378,-12.093416213989258,-9.253901481628418,-1.893916130065918,-12.942727088928223,-12.035359382629395,1.5631299018859863,-5.299768447875977,-7.634183883666992,-4.967833518981934,0.16405674815177917,0.16561368107795715,0.20232541859149933,0.2744973301887512,0.5651463866233826,0.2127053439617157,0.24664844572544098,0.17872518301010132,0.3717057406902313,0.332184374332428,0.2027687281370163,0.4200935959815979,1338.560200322756,1493.2066681014473,2320.9004720052085,0.07572880497685185,161.4990234375
sax_026_classic.mp3,../Data/raw/saxophone_data\sax_026_classic.mp3,saxophone_data,4,-318.61175537109375,129.00498962402344,-16.291976928710938,5.092724323272705,-10.70567798614502,-5.096990585327148,0.9818145632743835,-9.073236465454102,-8.499241828918457,1.7445318698883057,-2.6823790073394775,-5.175879955291748,-3.444017171859741,0.24429094791412354,0.23110331594944,0.33289802074432373,0.3318338990211487,0.445271760225296,0.26443952322006226,0.3591401278972626,0.26015564799308777,0.46125414967536926,0.4888855218887329,0.2903296947479248,0.4136302173137665,1673.8835908302747,1772.7572773110153,3150.42724609375,0.09738724320023148,161.4990234375
sax_026_classic.mp3,../Data/raw/saxophone_data\sax_026_classic.mp3,saxophone_data,5,-232.0555877685547,90.27851867675781,-1.682460904121399,15.511054039001465,-9.154565811157227,4.587853908538818,3.6044442653656006,-1.5066348314285278,-5.131577014923096,1.227268099784851,0.0397321917116642,1.1250969171524048,-2.3125834465026855,0.37773510813713074,0.42741087079048157,0.4552116096019745,0.39401739835739136,0.5054579377174377,0.3728809952735901,0.41876450181007385,0.3029305934906006,0.3854582607746124,0.531460702419281,0.37586358189582825,0.43935349583625793,2345.1640371747653,2262.532384699762,4638.0625406901045,0.1264060691550926,151.99908088235293
sax_026_classic.mp3,../Data/raw/saxophone_data\sax_026_classic.mp3,saxophone_data,6,-143.7117462158203,68.20761108398438,0.12609383463859558,29.44105339050293,-10.387018203735352,8.211036682128906,6.946247100830078,-3.20712947845459,-4.829319477081299,3.304931163787842,-0.5307126641273499,6.758843421936035,-6.60665225982666,0.3724733889102936,0.42632630467414856,0.3671417236328125,0.4763479232788086,0.7923115491867065,0.3952171504497528,0.3420223891735077,0.2759249210357666,0.34969863295555115,0.3557470142841339,0.3238467872142792,0.4553847908973694,2766.1847606978727,2563.436398562791,5550.0335693359375,0.13843225549768517,161.4990234375
sax_026_classic.mp3,../Data/raw/saxophone_data\sax_026_classic.mp3,saxophone_data,7,-153.12525939941406,74.7573471069336,3.472371816635132,28.483190536499023,-6.402137279510498,12.176249504089355,6.522384166717529,0.10365097969770432,-1.693272352218628,5.397493839263916,2.2273054122924805,6.610336780548096,-4.002580642700195,0.36928632855415344,0.40305787324905396,0.3808683753013611,0.5083369612693787,0.8710405826568604,0.40889087319374084,0.33560797572135925,0.3147750496864319,0.38679155707359314,0.3614426851272583,0.34007129073143005,0.49144744873046875,2571.4216416181243,2558.0012023361505,5365.6056722005205,0.10626672815393519,151.99908088235293
sax_026_classic.mp3,../Data/raw/saxophone_data\sax_026_classic.mp3,saxophone_data,8,-162.3728485107422,79.13272094726562,7.502445220947266,28.302879333496094,-5.062807559967041,12.762853622436523,6.860235214233398,0.9999099969863892,-0.9144596457481384,8.2741117477417,3.019426107406616,6.77197790145874,-1.6301453113555908,0.3717583417892456,0.38219475746154785,0.35227951407432556,0.47654488682746887,0.7558994293212891,0.43345165252685547,0.4289071559906006,0.37525030970573425,0.49753472208976746,0.49667686223983765,0.392307847738266,0.4779374897480011,2497.511355332301,2559.3900021458567,5338.9882405598955,0.0973827220775463,161.4990234375
sax_026_classic.mp3,../Data/raw/saxophone_data\sax_026_classic.mp3,saxophone_data,9,-155.30609130859375,75.82637786865234,1.3132436275482178,27.022733688354492,-6.450858116149902,11.70622730255127,6.747189044952393,1.1507949829101562,-1.675142765045166,8.2186918258667,1.3040801286697388,6.639682769775391,-1.4978066682815552,0.34968942403793335,0.35589638352394104,0.39006179571151733,0.4313887357711792,0.6134778261184692,0.3724912703037262,0.40188029408454895,0.3298287093639374,0.4590754806995392,0.5395245552062988,0.3854900896549225,0.4518422484397888,2578.085172647719,2573.3788555413626,5448.9471435546875,0.10695393880208333,161.4990234375
sax_026_classic.mp3,../Data/raw/saxophone_data\sax_026_classic.mp3,saxophone_data,10,-172.0235595703125,79.24945831298828,5.829252243041992,26.602489471435547,-4.368800640106201,12.739642143249512,7.236044406890869,1.5372045040130615,-1.576642632484436,6.993993282318115,2.6567699909210205,7.515152454376221,0.07516069710254669,0.4171127676963806,0.4567764401435852,0.4478074610233307,0.46568524837493896,0.6592646837234497,0.42278575897216797,0.4308612048625946,0.3540892004966736,0.41584333777427673,0.5104523301124573,0.41177651286125183,0.5120431780815125,2480.942592604034,2528.77389616593,5244.8801676432295,0.10075095847800926,161.4990234375
sax_026_classic.mp3,../Data/raw/saxophone_data\sax_026_classic.mp3,saxophone_data,11,-149.324951171875,71.70276641845703,4.015989303588867,31.226173400878906,-8.295795440673828,9.857383728027344,8.489114761352539,-2.3695805072784424,-3.2419564723968506,4.4218621253967285,-0.1590922325849533,6.690084934234619,-5.596663951873779,0.3624526560306549,0.41468873620033264,0.41662847995758057,0.46242034435272217,0.8020430207252502,0.42232558131217957,0.3875322639942169,0.31373289227485657,0.382617712020874,0.4181269109249115,0.32949480414390564,0.4335222542285919,2668.3071956851095,2595.304885918623,5535.329182942708,0.11539939597800926,161.4990234375
sax_027_classic.mp3,../Data/raw/saxophone_data\sax_027_classic.mp3,saxophone_data,1,-455.6219482421875,60.120540618896484,9.317112922668457,13.854914665222168,4.464324474334717,-0.5670335292816162,-1.2803977727890015,2.2967331409454346,1.0595321655273438,-0.9707847833633423,-6.2070231437683105,-4.686703681945801,-3.477972984313965,0.386383593082428,0.19525596499443054,0.20722253620624542,0.21336686611175537,0.300371378660202,0.18436390161514282,0.35129716992378235,0.592909574508667,0.5600069165229797,0.4770374596118927,0.27142205834388733,0.4267663359642029,2365.0661612219274,2659.7180428660236,5499.141438802083,0.07848895037615741,135.99917763157896
sax_027_classic.mp3,../Data/raw/saxophone_data\sax_027_classic.mp3,saxophone_data,2,-278.8675537109375,113.36902618408203,-0.28208765387535095,9.373852729797363,-6.04714298248291,-14.462390899658203,-12.813620567321777,-3.405794858932495,-3.4351425170898438,-6.629062175750732,-18.252187728881836,-12.677201271057129,-9.983284950256348,0.5435019731521606,0.1791873723268509,0.1932942420244217,0.1542949378490448,0.38689714670181274,0.12136293202638626,0.18528015911579132,0.27722737193107605,0.2877544164657593,0.5779623985290527,0.35546964406967163,0.6458053588867188,1677.5454487895495,2131.5528491867644,3579.1971842447915,0.06481029369212964,135.99917763157896
sax_027_classic.mp3,../Data/raw/saxophone_data\sax_027_classic.mp3,saxophone_data,3,-254.0667724609375,129.73670959472656,3.114490032196045,9.980463981628418,-4.953709125518799,-13.240408897399902,-13.588462829589844,-3.7112200260162354,-3.9279861450195312,-4.456976890563965,-16.19822883605957,-13.946813583374023,-14.925809860229492,0.3319638669490814,0.17701585590839386,0.41071853041648865,0.15715292096138,0.1958610862493515,0.0757720023393631,0.18946591019630432,0.5361924767494202,0.3091720640659332,0.5697026252746582,0.3306270241737366,0.5383148789405823,1462.3021381468798,1969.6034800876857,3001.0406494140625,0.05803087022569445,135.99917763157896
sax_027_classic.mp3,../Data/raw/saxophone_data\sax_027_classic.mp3,saxophone_data,4,-225.33694458007812,127.11217498779297,4.760846138000488,21.272294998168945,3.0851972103118896,2.4387454986572266,-2.1162867546081543,2.2319719791412354,6.195284366607666,7.3571906089782715,-8.99107837677002,-11.162150382995605,-14.433557510375977,0.3122260570526123,0.16992084681987762,0.35428309440612793,0.23786208033561707,0.46135208010673523,0.20088641345500946,0.2297016829252243,0.49260860681533813,0.35696545243263245,0.43212810158729553,0.2855495810508728,0.513113796710968,1444.4286770687052,1973.96156768722,2963.3575439453125,0.056089048032407406,135.99917763157896
sax_027_classic.mp3,../Data/raw/saxophone_data\sax_027_classic.mp3,saxophone_data,5,-190.9820556640625,123.10581970214844,3.443521738052368,30.548860549926758,7.015229225158691,13.491583824157715,6.579788684844971,7.144322872161865,12.28811264038086,10.69780445098877,-5.378168106079102,-4.127575397491455,-11.465202331542969,0.32898029685020447,0.169368177652359,0.3550713062286377,0.2838362455368042,0.5813361406326294,0.2631615400314331,0.30338332056999207,0.5003284215927124,0.3701830208301544,0.3953588604927063,0.2611938714981079,0.5057776570320129,1530.9872751672276,2014.2224791120518,3156.3090006510415,0.062380190248842594,67.99958881578948
sax_027_classic.mp3,../Data/raw/saxophone_data\sax_027_classic.mp3,saxophone_data,6,-205.361328125,129.57737731933594,11.284191131591797,27.510923385620117,7.415669918060303,11.41765022277832,4.744339942932129,8.952736854553223,9.742117881774902,7.770198822021484,-1.5273295640945435,-0.38174670934677124,-10.040943145751953,0.21833345293998718,0.15360811352729797,0.403696745634079,0.21148841083049774,0.26933643221855164,0.17262905836105347,0.33854997158050537,0.6380566954612732,0.3817877173423767,0.5185015797615051,0.3236556351184845,0.5534220337867737,1456.2167098655166,2014.5514967381703,3005.5267333984375,0.058369954427083336,67.99958881578948
sax_027_classic.mp3,../Data/raw/saxophone_data\sax_027_classic.mp3,saxophone_data,7,-193.9495086669922,119.69915008544922,9.223429679870605,28.450973510742188,3.9211301803588867,13.215851783752441,5.159709930419922,7.521991729736328,11.077494621276855,6.864482402801514,-6.744002342224121,-1.267261028289795,-9.89072322845459,0.2821178734302521,0.13868673145771027,0.3053766191005707,0.17060953378677368,0.28960493206977844,0.1725008189678192,0.3023799657821655,0.5144496560096741,0.34733855724334717,0.5258532166481018,0.34375137090682983,0.5755556225776672,1652.5165731087068,2107.0229079486107,3444.2159016927085,0.0699169017650463,67.99958881578948
sax_027_classic.mp3,../Data/raw/saxophone_data\sax_027_classic.mp3,saxophone_data,8,-161.21429443359375,108.47694396972656,-0.6396458745002747,34.021183013916016,4.412130355834961,11.721295356750488,6.294851779937744,5.256802082061768,9.383227348327637,3.447671413421631,-9.807002067565918,4.556122303009033,-8.793844223022461,0.26767998933792114,0.16708701848983765,0.4424080550670624,0.22072750329971313,0.3457837998867035,0.17313817143440247,0.30871355533599854,0.5404866933822632,0.3520852327346802,0.542060911655426,0.3020170032978058,0.4730418920516968,1884.292600421337,2173.68374551072,3896.91162109375,0.09021222149884259,92.28515625
sax_027_classic.mp3,../Data/raw/saxophone_data\sax_027_classic.mp3,saxophone_data,9,-177.8267822265625,119.54193115234375,2.937704563140869,31.70111083984375,9.939290046691895,9.264209747314453,5.165754318237305,5.550982475280762,6.671661376953125,5.2190022468566895,-3.9027867317199707,7.333815574645996,-5.601098537445068,0.21447385847568512,0.16752582788467407,0.5486347675323486,0.2573326826095581,0.3465549051761627,0.15367212891578674,0.22435635328292847,0.4464452564716339,0.33201125264167786,0.6171001195907593,0.27827808260917664,0.3888441026210785,1674.0702790351022,2078.358995423157,3363.7654622395835,0.0832790798611111,67.99958881578948
sax_027_classic.mp3,../Data/raw/saxophone_data\sax_027_classic.mp3,saxophone_data,10,-190.37985229492188,117.77915954589844,3.320988893508911,28.882108688354492,7.711330890655518,13.331665992736816,5.045251846313477,5.52720832824707,9.717488288879395,7.822943687438965,-6.594269752502441,-1.0619890689849854,-8.363245010375977,0.23518751561641693,0.137329563498497,0.40820881724357605,0.25244536995887756,0.4964864253997803,0.20732679963111877,0.20674903690814972,0.3939206898212433,0.2679486572742462,0.40506690740585327,0.21917802095413208,0.3858110308647156,1662.3130927850489,2059.392058857539,3344.6248372395835,0.0785183376736111,135.99917763157896
sax_027_classic.mp3,../Data/raw/saxophone_data\sax_027_classic.mp3,saxophone_data,11,-197.17568969726562,123.3876953125,6.602223873138428,31.287385940551758,8.661705017089844,11.338407516479492,5.451966285705566,6.200484752655029,11.23363208770752,12.572908401489258,-3.3857054710388184,-2.8121261596679688,-12.683920860290527,0.22004999220371246,0.14988254010677338,0.3730204105377197,0.23676784336566925,0.42866647243499756,0.22844164073467255,0.37111181020736694,0.51637202501297,0.33300039172172546,0.3849214017391205,0.2501138746738434,0.4828757047653198,1512.4864289822349,2009.346111946748,3056.0201009114585,0.0644214771412037,92.28515625
sax_028_classic.mp3,../Data/raw/saxophone_data\sax_028_classic.mp3,saxophone_data,1,-481.962890625,204.46343994140625,-8.44572639465332,14.837610244750977,17.833600997924805,0.7217007875442505,0.5191797614097595,-0.6517990827560425,-4.325936794281006,-4.607525825500488,-5.382471084594727,-4.782770156860352,-3.104017972946167,0.15074361860752106,0.21509522199630737,0.3700443208217621,0.46211564540863037,0.2977295517921448,0.31350329518318176,0.26353973150253296,0.4479314684867859,0.24048194289207458,0.36693376302719116,0.7175964713096619,0.23487430810928345,806.7111519884972,1071.94991955913,1611.99951171875,0.03807689525462963,143.5546875
sax_028_classic.mp3,../Data/raw/saxophone_data\sax_028_classic.mp3,saxophone_data,2,-408.1357727050781,210.0128936767578,-3.7969629764556885,14.089838027954102,14.264503479003906,-2.0169901847839355,-3.498194456100464,-1.9509516954421997,-8.479025840759277,-6.361745357513428,-8.465797424316406,-7.138063907623291,-4.83339262008667,0.08303377032279968,0.11816997826099396,0.2432004064321518,0.33226579427719116,0.1985272318124771,0.24652612209320068,0.20131215453147888,0.38172802329063416,0.13723322749137878,0.3495860993862152,0.8948172330856323,0.2223464399576187,834.8786917509401,1048.0021925960993,1566.0420735677083,0.04334400318287037,95.703125
sax_028_classic.mp3,../Data/raw/saxophone_data\sax_028_classic.mp3,saxophone_data,3,-315.8796081542969,153.43919372558594,-7.225517749786377,29.862911224365234,1.9966943264007568,2.1881039142608643,-7.7336812019348145,-3.2906270027160645,-11.065876960754395,-2.4632060527801514,-8.651787757873535,-7.210141181945801,-8.873858451843262,0.14714904129505157,0.05744122713804245,0.1982792168855667,0.48025190830230713,0.22977755963802338,0.34261736273765564,0.15308579802513123,0.3019513487815857,0.34888216853141785,0.3054444491863251,0.7872618436813354,0.2608858346939087,1450.715133224171,1689.3487758260205,3044.9544270833335,0.06812201605902778,71.77734375
sax_028_classic.mp3,../Data/raw/saxophone_data\sax_028_classic.mp3,saxophone_data,4,-271.3564147949219,118.77045440673828,-3.8137879371643066,37.26264572143555,-4.984029293060303,6.41416072845459,-10.421784400939941,-3.4627606868743896,-10.468647003173828,2.4525115489959717,-8.065777778625488,-5.838455677032471,-10.979833602905273,0.2467496693134308,0.07231463491916656,0.20090986788272858,0.5689963698387146,0.29608264565467834,0.50030517578125,0.17643757164478302,0.2860286235809326,0.3550979197025299,0.3021569848060608,0.6521646976470947,0.2558450996875763,1785.1985119735068,2079.771666239415,3863.764444986979,0.08539496527777778,95.703125
sax_028_classic.mp3,../Data/raw/saxophone_data\sax_028_classic.mp3,saxophone_data,5,-287.617919921875,117.24839782714844,-6.0880584716796875,34.67991256713867,-7.026922225952148,5.871597766876221,-11.92265510559082,-3.307090997695923,-9.833690643310547,-1.8897759914398193,-8.937546730041504,-9.141234397888184,-13.948371887207031,0.1398468315601349,0.0649692565202713,0.2538904547691345,0.4257047176361084,0.213483065366745,0.34166404604911804,0.21216881275177002,0.4650484621524811,0.16782131791114807,0.2870854139328003,0.6888756155967712,0.2090924084186554,1742.579606311559,1977.5992616554702,3660.8439127604165,0.08485016999421297,143.5546875
sax_028_classic.mp3,../Data/raw/saxophone_data\sax_028_classic.mp3,saxophone_data,6,-288.1239929199219,120.75584411621094,-19.80107879638672,28.420568466186523,-12.097700119018555,4.982796669006348,-17.45958709716797,-6.698266983032227,-13.432323455810547,-11.877979278564453,-13.760980606079102,-16.669897079467773,-19.245681762695312,0.032820433378219604,0.08383697271347046,0.3920949697494507,0.40091678500175476,0.1428842693567276,0.2719271183013916,0.1658579707145691,0.42966392636299133,0.20302093029022217,0.2681673467159271,0.6864467859268188,0.16241642832756042,1629.267248236774,1755.0150154525134,3183.075968424479,0.07623291015625,135.99917763157896
sax_028_classic.mp3,../Data/raw/saxophone_data\sax_028_classic.mp3,saxophone_data,7,-277.5387268066406,120.31114196777344,-27.926305770874023,23.966964721679688,-18.767162322998047,3.7160089015960693,-22.501008987426758,-7.227736949920654,-17.90641975402832,-15.441435813903809,-17.41107940673828,-16.832487106323242,-22.23963737487793,0.2559025287628174,0.1326613575220108,0.34114864468574524,0.4225379526615143,0.16299493610858917,0.32820606231689453,0.13487744331359863,0.21348847448825836,0.22637875378131866,0.2146608680486679,0.6086440682411194,0.2350844442844391,1639.090231029906,1683.6829034131135,3077.702840169271,0.08278401692708333,135.99917763157896
sax_028_classic.mp3,../Data/raw/saxophone_data\sax_028_classic.mp3,saxophone_data,8,-277.2178039550781,125.5108413696289,-33.212066650390625,25.968435287475586,-19.998964309692383,2.8437435626983643,-21.8072509765625,-8.818800926208496,-16.857181549072266,-21.668540954589844,-14.627604484558105,-16.06489372253418,-22.4488525390625,0.33552423119544983,0.14126995205879211,0.2669821083545685,0.4966249167919159,0.20104263722896576,0.2856667935848236,0.20905694365501404,0.34752747416496277,0.2166169434785843,0.17459271848201752,0.4294728636741638,0.21640685200691223,1542.939383901177,1601.3791714764823,2913.1134033203125,0.07849799262152778,112.34714673913044
sax_028_classic.mp3,../Data/raw/saxophone_data\sax_028_classic.mp3,saxophone_data,9,-263.6948547363281,127.71763610839844,-33.05723571777344,29.91823959350586,-19.28685188293457,5.613302230834961,-20.24002456665039,-9.259727478027344,-15.008964538574219,-25.48027801513672,-9.923179626464844,-14.870034217834473,-18.618694305419922,0.19487419724464417,0.09591417014598846,0.34598806500434875,0.5146924257278442,0.21688638627529144,0.34558936953544617,0.2576383352279663,0.5714316964149475,0.20917609333992004,0.11930007487535477,0.2875891327857971,0.15697519481182098,1526.3485142259537,1593.6997764101532,2941.6748046875,0.07242838541666667,135.99917763157896
sax_028_classic.mp3,../Data/raw/saxophone_data\sax_028_classic.mp3,saxophone_data,10,-262.78167724609375,125.49413299560547,-25.243078231811523,31.040904998779297,-15.978133201599121,10.12895393371582,-17.040380477905273,-6.405449867248535,-16.848495483398438,-20.194761276245117,-11.17989730834961,-12.060624122619629,-15.17015266418457,0.19331353902816772,0.10735633969306946,0.36002615094184875,0.3918161988258362,0.22019729018211365,0.5608165264129639,0.23950035870075226,0.3474798798561096,0.13576582074165344,0.10463586449623108,0.27859506011009216,0.14051182568073273,1572.8224030859635,1663.274006821802,3014.399210611979,0.07179768880208333,135.99917763157896
sax_028_classic.mp3,../Data/raw/saxophone_data\sax_028_classic.mp3,saxophone_data,11,-277.347412109375,121.36314392089844,-29.278425216674805,26.90883445739746,-11.737598419189453,7.485318183898926,-16.881324768066406,-8.25865650177002,-18.130083084106445,-17.940603256225586,-19.226350784301758,-14.627890586853027,-16.184484481811523,0.11149337887763977,0.07970781624317169,0.2770078778266907,0.379141241312027,0.22120311856269836,0.562113344669342,0.21417713165283203,0.2640025019645691,0.10170674324035645,0.13198420405387878,0.41104164719581604,0.1254781186580658,1570.1970544468259,1669.2570903368103,2950.347900390625,0.07226336443865741,71.77734375
sax_029_classic.mp3,../Data/raw/saxophone_data\sax_029_classic.mp3,saxophone_data,1,-243.81922912597656,42.36608123779297,13.44304370880127,34.413673400878906,8.62855339050293,9.933801651000977,0.7952540516853333,4.960416793823242,-6.817983150482178,3.545658588409424,-2.4566493034362793,1.3490084409713745,-2.1496262550354004,0.4529847502708435,0.41914552450180054,0.381974458694458,0.33335432410240173,0.3982326090335846,0.34927573800086975,0.3328947126865387,0.3404349982738495,0.5166703462600708,0.7449818849563599,0.6317252516746521,0.5188363790512085,3240.436629949493,2844.255953878862,6592.9982503255205,0.16465250651041666,66.25600961538461
sax_029_classic.mp3,../Data/raw/saxophone_data\sax_029_classic.mp3,saxophone_data,2,-149.0892791748047,59.731536865234375,12.292901039123535,40.85761642456055,7.225616455078125,6.428329944610596,-5.059685707092285,3.1293182373046875,-13.095312118530273,2.8733737468719482,-2.6897730827331543,-0.2501579523086548,-5.731706619262695,0.15986913442611694,0.22781549394130707,0.26149922609329224,0.30136796832084656,0.41336357593536377,0.43288829922676086,0.2906361520290375,0.2474261075258255,0.26208147406578064,0.46177002787590027,0.375785768032074,0.22505412995815277,2622.8611818491704,2709.5173225434446,5788.543701171875,0.0876170970775463,66.25600961538461
sax_029_classic.mp3,../Data/raw/saxophone_data\sax_029_classic.mp3,saxophone_data,3,-140.77626037597656,60.91742706298828,10.489287376403809,37.54098129272461,9.51651382446289,5.484025955200195,-4.757504463195801,4.812283992767334,-10.55978012084961,2.5447049140930176,-3.749439001083374,0.7798015475273132,-3.7863576412200928,0.1682155579328537,0.24694035947322845,0.2792178988456726,0.3229297995567322,0.318105548620224,0.4299294948577881,0.36684682965278625,0.3343192934989929,0.2897253632545471,0.29871666431427,0.35434260964393616,0.2685806453227997,2658.0784949641784,2749.0180164521626,5945.6064860026045,0.09784387659143519,66.25600961538461
sax_029_classic.mp3,../Data/raw/saxophone_data\sax_029_classic.mp3,saxophone_data,4,-141.53790283203125,64.16279602050781,13.449219703674316,36.631103515625,9.523157119750977,8.242542266845703,-2.2099337577819824,7.47510290145874,-8.452518463134766,2.3701932430267334,-4.638369083404541,2.3258562088012695,-0.8799571990966797,0.20852412283420563,0.26944613456726074,0.309889554977417,0.2608051598072052,0.18765895068645477,0.2754051983356476,0.4497787654399872,0.3557952344417572,0.3328455686569214,0.2995139956474304,0.32151827216148376,0.3579801917076111,2620.2585401542756,2757.5079453556486,5951.2888590494795,0.09504982277199074,66.25600961538461
sax_029_classic.mp3,../Data/raw/saxophone_data\sax_029_classic.mp3,saxophone_data,5,-132.74270629882812,67.59688568115234,11.585412979125977,40.15098571777344,7.415612697601318,8.839835166931152,-3.3671205043792725,8.386731147766113,-10.50359058380127,4.012323379516602,-2.463383913040161,0.5583741664886475,-2.8580052852630615,0.1583641767501831,0.21708889305591583,0.2951255440711975,0.28452175855636597,0.19630669057369232,0.2904500663280487,0.41220152378082275,0.36158010363578796,0.4238966107368469,0.3811964690685272,0.35329538583755493,0.2725556194782257,2557.268725207332,2666.320177394034,5652.2165934244795,0.09160924840856481,66.25600961538461
sax_029_classic.mp3,../Data/raw/saxophone_data\sax_029_classic.mp3,saxophone_data,6,-121.62384033203125,61.45532989501953,3.4346325397491455,40.23771286010742,9.999305725097656,7.30683708190918,-0.40856480598449707,8.742974281311035,-11.740239143371582,5.610161781311035,-3.1562581062316895,-1.5736113786697388,-2.674166679382324,0.13630251586437225,0.2857663929462433,0.22967463731765747,0.3581834137439728,0.2732742726802826,0.36558955907821655,0.45053941011428833,0.3234320878982544,0.3528633117675781,0.35272330045700073,0.4975108504295349,0.23330038785934448,2651.2091213432077,2605.434498185158,5578.1463623046875,0.12184651692708333,103.359375
sax_029_classic.mp3,../Data/raw/saxophone_data\sax_029_classic.mp3,saxophone_data,7,-145.6756134033203,59.509647369384766,14.887003898620605,47.041316986083984,17.43600845336914,12.438207626342773,4.075459003448486,12.436015129089355,-7.260864734649658,6.191976547241211,-1.1805649995803833,4.949570178985596,2.839731454849243,0.3610886335372925,0.5246474146842957,0.3500714898109436,0.3840668201446533,0.31503626704216003,0.46289798617362976,0.510711669921875,0.30448034405708313,0.28529229760169983,0.37097734212875366,0.587167501449585,0.36066925525665283,2588.5850992242913,2749.619703525476,5841.579182942708,0.0908519603587963,83.35433467741936
sax_029_classic.mp3,../Data/raw/saxophone_data\sax_029_classic.mp3,saxophone_data,8,-167.45916748046875,62.690528869628906,21.339014053344727,50.88972854614258,16.597312927246094,15.677213668823242,-0.2734009027481079,12.257267951965332,-5.93563175201416,5.723995685577393,1.8031044006347656,9.221307754516602,4.188396453857422,0.43976134061813354,0.47531867027282715,0.2870054244995117,0.21283921599388123,0.2415734976530075,0.5028973817825317,0.3981251120567322,0.2803400754928589,0.3342808485031128,0.48894229531288147,0.7671118974685669,0.5129734873771667,2481.0248056943537,2757.330050457964,5762.723795572917,0.06671368634259259,66.25600961538461
sax_029_classic.mp3,../Data/raw/saxophone_data\sax_029_classic.mp3,saxophone_data,9,-149.24411010742188,63.576908111572266,19.23192596435547,46.158573150634766,10.430792808532715,9.979439735412598,-2.783935546875,7.216408729553223,-8.181395530700684,5.340014457702637,0.3211763799190521,7.355016708374023,0.4899068772792816,0.34076982736587524,0.47671744227409363,0.2611756920814514,0.17041940987110138,0.1796470433473587,0.4166315197944641,0.27189481258392334,0.1760857254266739,0.3270065188407898,0.36271920800209045,0.5786566734313965,0.47137942910194397,2507.2998615747424,2688.8897969753375,5630.234781901042,0.09409360532407407,198.76802884615384
sax_029_classic.mp3,../Data/raw/saxophone_data\sax_029_classic.mp3,saxophone_data,10,-131.5845947265625,58.85837936401367,11.335330963134766,44.41770553588867,7.97308349609375,4.408163547515869,-2.582805871963501,5.790847301483154,-9.59945297241211,5.207303047180176,-4.153709888458252,5.2861857414245605,1.308371663093567,0.3330225646495819,0.658079206943512,0.305412232875824,0.22286519408226013,0.2058894783258438,0.3376580476760864,0.1601227968931198,0.1303171068429947,0.33198970556259155,0.2613009214401245,0.24166345596313477,0.2285311073064804,2667.7019144509286,2636.755737414886,5707.2458902994795,0.12210874204282407,66.25600961538461
sax_029_classic.mp3,../Data/raw/saxophone_data\sax_029_classic.mp3,saxophone_data,11,-135.842529296875,62.62377166748047,3.5494916439056396,42.265254974365234,5.400678634643555,2.1363446712493896,-3.4526209831237793,6.017043590545654,-8.133878707885742,8.555237770080566,-4.781423091888428,1.8716118335723877,1.1071557998657227,0.24616669118404388,0.5632240772247314,0.2618086636066437,0.18335703015327454,0.17310792207717896,0.23804008960723877,0.15149305760860443,0.20426471531391144,0.5120664238929749,0.3145923614501953,0.17534570395946503,0.13019248843193054,2619.1316839851474,2563.798139989917,5526.9053141276045,0.1129150390625,66.25600961538461
sax_030_classic.mp3,../Data/raw/saxophone_data\sax_030_classic.mp3,saxophone_data,1,-259.6189880371094,110.54791259765625,-3.246912717819214,38.833003997802734,13.965657234191895,9.169143676757812,-2.6546437740325928,5.376718521118164,-1.4929133653640747,-4.0287766456604,-0.04818965867161751,1.4311234951019287,-6.435293674468994,0.45594343543052673,0.4240972697734833,0.45805853605270386,0.519612729549408,0.41370493173599243,0.5242760181427002,0.4536634683609009,0.4463992714881897,0.5698033571243286,0.47579556703567505,0.40389537811279297,0.5097601413726807,2069.404049371806,2012.9085753928457,3970.9320068359375,0.13336181640625,78.30255681818181
sax_030_classic.mp3,../Data/raw/saxophone_data\sax_030_classic.mp3,saxophone_data,2,-168.234375,127.36107635498047,-6.230913162231445,51.882877349853516,23.587936401367188,11.879590034484863,-5.640682697296143,11.79881477355957,0.30291926860809326,0.3597225546836853,7.0230793952941895,5.453794479370117,-7.412482261657715,0.37349724769592285,0.37492862343788147,0.35311752557754517,0.4310188591480255,0.36169835925102234,0.6293198466300964,0.37422555685043335,0.30937835574150085,0.4337069094181061,0.30660611391067505,0.24450601637363434,0.26171794533729553,1400.269684820605,1800.954649093797,2896.465047200521,0.06328893590856481,99.38401442307692
sax_030_classic.mp3,../Data/raw/saxophone_data\sax_030_classic.mp3,saxophone_data,3,-155.3372039794922,115.58112335205078,-14.346868515014648,55.763553619384766,27.468374252319336,9.5264892578125,-6.141162872314453,12.062719345092773,-5.246450424194336,-0.5568272471427917,7.459088325500488,4.86693000793457,-6.041989326477051,0.249883770942688,0.2526344358921051,0.2459920048713684,0.4059007465839386,0.3227127492427826,0.47631344199180603,0.3141023516654968,0.2941240668296814,0.4328233599662781,0.3455923795700073,0.44401201605796814,0.32866108417510986,1574.7713049920455,1831.4134098120953,3066.1885579427085,0.08671965422453703,151.99908088235293
sax_030_classic.mp3,../Data/raw/saxophone_data\sax_030_classic.mp3,saxophone_data,4,-153.0470733642578,117.04088592529297,-12.930170059204102,55.51557159423828,26.11372947692871,6.293042182922363,-9.514935493469238,7.707982540130615,-9.36384391784668,-5.16841983795166,3.893545389175415,-1.020265817642212,-2.1938767433166504,0.2871195077896118,0.3876352310180664,0.30239108204841614,0.3670669198036194,0.22843106091022491,0.2794625759124756,0.19680336117744446,0.1980632096529007,0.4000290334224701,0.28235486149787903,0.4381212890148163,0.4656745493412018,1602.2623626801317,1838.2212680125226,3164.3341064453125,0.0915843822337963,161.4990234375
sax_030_classic.mp3,../Data/raw/saxophone_data\sax_030_classic.mp3,saxophone_data,5,-155.1604461669922,114.78565979003906,-10.63229751586914,52.055816650390625,23.81104850769043,6.478443145751953,-9.980076789855957,7.624108791351318,-10.73137092590332,-6.626367568969727,3.0258302688598633,-3.7981011867523193,-2.535220146179199,0.35789430141448975,0.5121092796325684,0.30102038383483887,0.382365345954895,0.23382221162319183,0.25118139386177063,0.24156850576400757,0.23840506374835968,0.42631828784942627,0.22264178097248077,0.3048204779624939,0.4270409047603607,1680.3877364110117,1895.556313088557,3313.0228678385415,0.09164993851273148,161.4990234375
sax_030_classic.mp3,../Data/raw/saxophone_data\sax_030_classic.mp3,saxophone_data,6,-156.30618286132812,113.88565826416016,-12.706624031066895,50.315773010253906,19.98756217956543,5.429556369781494,-7.764581680297852,7.506134033203125,-8.665058135986328,-4.338058948516846,2.820207357406616,1.328155279159546,-1.4137368202209473,0.367294043302536,0.4632660150527954,0.26508650183677673,0.439065158367157,0.29885461926460266,0.4338097870349884,0.28600096702575684,0.2521935999393463,0.3289443254470825,0.24334083497524261,0.3849818706512451,0.3647049069404602,1720.5436958303674,1902.9251931091999,3312.474568684896,0.09477403428819445,78.30255681818181
sax_030_classic.mp3,../Data/raw/saxophone_data\sax_030_classic.mp3,saxophone_data,7,-155.9388427734375,123.56397247314453,-12.547711372375488,55.878318786621094,15.275984764099121,2.9289257526397705,-4.846259117126465,6.613248825073242,-5.407626628875732,-1.887663722038269,2.7770161628723145,3.5662693977355957,-0.17704688012599945,0.3905365467071533,0.5370326042175293,0.29794007539749146,0.4212867319583893,0.3144038915634155,0.41979458928108215,0.27459895610809326,0.2120230793952942,0.26938480138778687,0.2584829032421112,0.4509977698326111,0.35469746589660645,1544.1423465371988,1823.3762034478723,3122.613525390625,0.07801649305555555,161.4990234375
sax_030_classic.mp3,../Data/raw/saxophone_data\sax_030_classic.mp3,saxophone_data,8,-150.8048858642578,113.1639175415039,-15.531288146972656,60.132022857666016,12.42825984954834,1.363750696182251,1.7120972871780396,7.406503200531006,-8.015830993652344,0.8851165771484375,0.9895113706588745,-1.6422613859176636,-1.4113876819610596,0.3165668547153473,0.4459552764892578,0.30671176314353943,0.4002373218536377,0.31105706095695496,0.28425437211990356,0.35831600427627563,0.3169468641281128,0.4969129264354706,0.32934606075286865,0.36211833357810974,0.36657479405403137,1707.159836191765,1903.5068743125119,3458.770751953125,0.08543339482060185,151.99908088235293
sax_030_classic.mp3,../Data/raw/saxophone_data\sax_030_classic.mp3,saxophone_data,9,-154.83746337890625,104.4033203125,-13.979663848876953,57.993896484375,12.67275619506836,1.6560478210449219,2.6455163955688477,3.3751604557037354,-7.565959930419922,7.328643321990967,2.3875467777252197,-3.205892324447632,1.8646454811096191,0.2830440104007721,0.3590511083602905,0.26533612608909607,0.3158632516860962,0.2819293141365051,0.3968603014945984,0.3926362991333008,0.28501564264297485,0.5436920523643494,0.29935356974601746,0.23654843866825104,0.43298014998435974,1854.8720166356488,1971.4486480270496,3683.324178059896,0.10096345124421297,151.99908088235293
sax_030_classic.mp3,../Data/raw/saxophone_data\sax_030_classic.mp3,saxophone_data,10,-167.36827087402344,115.71736907958984,-8.035829544067383,58.85300064086914,15.189471244812012,5.509054660797119,-2.583338499069214,4.806447982788086,-4.582461833953857,3.8488080501556396,2.578688383102417,0.903414249420166,-1.5361356735229492,0.3025359511375427,0.4700843393802643,0.2757600247859955,0.3089170753955841,0.3168860673904419,0.49946996569633484,0.3069244921207428,0.2554720342159271,0.46964791417121887,0.2540326416492462,0.3019556701183319,0.4059785306453705,1624.6206562354314,1902.602554828065,3363.7654622395835,0.08048050491898148,151.99908088235293
sax_030_classic.mp3,../Data/raw/saxophone_data\sax_030_classic.mp3,saxophone_data,11,-167.33949279785156,123.23442840576172,-13.87959098815918,56.521244049072266,12.393677711486816,7.737237930297852,-4.75385856628418,8.135401725769043,-4.787760257720947,-4.363439083099365,-0.4242732524871826,3.722285509109497,-5.180500030517578,0.2952152192592621,0.48112061619758606,0.332502543926239,0.4737148880958557,0.3332180678844452,0.39753907918930054,0.345681756734848,0.3219255805015564,0.41112273931503296,0.2732536494731903,0.32100749015808105,0.2889804542064667,1533.5181943410153,1808.813910754224,3143.3990478515625,0.07160780164930555,161.4990234375
sax_031_classic.mp3,../Data/raw/saxophone_data\sax_031_classic.mp3,saxophone_data,1,-241.0689697265625,96.00513458251953,-1.6255165338516235,29.5081787109375,18.63258934020996,7.207305908203125,2.220720052719116,5.0213165283203125,-2.9840848445892334,-1.6229687929153442,-3.041231870651245,7.901012420654297,-6.3092193603515625,0.73835688829422,0.4075939357280731,0.3922100365161896,0.373617947101593,0.31504693627357483,0.427223801612854,0.3800135850906372,0.4572582244873047,0.45102447271347046,0.38665828108787537,0.36744800209999084,0.4436386227607727,2359.845737979691,2231.5077775344143,4343.2769775390625,0.16091127748842593,129.19921875
sax_031_classic.mp3,../Data/raw/saxophone_data\sax_031_classic.mp3,saxophone_data,2,-122.35517883300781,122.70606994628906,-19.35289764404297,33.619625091552734,22.735536575317383,6.122166156768799,-1.729816198348999,10.238353729248047,-0.9144162535667419,-4.972393989562988,-5.328943252563477,10.374579429626465,-8.139423370361328,0.5840544104576111,0.29799845814704895,0.30416831374168396,0.3084137439727783,0.22627219557762146,0.3850368857383728,0.25997409224510193,0.3283613920211792,0.28957265615463257,0.23437003791332245,0.300967276096344,0.3579193353652954,1688.2722798486584,1923.29317402358,3103.123982747396,0.09450728804976852,123.046875
sax_031_classic.mp3,../Data/raw/saxophone_data\sax_031_classic.mp3,saxophone_data,3,-122.40196228027344,125.21735382080078,-18.07793426513672,40.05620574951172,21.011247634887695,1.2804542779922485,-2.1373753547668457,9.100603103637695,0.15650947391986847,-2.4924464225769043,-2.6168277263641357,7.733777046203613,-4.0854010581970215,0.5529237389564514,0.400339275598526,0.46382400393486023,0.3826043903827667,0.2586003839969635,0.39360541105270386,0.2556038200855255,0.28411707282066345,0.29821082949638367,0.2758210599422455,0.36429429054260254,0.3476734161376953,1673.938148230984,1959.5759468570725,3279.277547200521,0.08585385923032407,123.046875
sax_031_classic.mp3,../Data/raw/saxophone_data\sax_031_classic.mp3,saxophone_data,4,-147.81837463378906,122.32494354248047,-3.5496249198913574,45.32654571533203,21.464111328125,2.1809616088867188,3.3759591579437256,5.0325398445129395,-3.8100106716156006,0.5417431592941284,0.650710940361023,5.7958221435546875,-3.626223564147949,0.41094645857810974,0.3755970299243927,0.6255085468292236,0.5055482387542725,0.26322001218795776,0.3963257372379303,0.2852868139743805,0.38810214400291443,0.31845366954803467,0.2802307605743408,0.3019130825996399,0.3065236806869507,1663.5884436387478,2077.1792612413374,3556.517537434896,0.07373498987268519,123.046875
sax_031_classic.mp3,../Data/raw/saxophone_data\sax_031_classic.mp3,saxophone_data,5,-149.81507873535156,120.14615631103516,-1.370728611946106,39.39122772216797,20.257673263549805,2.294779062271118,4.440723419189453,5.389124393463135,-6.505159378051758,0.7539950013160706,3.366607904434204,6.707015514373779,-4.108423233032227,0.3918358087539673,0.30533427000045776,0.5085276365280151,0.5191241502761841,0.2827799320220947,0.40886059403419495,0.27698615193367004,0.3580615818500519,0.20013462007045746,0.2167043536901474,0.3125130236148834,0.31747177243232727,1694.9801262568697,2096.8560282789063,3548.741658528646,0.07524956597222222,123.046875
sax_031_classic.mp3,../Data/raw/saxophone_data\sax_031_classic.mp3,saxophone_data,6,-126.68238830566406,121.38706970214844,-12.353802680969238,37.70808410644531,16.074073791503906,2.6685867309570312,-1.4838696718215942,9.491413116455078,-5.611522674560547,-2.914360284805298,-0.9824749827384949,6.899311065673828,-3.52341890335083,0.4608851969242096,0.3174336850643158,0.384146511554718,0.37187278270721436,0.22375145554542542,0.37502992153167725,0.30267199873924255,0.2588803470134735,0.2035173773765564,0.2013562023639679,0.3918575942516327,0.31687629222869873,1699.0297499021178,2008.0861532424003,3381.7596435546875,0.08228669343171297,129.19921875
sax_031_classic.mp3,../Data/raw/saxophone_data\sax_031_classic.mp3,saxophone_data,7,-124.5213394165039,123.32624053955078,-10.532493591308594,38.05891036987305,15.885128021240234,3.3814871311187744,-3.4191927909851074,9.300457954406738,-3.9083378314971924,-2.911924123764038,-2.711909294128418,4.312217712402344,-6.118729591369629,0.45810985565185547,0.29118555784225464,0.3240252137184143,0.2724129557609558,0.204093798995018,0.41543033719062805,0.36615505814552307,0.29505613446235657,0.25543826818466187,0.2835099697113037,0.42114847898483276,0.3264857828617096,1688.684206677483,2001.1943632446,3324.3876139322915,0.08457890263310185,123.046875
sax_031_classic.mp3,../Data/raw/saxophone_data\sax_031_classic.mp3,saxophone_data,8,-136.93601989746094,122.10445404052734,-4.437832832336426,35.53437042236328,18.506990432739258,2.892594337463379,1.4202346801757812,4.076313018798828,-3.108553886413574,2.4297590255737305,-0.4268832802772522,-1.164567470550537,-6.038854598999023,0.3938123285770416,0.24848386645317078,0.2865797281265259,0.35937267541885376,0.2902139127254486,0.5517780780792236,0.3558889329433441,0.3711279332637787,0.2833992540836334,0.34814485907554626,0.472879022359848,0.2959989905357361,1718.5730054120447,2074.386580562646,3505.5755615234375,0.08530454282407407,123.046875
sax_031_classic.mp3,../Data/raw/saxophone_data\sax_031_classic.mp3,saxophone_data,9,-137.1751251220703,109.23314666748047,-2.556236743927002,38.772491455078125,18.927841186523438,2.2266366481781006,2.0623526573181152,3.1922154426574707,-5.226778984069824,4.322190284729004,-0.40091076493263245,-6.157603740692139,-1.6454836130142212,0.33202633261680603,0.22807978093624115,0.3211698532104492,0.3165569603443146,0.2229955792427063,0.43085408210754395,0.27913132309913635,0.32962310314178467,0.25382083654403687,0.32095128297805786,0.5449300408363342,0.2905844748020172,1880.141939846622,2197.9240999466315,3877.0233154296875,0.09026421440972222,123.046875
sax_031_classic.mp3,../Data/raw/saxophone_data\sax_031_classic.mp3,saxophone_data,10,-131.63050842285156,110.36033630371094,-4.684950828552246,40.73251724243164,16.395591735839844,0.19482630491256714,2.3301851749420166,3.6769237518310547,-7.1974711418151855,0.36401140689849854,0.8299176096916199,-3.156684398651123,-1.9618505239486694,0.3558350205421448,0.28045859932899475,0.4251149594783783,0.3763284385204315,0.23221924901008606,0.3592298924922943,0.25705236196517944,0.26198065280914307,0.20860956609249115,0.3615923225879669,0.45094361901283264,0.2808937728404999,1883.0531664526966,2184.205550805862,3855.4901123046875,0.08821840639467593,129.19921875
sax_031_classic.mp3,../Data/raw/saxophone_data\sax_031_classic.mp3,saxophone_data,11,-147.14990234375,123.0499496459961,-2.4202029705047607,41.76386642456055,13.44822883605957,-0.275162011384964,5.92984676361084,4.234652519226074,-6.077096462249756,-1.8210268020629883,-0.23806637525558472,0.2815195322036743,-4.214305400848389,0.25253185629844666,0.2544364631175995,0.4193877875804901,0.5564141869544983,0.39428409934043884,0.5485754013061523,0.3335718810558319,0.3215038478374481,0.22063465416431427,0.40753868222236633,0.47926750779151917,0.23932430148124695,1673.8059617956587,2090.7606845938867,3554.5735677083335,0.06702112268518519,129.19921875
sax_032_classic.mp3,../Data/raw/saxophone_data\sax_032_classic.mp3,saxophone_data,1,-265.5185546875,93.05410766601562,-3.566602945327759,29.585166931152344,2.074099540710449,1.9028058052062988,1.3938111066818237,-0.7653986811637878,1.0249074697494507,0.7279566526412964,-6.324435234069824,3.1821963787078857,-1.8810060024261475,0.23948267102241516,0.29716113209724426,0.43245694041252136,0.3107589781284332,0.3914428949356079,0.2817217707633972,0.499331533908844,0.6027266979217529,0.32528457045555115,0.2751283645629883,0.2780642509460449,0.356682151556015,2392.576440076602,2188.09143167974,4523.9166259765625,0.1669582790798611,78.30255681818181
sax_032_classic.mp3,../Data/raw/saxophone_data\sax_032_classic.mp3,saxophone_data,2,-170.10369873046875,111.84796905517578,-0.40366843342781067,45.049659729003906,2.69899582862854,3.997278928756714,7.617847919464111,-0.2938024699687958,0.4396717846393585,2.5814478397369385,-6.744509220123291,2.5311152935028076,-2.9849252700805664,0.304301381111145,0.2922597825527191,0.3533512353897095,0.24197711050510406,0.4248754382133484,0.25802698731422424,0.4314548969268799,0.4038039743900299,0.21476811170578003,0.18552856147289276,0.1764255315065384,0.3663727939128876,1711.6838571287317,1980.514596776904,3450.346883138021,0.0892673068576389,78.30255681818181
sax_032_classic.mp3,../Data/raw/saxophone_data\sax_032_classic.mp3,saxophone_data,3,-174.82057189941406,109.08586883544922,9.029786109924316,45.361759185791016,7.293745994567871,4.9396796226501465,6.957552909851074,0.6287766695022583,-1.3742265701293945,0.1926320344209671,-6.3755316734313965,4.170490741729736,-4.281583786010742,0.3855840265750885,0.2916618585586548,0.32874828577041626,0.26974695920944214,0.5479109287261963,0.24687783420085907,0.24255268275737762,0.40072712302207947,0.21565033495426178,0.18577100336551666,0.18284998834133148,0.4273754358291626,1764.7107561852451,2074.6199177980366,3601.42822265625,0.09032298900462964,151.99908088235293
sax_032_classic.mp3,../Data/raw/saxophone_data\sax_032_classic.mp3,saxophone_data,4,-145.37493896484375,94.89476776123047,-3.793012857437134,56.12354278564453,7.7638020515441895,3.0428552627563477,6.3926568031311035,-0.7293058037757874,-1.006262183189392,1.4579411745071411,-9.711360931396484,8.253767013549805,-3.8095896244049072,0.2093936800956726,0.16591309010982513,0.3373958468437195,0.22127704322338104,0.3753046691417694,0.2197759747505188,0.2975456118583679,0.413585901260376,0.21883012354373932,0.23227813839912415,0.2052779346704483,0.41470247507095337,2019.3220454059015,2104.886646767722,4052.2796630859375,0.11918357566550926,161.4990234375
sax_032_classic.mp3,../Data/raw/saxophone_data\sax_032_classic.mp3,saxophone_data,5,-153.03302001953125,98.30875396728516,-5.449656009674072,55.628971099853516,11.881876945495605,6.308273792266846,5.349808216094971,-1.8420562744140625,-1.606204867362976,3.2868213653564453,-10.7630615234375,6.602670192718506,-4.717076301574707,0.2458413988351822,0.15177543461322784,0.2955459952354431,0.1883239597082138,0.24773576855659485,0.31866079568862915,0.40986573696136475,0.5747219324111938,0.28604623675346375,0.3020826280117035,0.27175432443618774,0.43424439430236816,1975.1251652286612,2042.9494098496123,3831.0160319010415,0.11894621672453703,151.99908088235293
sax_032_classic.mp3,../Data/raw/saxophone_data\sax_032_classic.mp3,saxophone_data,6,-170.4026641845703,106.09883880615234,4.22335147857666,48.72348403930664,11.62714958190918,8.485541343688965,5.11616849899292,-2.4282054901123047,-1.6759203672409058,2.954770088195801,-10.382139205932617,2.882866144180298,-2.149428129196167,0.3323083817958832,0.20980224013328552,0.22329233586788177,0.1862696409225464,0.27430853247642517,0.2913271486759186,0.47176969051361084,0.5832772254943848,0.30200105905532837,0.35221660137176514,0.3705883026123047,0.5685163140296936,1798.170504790341,2038.1599408429229,3566.187540690104,0.10332799840856481,215.33203125
sax_032_classic.mp3,../Data/raw/saxophone_data\sax_032_classic.mp3,saxophone_data,7,-166.18113708496094,111.24077606201172,8.298393249511719,46.04391860961914,9.362604141235352,9.943534851074219,8.974442481994629,1.2553507089614868,0.11895723640918732,3.425034761428833,-5.681972980499268,3.718397378921509,-0.6023306250572205,0.28623878955841064,0.2303975373506546,0.25473636388778687,0.16790002584457397,0.2768646478652954,0.21819502115249634,0.4742231070995331,0.6139000058174133,0.34924137592315674,0.41867339611053467,0.3597664535045624,0.5180533528327942,1637.6454569676773,2095.0365055096468,3514.946492513021,0.07869466145833333,234.90767045454547
sax_032_classic.mp3,../Data/raw/saxophone_data\sax_032_classic.mp3,saxophone_data,8,-147.63438415527344,106.49169921875,-3.3920857906341553,50.45844650268555,7.141574859619141,7.006343364715576,8.796317100524902,1.2961570024490356,-4.57750129699707,2.6490697860717773,-3.9027082920074463,4.037471771240234,-1.2201486825942993,0.30741021037101746,0.2399074286222458,0.2666887044906616,0.21791794896125793,0.4478619396686554,0.23864959180355072,0.32461872696876526,0.5633695721626282,0.3623369336128235,0.49464336037635803,0.31850337982177734,0.3779992461204529,1768.3366009794288,2106.3315937374855,3701.1189778645835,0.08397081163194445,78.30255681818181
sax_032_classic.mp3,../Data/raw/saxophone_data\sax_032_classic.mp3,saxophone_data,9,-156.3589630126953,93.08543395996094,-1.4097425937652588,48.95223617553711,11.181777000427246,5.587000370025635,5.803247928619385,1.244181752204895,-6.088967323303223,2.9605085849761963,-0.8219084739685059,5.6473917961120605,1.9281905889511108,0.4725704789161682,0.3878851532936096,0.4879239797592163,0.37727248668670654,0.46406081318855286,0.2084375023841858,0.22654417157173157,0.33401790261268616,0.270140141248703,0.3891032636165619,0.2468997985124588,0.32207876443862915,2019.508577755177,2258.493092472771,4166.8243408203125,0.09199354383680555,75.99954044117646
sax_032_classic.mp3,../Data/raw/saxophone_data\sax_032_classic.mp3,saxophone_data,10,-156.74856567382812,81.15692138671875,3.3683362007141113,40.581546783447266,11.227025985717773,6.697061061859131,5.319180965423584,0.8190308809280396,-5.949120998382568,1.504427433013916,-3.236924886703491,2.719620943069458,2.07061767578125,0.4911859929561615,0.32479405403137207,0.4537506401538849,0.32116010785102844,0.253176748752594,0.17465826869010925,0.3593927025794983,0.2650910019874573,0.18958379328250885,0.2850923240184784,0.24784351885318756,0.5371970534324646,2241.3269795598444,2439.6436257800847,4678.0385335286455,0.09928159360532407,75.99954044117646
sax_032_classic.mp3,../Data/raw/saxophone_data\sax_032_classic.mp3,saxophone_data,11,-140.2921905517578,91.0215835571289,-1.6423157453536987,40.839752197265625,6.13262939453125,7.1862406730651855,6.8417840003967285,-1.0733786821365356,-9.56790828704834,0.057211097329854965,-6.168452739715576,-1.8588982820510864,-1.0662297010421753,0.2854313254356384,0.22466979920864105,0.4495694935321808,0.24992409348487854,0.2206374555826187,0.21955318748950958,0.46430790424346924,0.3621709644794464,0.22109121084213257,0.3965817987918854,0.2686421871185303,0.49946463108062744,2091.695522299973,2312.338799722638,4369.545491536458,0.09540699146412036,151.99908088235293
sax_033_classic.mp3,../Data/raw/saxophone_data\sax_033_classic.mp3,saxophone_data,1,-241.71047973632812,94.48475646972656,-0.0999637171626091,32.249420166015625,12.50472640991211,3.324411392211914,-0.6179726719856262,0.14591732621192932,-2.353987216949463,-1.2662209272384644,2.572105884552002,-2.8578996658325195,-4.564136505126953,0.3766013979911804,0.41735875606536865,0.47648975253105164,0.7113044261932373,0.3369351029396057,0.34015953540802,0.3306795656681061,0.304738312959671,0.4442821741104126,0.3847030699253082,0.4662500023841858,0.43377935886383057,2384.9120739247005,2225.3688671918358,4387.9384358723955,0.16097457320601852,129.19921875
sax_033_classic.mp3,../Data/raw/saxophone_data\sax_033_classic.mp3,saxophone_data,2,-117.81492614746094,113.82205963134766,-18.124881744384766,41.25181579589844,15.566882133483887,0.7465941309928894,0.4492120146751404,5.319538593292236,-5.071844577789307,-3.1314754486083984,4.541229248046875,-2.636871099472046,-3.393719434738159,0.25602060556411743,0.3230991065502167,0.3694193363189697,0.5867007374763489,0.26288554072380066,0.2541813850402832,0.3108840882778168,0.242822527885437,0.41441306471824646,0.2539902329444885,0.32191741466522217,0.30744698643684387,1818.530973415106,1963.374473070657,3361.871337890625,0.1011081271701389,129.19921875
sax_033_classic.mp3,../Data/raw/saxophone_data\sax_033_classic.mp3,saxophone_data,3,-115.96414184570312,113.74375915527344,-14.035346031188965,45.827606201171875,11.266258239746094,-0.5094991326332092,2.159731149673462,6.205864906311035,-2.988502025604248,0.8876132369041443,3.0747318267822266,-0.2595019042491913,-1.314523458480835,0.3066149950027466,0.3512435853481293,0.33068740367889404,0.502045750617981,0.34383732080459595,0.49828070402145386,0.3382974863052368,0.2765946388244629,0.4041212201118469,0.23604393005371094,0.26557034254074097,0.2792132794857025,1828.6474750057055,2052.378827172463,3669.068400065104,0.0935397677951389,129.19921875
sax_033_classic.mp3,../Data/raw/saxophone_data\sax_033_classic.mp3,saxophone_data,4,-140.1717987060547,114.3121566772461,-0.42605647444725037,49.22294616699219,8.396308898925781,2.9374003410339355,3.6975111961364746,0.6025311350822449,0.010044874623417854,6.253664016723633,0.125108540058136,-0.6324654817581177,-3.0945193767547607,0.2793019115924835,0.3166709244251251,0.2794906497001648,0.31512248516082764,0.2949041724205017,0.6279654502868652,0.4831649363040924,0.22270707786083221,0.3317743241786957,0.241200253367424,0.34188324213027954,0.27188169956207275,1767.8992630692414,2113.9614256794034,3781.0211181640625,0.08064100477430555,129.19921875
sax_033_classic.mp3,../Data/raw/saxophone_data\sax_033_classic.mp3,saxophone_data,5,-141.056884765625,115.99371337890625,-3.117791175842285,42.86839294433594,9.307408332824707,1.5256898403167725,2.6977763175964355,0.09251827746629715,-2.104219436645508,7.25925874710083,1.665226936340332,-0.2940606474876404,-2.323330879211426,0.23292428255081177,0.39782384037971497,0.3544031083583832,0.38392558693885803,0.2523788809776306,0.42472195625305176,0.4232252836227417,0.24450765550136566,0.3962051570415497,0.24158790707588196,0.31694990396499634,0.1795750856399536,1756.1738161997537,2071.735614078824,3569.5770263671875,0.08293547453703703,129.19921875
sax_033_classic.mp3,../Data/raw/saxophone_data\sax_033_classic.mp3,saxophone_data,6,-119.18807983398438,111.18152618408203,-9.550551414489746,38.08137512207031,8.237743377685547,-0.42577970027923584,-0.28137660026550293,4.641671657562256,-6.728850841522217,3.0339090824127197,2.946221351623535,-0.07236004620790482,-2.3201656341552734,0.21380048990249634,0.3871525526046753,0.3143465220928192,0.5074118375778198,0.2885441482067108,0.3340408504009247,0.3491971492767334,0.22534477710723877,0.40753933787345886,0.2953224182128906,0.25563129782676697,0.2348128706216812,1867.339899826313,2104.483831356618,3689.006551106771,0.09403030960648148,129.19921875
sax_033_classic.mp3,../Data/raw/saxophone_data\sax_033_classic.mp3,saxophone_data,7,-119.97533416748047,113.8453598022461,-7.446372032165527,38.63993835449219,6.280020236968994,0.8897385001182556,0.5305187702178955,3.5781092643737793,-6.40275764465332,0.4678777754306793,-3.348612070083618,-1.3844505548477173,0.04339797422289848,0.3053947687149048,0.42298582196235657,0.2816723585128784,0.4233754575252533,0.23619374632835388,0.32455629110336304,0.2765907645225525,0.21013206243515015,0.4610239267349243,0.35035035014152527,0.3183283507823944,0.2605245113372803,1859.0169144546915,2080.0269926242695,3688.6077880859375,0.10064697265625,129.19921875
sax_033_classic.mp3,../Data/raw/saxophone_data\sax_033_classic.mp3,saxophone_data,8,-133.36349487304688,114.82781982421875,-2.8818161487579346,40.82605743408203,8.262439727783203,1.3783074617385864,-0.0385996513068676,-1.4679551124572754,-1.7692975997924805,2.1930720806121826,-8.418770790100098,1.4113491773605347,5.194185733795166,0.32871806621551514,0.4647323489189148,0.2606514096260071,0.33333492279052734,0.1946098357439041,0.3098721206188202,0.32695266604423523,0.2456127256155014,0.4733945429325104,0.2761722803115845,0.3145424425601959,0.21812446415424347,1840.2208022747686,2091.6516229420113,3704.608154296875,0.09648075810185185,129.19921875
sax_033_classic.mp3,../Data/raw/saxophone_data\sax_033_classic.mp3,saxophone_data,9,-138.25901794433594,107.44728088378906,2.5907812118530273,42.11736297607422,7.548898220062256,2.615723133087158,-1.333733320236206,-2.48956298828125,0.07405690848827362,4.94701623916626,-6.628946781158447,4.450559139251709,7.837793350219727,0.3335444927215576,0.42590031027793884,0.23891261219978333,0.3566713035106659,0.22078119218349457,0.3280145823955536,0.37581953406333923,0.23550808429718018,0.36536160111427307,0.23602619767189026,0.261280357837677,0.20440958440303802,1908.1259016442532,2192.558220728571,3901.2980143229165,0.09337926793981481,129.19921875
sax_033_classic.mp3,../Data/raw/saxophone_data\sax_033_classic.mp3,saxophone_data,10,-132.79884338378906,107.93496704101562,-6.308785438537598,41.764739990234375,3.0619583129882812,1.9935476779937744,2.5011308193206787,-1.9633042812347412,-4.109984397888184,4.431978702545166,-4.477939605712891,1.0898138284683228,3.5479018688201904,0.42370226979255676,0.4629773497581482,0.2314043790102005,0.2943468391895294,0.24405981600284576,0.4223676025867462,0.39139848947525024,0.28473731875419617,0.4414626955986023,0.2729853391647339,0.32268306612968445,0.19518806040287018,1927.3415912920207,2166.6028003097244,3962.059529622396,0.09070728443287036,135.99917763157896
sax_033_classic.mp3,../Data/raw/saxophone_data\sax_033_classic.mp3,saxophone_data,11,-141.72601318359375,113.82453155517578,-2.2048776149749756,46.51523971557617,5.2122721672058105,5.152096271514893,6.614075660705566,-0.4356682300567627,-4.331811904907227,3.2877109050750732,-3.135523796081543,-0.006139896344393492,-0.6063361167907715,0.3594844937324524,0.6172716617584229,0.21397161483764648,0.15641914308071136,0.20849600434303284,0.3666893541812897,0.45045047998428345,0.41209208965301514,0.6136549711227417,0.37181198596954346,0.3277561068534851,0.1810474991798401,1767.713101464886,2120.200790936234,3736.559041341146,0.07254819516782407,129.19921875
sax_034_classic.mp3,../Data/raw/saxophone_data\sax_034_classic.mp3,saxophone_data,1,-185.7530059814453,79.61239624023438,-9.323643684387207,45.282405853271484,-4.031171798706055,12.421979904174805,-9.57684326171875,4.569760322570801,-5.300440311431885,-0.3169318437576294,-0.9226717352867126,4.070850849151611,-10.897663116455078,0.25433972477912903,0.18523313105106354,0.26892486214637756,0.22965948283672333,0.243100106716156,0.5835897326469421,0.28372254967689514,0.26380884647369385,0.14386016130447388,0.17733505368232727,0.4855659604072571,0.2254197746515274,1778.2284590547492,1706.1432754895757,3527.208455403646,0.09409812644675926,89.10290948275862
sax_034_classic.mp3,../Data/raw/saxophone_data\sax_034_classic.mp3,saxophone_data,2,-159.80943298339844,112.86851501464844,-0.3759395480155945,47.03684997558594,-2.609494924545288,10.392948150634766,-8.7698335647583,2.7352781295776367,-3.8126423358917236,0.2004767209291458,1.7932931184768677,2.124248743057251,-10.548582077026367,0.36631128191947937,0.1653410941362381,0.2454896718263626,0.3342679738998413,0.4051039516925812,0.6920306086540222,0.28811895847320557,0.25917428731918335,0.12654036283493042,0.16038578748703003,0.4405760169029236,0.2275516241788864,1686.6237843957276,1917.0267482717081,3473.5748291015625,0.07384801793981481,123.046875
sax_034_classic.mp3,../Data/raw/saxophone_data\sax_034_classic.mp3,saxophone_data,3,-143.04226684570312,107.81636047363281,-3.202989339828491,49.60163497924805,-3.020979642868042,11.94325065612793,-10.509293556213379,2.4689321517944336,-5.506440162658691,-0.07263451814651489,1.9648268222808838,4.1019110679626465,-8.168044090270996,0.4457882046699524,0.2596829831600189,0.3115677535533905,0.34384599328041077,0.40178850293159485,0.5411251783370972,0.2884751260280609,0.37413647770881653,0.20183326303958893,0.16409195959568024,0.3966754376888275,0.285647451877594,1811.5952840036987,1974.6784813370948,3716.222127278646,0.08361590350115741,89.10290948275862
sax_034_classic.mp3,../Data/raw/saxophone_data\sax_034_classic.mp3,saxophone_data,4,-107.29531860351562,94.56251525878906,-11.639143943786621,55.710845947265625,-3.723942756652832,13.271649360656738,-11.936209678649902,3.928877592086792,-10.712587356567383,-1.944580078125,0.20563019812107086,4.254302501678467,-7.881796360015869,0.54963219165802,0.376210480928421,0.36135509610176086,0.2912561595439911,0.2676415741443634,0.3784260153770447,0.2282366156578064,0.40533211827278137,0.2165304273366928,0.1870349794626236,0.4643861949443817,0.3443489074707031,2002.7663777197643,2059.2079062652074,4132.979329427083,0.09968171296296297,172.265625
sax_034_classic.mp3,../Data/raw/saxophone_data\sax_034_classic.mp3,saxophone_data,5,-110.54179382324219,94.61530303955078,-8.572650909423828,53.14814758300781,-5.72163724899292,9.506352424621582,-8.975642204284668,3.313255548477173,-10.699946403503418,0.6315838694572449,1.5725624561309814,-1.0602236986160278,-9.186113357543945,0.48965585231781006,0.2675694227218628,0.24000881612300873,0.22255872189998627,0.2324620932340622,0.3587629497051239,0.26632386445999146,0.48082461953163147,0.1803533434867859,0.16029828786849976,0.32512322068214417,0.2671913802623749,1942.19311597645,2063.7720305386047,4045.1517740885415,0.08891465928819445,161.4990234375
sax_034_classic.mp3,../Data/raw/saxophone_data\sax_034_classic.mp3,saxophone_data,6,-135.27505493164062,113.58747100830078,-3.1578354835510254,45.48384094238281,-1.7978752851486206,9.279134750366211,-4.9691548347473145,4.610004901885986,-4.878355979919434,3.608757257461548,0.4115529954433441,-2.317866086959839,-5.892972946166992,0.4405474066734314,0.2293672263622284,0.1953922063112259,0.19123223423957825,0.2953238785266876,0.5464832782745361,0.32189393043518066,0.44152724742889404,0.20069368183612823,0.17173169553279877,0.2286660075187683,0.23136718571186066,1648.6148112790327,1905.7491240186796,3372.4385579427085,0.07102457682291667,172.265625
sax_034_classic.mp3,../Data/raw/saxophone_data\sax_034_classic.mp3,saxophone_data,7,-134.84681701660156,108.20153045654297,-3.822237968444824,48.60672378540039,-0.7051337957382202,12.58871078491211,-5.343420505523682,2.968550205230713,-5.706411838531494,2.8149216175079346,0.8391971588134766,1.1970322132110596,0.5541562438011169,0.392682820558548,0.27646905183792114,0.39720359444618225,0.2096523940563202,0.2653927803039551,0.5391712784767151,0.33912646770477295,0.3083488345146179,0.2146110236644745,0.3643445372581482,0.23114044964313507,0.18990355730056763,1861.0620134832172,1911.0566380678245,3611.3972981770835,0.114990234375,89.10290948275862
sax_034_classic.mp3,../Data/raw/saxophone_data\sax_034_classic.mp3,saxophone_data,8,-125.86100006103516,105.54674530029297,-0.5564942359924316,50.773197174072266,-3.6433961391448975,12.89041519165039,-7.607202529907227,0.6436781883239746,-5.1791157722473145,3.3664331436157227,2.9255969524383545,5.764614582061768,-0.04535745829343796,0.3019039034843445,0.2561304569244385,0.4310283958911896,0.3848050534725189,0.32093921303749084,0.46199971437454224,0.39585229754447937,0.3363080322742462,0.26742514967918396,0.3782511055469513,0.257690966129303,0.20625489950180054,1953.0230321573542,1992.9723527561903,3848.8606770833335,0.11636917679398148,184.5703125
sax_034_classic.mp3,../Data/raw/saxophone_data\sax_034_classic.mp3,saxophone_data,9,-133.9954833984375,118.76909637451172,-6.314187049865723,53.076656341552734,-1.5297764539718628,14.91274642944336,-8.098397254943848,-0.5580474734306335,-3.184593439102173,0.20238296687602997,-0.7885060906410217,7.865543365478516,-4.742908954620361,0.298012912273407,0.28273844718933105,0.4604213833808899,0.4296104907989502,0.35217297077178955,0.5647264122962952,0.34755003452301025,0.24776241183280945,0.20839938521385193,0.2410903126001358,0.5334468483924866,0.2938495874404907,1716.0077127320778,1843.9864702782395,3350.9053548177085,0.09472204137731481,89.10290948275862
sax_034_classic.mp3,../Data/raw/saxophone_data\sax_034_classic.mp3,saxophone_data,10,-114.77274322509766,100.04669952392578,-19.832069396972656,62.91313171386719,-2.973606586456299,15.928631782531738,-9.080374717712402,2.631927967071533,-0.7849242687225342,-2.5349411964416504,-5.812030792236328,6.976913928985596,-6.930576801300049,0.417434960603714,0.3197788596153259,0.6111099123954773,0.47716811299324036,0.41855067014694214,0.5360825061798096,0.2661866247653961,0.2550964057445526,0.1269780546426773,0.2139878123998642,0.6290775537490845,0.34211254119873047,2030.1102371574418,1881.6123745061884,3922.332763671875,0.12488019024884259,89.10290948275862
sax_034_classic.mp3,../Data/raw/saxophone_data\sax_034_classic.mp3,saxophone_data,11,-125.16141510009766,107.7936019897461,-14.133379936218262,53.91005325317383,-2.6152567863464355,8.799564361572266,-8.414979934692383,2.8717899322509766,-1.2352445125579834,-0.8744780421257019,-0.33758461475372314,5.094270706176758,-6.574080944061279,0.6033617854118347,0.3081386387348175,0.4461326003074646,0.49562206864356995,0.4448522627353668,0.5361888408660889,0.3064565658569336,0.30417901277542114,0.13183346390724182,0.21508778631687164,0.3394942879676819,0.2918780446052551,1842.6446041943698,1930.8236404808665,3794.1802978515625,0.09106219256365741,89.10290948275862
sax_035_classic.mp3,../Data/raw/saxophone_data\sax_035_classic.mp3,saxophone_data,1,-270.78253173828125,95.51070404052734,8.809774398803711,36.528934478759766,-2.456758737564087,8.28075122833252,1.1870173215866089,1.6375528573989868,-10.302234649658203,5.969066619873047,0.604282796382904,6.35059928894043,0.20879428088665009,0.343135267496109,0.3452223241329193,0.44497546553611755,0.5891739726066589,0.3710714876651764,0.3566591441631317,0.38935303688049316,0.3606701195240021,0.3575532138347626,0.37470078468322754,0.44244417548179626,0.4206037223339081,2110.378044741996,2126.2826963221073,4063.145955403646,0.13000940393518517,78.30255681818181
sax_035_classic.mp3,../Data/raw/saxophone_data\sax_035_classic.mp3,saxophone_data,2,-173.73976135253906,119.37731170654297,2.5311529636383057,42.874969482421875,-4.055910587310791,7.106973171234131,-1.357254147529602,-0.22639818489551544,-13.807945251464844,4.051074504852295,-1.420685887336731,7.933766841888428,-0.9268723726272583,0.2984147369861603,0.20530742406845093,0.3284682035446167,0.4081082046031952,0.36048296093940735,0.3074161410331726,0.32680872082710266,0.3394763767719269,0.21337570250034332,0.23921991884708405,0.3195248246192932,0.34111297130584717,1448.807856647942,1903.7136976881905,2991.1712646484375,0.05585621021412037,117.45383522727273
sax_035_classic.mp3,../Data/raw/saxophone_data\sax_035_classic.mp3,saxophone_data,3,-165.53269958496094,117.26437377929688,3.33945631980896,45.49785232543945,-4.234857082366943,7.502289772033691,-3.82619309425354,2.873103380203247,-6.883268356323242,6.414465427398682,-6.159240245819092,2.22572660446167,-3.398806571960449,0.3297687768936157,0.2696034014225006,0.2852514088153839,0.3703146278858185,0.4972752034664154,0.2659263610839844,0.3986891508102417,0.32422906160354614,0.2744549810886383,0.26715874671936035,0.21976341307163239,0.32370343804359436,1554.6113096423132,1885.7853097635632,3106.16455078125,0.07283076533564815,117.45383522727273
sax_035_classic.mp3,../Data/raw/saxophone_data\sax_035_classic.mp3,saxophone_data,4,-160.0696563720703,107.20469665527344,-1.7085084915161133,47.25404357910156,-6.924564361572266,8.832581520080566,-3.3289783000946045,9.027091979980469,-7.289865970611572,9.41982364654541,-7.140766143798828,-1.5825783014297485,-6.071840286254883,0.21735407412052155,0.28055667877197266,0.21109925210475922,0.3620566129684448,0.5755793452262878,0.323809415102005,0.5485876202583313,0.2274274230003357,0.2281789928674698,0.17986200749874115,0.22776411473751068,0.24932536482810974,1744.5236883405682,1899.757915194621,3453.08837890625,0.09488480179398148,117.45383522727273
sax_035_classic.mp3,../Data/raw/saxophone_data\sax_035_classic.mp3,saxophone_data,5,-152.27113342285156,108.33096313476562,-8.410933494567871,46.77169418334961,-9.974201202392578,9.440543174743652,-2.255782127380371,12.03528881072998,-11.866266250610352,7.002251148223877,-5.261882781982422,0.23632758855819702,-6.36457633972168,0.21119682490825653,0.327319860458374,0.27809152007102966,0.4291508197784424,0.47708991169929504,0.3398866653442383,0.6100273728370667,0.31707489490509033,0.2581804394721985,0.1801954060792923,0.2753285765647888,0.22870957851409912,1715.8036028686388,1918.4220168774061,3508.8155110677085,0.08501519097222222,135.99917763157896
sax_035_classic.mp3,../Data/raw/saxophone_data\sax_035_classic.mp3,saxophone_data,6,-153.70314025878906,112.39778900146484,-5.562946319580078,44.43501281738281,-11.073368072509766,7.856091499328613,-4.182569980621338,8.463414192199707,-13.009726524353027,3.3879501819610596,-5.67848014831543,3.3460500240325928,-4.970688343048096,0.28183990716934204,0.31269869208335876,0.458927720785141,0.5164509415626526,0.32088184356689453,0.343342661857605,0.36962828040122986,0.23130272328853607,0.20909787714481354,0.18139000236988068,0.2794833481311798,0.21157875657081604,1675.3189450429284,1928.6055443262287,3438.782755533854,0.07355188440393519,151.99908088235293
sax_035_classic.mp3,../Data/raw/saxophone_data\sax_035_classic.mp3,saxophone_data,7,-157.50437927246094,116.73084259033203,-4.384890556335449,41.52766799926758,-10.15886116027832,4.983702659606934,-2.9705898761749268,8.793118476867676,-14.11827278137207,0.4305080771446228,-8.19307804107666,3.12149715423584,-2.67305850982666,0.354120671749115,0.2679278254508972,0.4462612271308899,0.39703357219696045,0.3082428276538849,0.2920937240123749,0.22254030406475067,0.24291527271270752,0.18456895649433136,0.23604761064052582,0.30744439363479614,0.302837997674942,1635.1203030502904,1904.6358798129336,3318.6055501302085,0.06858091001157407,89.10290948275862
sax_035_classic.mp3,../Data/raw/saxophone_data\sax_035_classic.mp3,saxophone_data,8,-165.14051818847656,120.77938842773438,-6.809938430786133,44.71266555786133,-9.105857849121094,5.585946083068848,-1.8289687633514404,6.788724422454834,-13.221726417541504,0.45818081498146057,-8.456218719482422,2.1391379833221436,-2.419487237930298,0.30532073974609375,0.22497354447841644,0.29956749081611633,0.4484662711620331,0.33894068002700806,0.19170135259628296,0.244765967130661,0.2491781860589981,0.21851509809494019,0.27499255537986755,0.29838013648986816,0.47599127888679504,1499.9588527572505,1848.1949574450996,3099.9837239583335,0.060689290364583336,117.45383522727273
sax_035_classic.mp3,../Data/raw/saxophone_data\sax_035_classic.mp3,saxophone_data,9,-179.46803283691406,118.95465087890625,-4.88079833984375,39.180572509765625,-11.819361686706543,5.3643798828125,-5.933828353881836,-0.5578028559684753,-16.22480583190918,-0.6366349458694458,-6.957038402557373,3.633676528930664,-2.610751152038574,0.1981509029865265,0.26294177770614624,0.2716105282306671,0.5663223266601562,0.3497275710105896,0.196701779961586,0.24493220448493958,0.17289428412914276,0.16307073831558228,0.1776762753725052,0.29218173027038574,0.4304036796092987,1517.9075240487534,1880.9318846878568,3066.338094075521,0.05877685546875,123.046875
sax_035_classic.mp3,../Data/raw/saxophone_data\sax_035_classic.mp3,saxophone_data,10,-161.04464721679688,108.68807220458984,4.76647424697876,32.944698333740234,-8.293811798095703,5.270538330078125,-5.453327178955078,-1.6166783571243286,-18.90869903564453,1.1365470886230469,-6.278974533081055,4.145843029022217,-5.773199558258057,0.17568014562129974,0.29908350110054016,0.2811063528060913,0.5073070526123047,0.3052836060523987,0.21392644941806793,0.42112258076667786,0.21310685575008392,0.15381795167922974,0.1194462850689888,0.22876910865306854,0.2838326692581177,1704.8260851536663,2090.9793507233458,3483.1949869791665,0.06401457609953703,123.046875
sax_035_classic.mp3,../Data/raw/saxophone_data\sax_035_classic.mp3,saxophone_data,11,-158.46922302246094,106.63373565673828,17.46969985961914,33.02753829956055,1.702754259109497,3.503469228744507,-5.234720706939697,-0.07989364117383957,-15.568610191345215,2.2457141876220703,-6.262241840362549,1.449995517730713,-8.31895923614502,0.17739179730415344,0.2404318004846573,0.25385257601737976,0.49172744154930115,0.24650780856609344,0.23450613021850586,0.5384725332260132,0.28870874643325806,0.25338178873062134,0.15830834209918976,0.16683906316757202,0.29628512263298035,1712.1445628280185,2250.054099207573,3702.5146484375,0.05947536892361111,117.45383522727273
sax_036_classic.mp3,../Data/raw/saxophone_data\sax_036_classic.mp3,saxophone_data,1,-257.8365478515625,103.62886047363281,-8.390116691589355,36.9090576171875,7.193350315093994,4.712017059326172,2.866785764694214,-1.9582054615020752,-9.47651481628418,2.4171676635742188,0.2298690229654312,-4.38683557510376,0.734860360622406,0.3923317492008209,0.4802815020084381,0.4071161150932312,0.40066540241241455,0.41288965940475464,0.49350830912590027,0.3903585374355316,0.4409268796443939,0.3488491177558899,0.33211520314216614,0.44674059748649597,0.3798648416996002,2141.8361537723285,1979.8687136261929,3993.6614990234375,0.1452907986111111,184.5703125
sax_036_classic.mp3,../Data/raw/saxophone_data\sax_036_classic.mp3,saxophone_data,2,-175.41604614257812,121.1842269897461,-13.556082725524902,48.11246871948242,9.898633003234863,6.560172080993652,0.016292007640004158,1.227304220199585,-12.475635528564453,1.7787028551101685,-1.4382123947143555,-5.924627780914307,-0.4575970470905304,0.37403151392936707,0.35093024373054504,0.3081552982330322,0.34229305386543274,0.29259130358695984,0.40023186802864075,0.3234756886959076,0.4124067425727844,0.3108500838279724,0.2936469614505768,0.3770175278186798,0.2921524941921234,1550.3548721498244,1752.331201264846,3133.2305908203125,0.07375307436342593,89.10290948275862
sax_036_classic.mp3,../Data/raw/saxophone_data\sax_036_classic.mp3,saxophone_data,3,-185.8445587158203,119.96513366699219,-7.747775554656982,44.450347900390625,6.615911960601807,8.37523078918457,-3.1377148628234863,-1.8703805208206177,-10.532753944396973,2.5231611728668213,-3.4482421875,-5.703531742095947,-1.4671276807785034,0.356699675321579,0.20990894734859467,0.2368769645690918,0.30864498019218445,0.27293598651885986,0.5321937203407288,0.37212786078453064,0.39742007851600647,0.3495284914970398,0.2898573875427246,0.28137585520744324,0.23216189444065094,1586.9218986273181,1768.9420480010606,3187.9608154296875,0.07597746672453703,123.046875
sax_036_classic.mp3,../Data/raw/saxophone_data\sax_036_classic.mp3,saxophone_data,4,-173.9693603515625,123.56490325927734,-10.162281036376953,51.60628128051758,1.4889055490493774,11.850488662719727,-3.01798152923584,-0.9773579239845276,-7.854254722595215,3.5190746784210205,-1.933395266532898,-2.891937732696533,0.8601170182228088,0.2947726249694824,0.2364576905965805,0.2762734591960907,0.2157115638256073,0.2433250993490219,0.4865190386772156,0.3237147629261017,0.36659491062164307,0.41514134407043457,0.3470233380794525,0.3297189176082611,0.2400759756565094,1503.465754524144,1757.4380725598296,3055.4219563802085,0.06563313802083333,99.38401442307692
sax_036_classic.mp3,../Data/raw/saxophone_data\sax_036_classic.mp3,saxophone_data,5,-189.041015625,128.1849822998047,-11.086113929748535,52.10969161987305,0.7409468293190002,14.664520263671875,-2.0274617671966553,2.7147042751312256,-10.473955154418945,0.21138650178909302,-1.60904860496521,-1.118606686592102,3.609473705291748,0.4815676212310791,0.36268672347068787,0.3577713668346405,0.22584789991378784,0.2960132658481598,0.38355010747909546,0.3454025387763977,0.3653032183647156,0.35099831223487854,0.36399561166763306,0.3608965575695038,0.3094985783100128,1465.797480519065,1716.5692690520152,2921.8363444010415,0.0646656177662037,184.5703125
sax_036_classic.mp3,../Data/raw/saxophone_data\sax_036_classic.mp3,saxophone_data,6,-183.27737426757812,122.45806121826172,-6.873966693878174,50.24098205566406,-0.47367358207702637,15.735550880432129,-4.62784481048584,1.3823137283325195,-12.708534240722656,-0.39935606718063354,-2.7818925380706787,0.5978341102600098,2.2701356410980225,0.47142067551612854,0.3590686321258545,0.34311288595199585,0.28431257605552673,0.3214166462421417,0.41972649097442627,0.32220688462257385,0.3764282166957855,0.2571187913417816,0.29924094676971436,0.3953189551830292,0.32975006103515625,1520.5417856345593,1746.9972599741175,3040.2689615885415,0.07234700520833333,92.28515625
sax_036_classic.mp3,../Data/raw/saxophone_data\sax_036_classic.mp3,saxophone_data,7,-155.92437744140625,106.82586669921875,-5.082809925079346,48.39913558959961,-2.7841312885284424,16.099136352539062,-8.087215423583984,-0.36611267924308777,-8.33761215209961,3.9728755950927734,-6.288254261016846,0.8157624006271362,-1.572399377822876,0.2680260241031647,0.20438235998153687,0.363112211227417,0.28031814098358154,0.2767874300479889,0.3213939964771271,0.26546207070350647,0.5280844569206238,0.3016195595264435,0.2731072008609772,0.3671150207519531,0.3423216640949249,1753.153379401831,1906.546591090651,3640.955607096354,0.10011800130208333,123.046875
sax_036_classic.mp3,../Data/raw/saxophone_data\sax_036_classic.mp3,saxophone_data,8,-179.9109649658203,117.98622131347656,1.7373524904251099,42.76774978637695,0.9975959062576294,16.344026565551758,-5.423187255859375,-2.267796754837036,-1.7332545518875122,8.84213924407959,-4.046659469604492,0.39121127128601074,-5.163605690002441,0.23236089944839478,0.1801748275756836,0.3609050512313843,0.23207804560661316,0.2372393012046814,0.219342440366745,0.27413225173950195,0.6371108293533325,0.3769279420375824,0.2853199243545532,0.27211204171180725,0.2870207130908966,1586.7781814642135,1785.2177960431945,3251.3641357421875,0.09241400824652778,86.1328125
sax_036_classic.mp3,../Data/raw/saxophone_data\sax_036_classic.mp3,saxophone_data,9,-208.63450622558594,141.4956512451172,2.142167568206787,47.10585021972656,3.5155253410339355,13.945374488830566,-0.021201593801379204,1.1432857513427734,1.4604219198226929,5.7833251953125,1.6733498573303223,-0.7576388716697693,-3.6130356788635254,0.28028738498687744,0.27025702595710754,0.3820415139198303,0.26900187134742737,0.2434520125389099,0.25974947214126587,0.29117587208747864,0.6205353736877441,0.4247839152812958,0.29539886116981506,0.31247833371162415,0.28005659580230713,1202.3370319960568,1560.845710073296,2429.712931315104,0.05477114076967592,129.19921875
sax_036_classic.mp3,../Data/raw/saxophone_data\sax_036_classic.mp3,saxophone_data,10,-204.65093994140625,144.94415283203125,-1.7740198373794556,48.48102951049805,1.3353301286697388,12.900679588317871,0.7391928434371948,2.649857997894287,-1.4711641073226929,0.06282505393028259,3.9102067947387695,-2.915688991546631,-1.5864020586013794,0.3948451578617096,0.39863887429237366,0.3796135485172272,0.3442372977733612,0.3434107005596161,0.3939111530780792,0.27350056171417236,0.39236605167388916,0.3426758050918579,0.26810333132743835,0.36285683512687683,0.3181746304035187,1131.4843225798331,1532.2951678530303,2308.4391276041665,0.047849301938657406,129.19921875
sax_036_classic.mp3,../Data/raw/saxophone_data\sax_036_classic.mp3,saxophone_data,11,-200.76673889160156,144.39205932617188,-6.872647762298584,41.79457092285156,3.94126033782959,11.321030616760254,-2.1259758472442627,-0.37521135807037354,-4.929125785827637,0.37464678287506104,4.0260329246521,-2.9759671688079834,-1.655408501625061,0.3993389308452606,0.31483349204063416,0.29343414306640625,0.4170946180820465,0.31193241477012634,0.30483242869377136,0.22283540666103363,0.39193984866142273,0.39190754294395447,0.24835771322250366,0.2832139730453491,0.24306437373161316,1180.4889058892206,1529.3835394338084,2325.885009765625,0.054332591869212965,129.19921875
sax_037_classic.mp3,../Data/raw/saxophone_data\sax_037_classic.mp3,saxophone_data,1,-332.0115051269531,73.01661682128906,49.711971282958984,55.26508331298828,16.986827850341797,25.142393112182617,7.848500728607178,8.8679780960083,-0.4889926612377167,4.903311729431152,3.649717330932617,6.376484394073486,-0.49183189868927,0.3724653422832489,0.3253677487373352,0.3010665774345398,0.43468910455703735,0.6610511541366577,0.4104997217655182,0.2561611533164978,0.29262471199035645,0.4206058382987976,0.5563580989837646,0.4854545295238495,0.423955500125885,1958.738297420619,2616.905618100144,4639.2588297526045,0.05059814453125,151.99908088235293
sax_037_classic.mp3,../Data/raw/saxophone_data\sax_037_classic.mp3,saxophone_data,2,-317.06927490234375,77.72993469238281,52.19142532348633,57.158878326416016,17.484962463378906,28.575777053833008,10.072443962097168,11.01375675201416,1.4678800106048584,6.301664352416992,5.828485012054443,8.0640287399292,0.8856441378593445,0.24359464645385742,0.2132328748703003,0.2671456038951874,0.4934665262699127,0.7750821709632874,0.44673144817352295,0.2496689110994339,0.2367052286863327,0.3286673128604889,0.4032896161079407,0.3522343039512634,0.3271161615848541,1764.170360431557,2559.6488319722857,4283.113606770833,0.03266963252314815,80.74951171875
sax_037_classic.mp3,../Data/raw/saxophone_data\sax_037_classic.mp3,saxophone_data,3,-315.4759521484375,75.54019927978516,48.96914291381836,53.72138214111328,17.903512954711914,28.910648345947266,11.497746467590332,11.190671920776367,1.244826316833496,5.67824125289917,5.599386692047119,8.136584281921387,0.8514260053634644,0.24276351928710938,0.22633057832717896,0.2930957078933716,0.4722214341163635,0.7271246314048767,0.4704221785068512,0.3311459720134735,0.4172811806201935,0.4330507814884186,0.4184349775314331,0.32703298330307007,0.29568421840667725,1935.5936972808047,2644.4949222625983,4681.178792317708,0.044135199652777776,143.5546875
sax_037_classic.mp3,../Data/raw/saxophone_data\sax_037_classic.mp3,saxophone_data,4,-316.1209411621094,67.13858032226562,44.19724655151367,51.42442321777344,14.104533195495605,25.141538619995117,6.698101997375488,7.913482666015625,-2.327768087387085,3.1862423419952393,2.696815252304077,7.700409889221191,1.1674965620040894,0.26335451006889343,0.40980833768844604,0.4522683918476105,0.4390280544757843,0.40799573063850403,0.42249202728271484,0.6857296824455261,0.6405466794967651,0.36679866909980774,0.27649831771850586,0.4287894070148468,0.2620050013065338,2308.1928084558585,2773.696032085215,5402.341715494792,0.064453125,56.17357336956522
sax_037_classic.mp3,../Data/raw/saxophone_data\sax_037_classic.mp3,saxophone_data,5,-321.7542724609375,65.13179016113281,44.932369232177734,54.02804946899414,14.401915550231934,24.29408073425293,4.5838398933410645,7.072345733642578,-3.3669772148132324,1.8958243131637573,1.8303240537643433,7.648482799530029,1.9555648565292358,0.24719002842903137,0.4652586579322815,0.4951522946357727,0.38830411434173584,0.26301896572113037,0.3190839886665344,0.4991052746772766,0.7867713570594788,0.5414689779281616,0.30517005920410156,0.35379329323768616,0.4321754574775696,2369.7569284074702,2791.5895756826503,5541.111246744792,0.0696705005787037,54.978390957446805
sax_037_classic.mp3,../Data/raw/saxophone_data\sax_037_classic.mp3,saxophone_data,6,-310.3608703613281,70.44398498535156,43.21232223510742,49.42266082763672,11.708331108093262,22.95703887939453,4.610972881317139,6.500504016876221,-5.003958702087402,0.8498371839523315,2.30208683013916,8.647974967956543,2.0739269256591797,0.43449103832244873,0.5011478066444397,0.39221450686454773,0.27060678601264954,0.3132953345775604,0.4046560525894165,0.697786271572113,0.714233934879303,0.3896472454071045,0.2792463004589081,0.4557002782821655,0.32851484417915344,2304.710653483627,2730.7915900995827,5352.1474202473955,0.06640851056134259,143.5546875
sax_037_classic.mp3,../Data/raw/saxophone_data\sax_037_classic.mp3,saxophone_data,7,-303.30657958984375,75.16801452636719,38.97808074951172,42.755226135253906,5.930089950561523,17.240102767944336,2.606627941131592,5.61113166809082,-5.3469672203063965,-0.48726534843444824,-0.9823601245880127,2.893792152404785,-1.3765108585357666,0.3881949186325073,0.3159368932247162,0.2829439043998718,0.330814927816391,0.591688334941864,0.5100464224815369,0.4812953770160675,0.4369266927242279,0.2523653209209442,0.1776752769947052,0.37213921546936035,0.41566962003707886,2257.7970065424192,2687.245910386019,5215.0726318359375,0.05508987991898148,151.99908088235293
sax_037_classic.mp3,../Data/raw/saxophone_data\sax_037_classic.mp3,saxophone_data,8,-299.9042053222656,87.94745635986328,42.12315368652344,41.61817169189453,3.9451701641082764,15.210817337036133,1.2630877494812012,5.62578821182251,-2.8460726737976074,2.2228732109069824,-1.7408981323242188,-2.45086669921875,-6.7383503913879395,0.3690234422683716,0.18289078772068024,0.23903627693653107,0.5320955514907837,0.7625890374183655,0.5436148643493652,0.24506071209907532,0.14459149539470673,0.10410347580909729,0.07646723091602325,0.1745663285255432,0.47554659843444824,1767.5663101078223,2490.948594715248,4127.5461832682295,0.03517885561342592,54.978390957446805
sax_037_classic.mp3,../Data/raw/saxophone_data\sax_037_classic.mp3,saxophone_data,9,-307.86077880859375,83.21166229248047,47.73271942138672,50.084716796875,9.628499031066895,19.705886840820312,2.3739256858825684,6.104079723358154,-1.2157944440841675,4.357751846313477,0.6556023955345154,1.7571642398834229,-4.346103668212891,0.31850388646125793,0.1886509507894516,0.24411089718341827,0.5778311491012573,0.7326992154121399,0.5358344316482544,0.2595563530921936,0.19258420169353485,0.20958860218524933,0.18326467275619507,0.23959113657474518,0.43676140904426575,1733.2927625299528,2526.365372775957,4213.130696614583,0.03886583116319445,54.978390957446805
sax_037_classic.mp3,../Data/raw/saxophone_data\sax_037_classic.mp3,saxophone_data,10,-299.8435363769531,82.30130767822266,46.58107376098633,56.92781448364258,17.075910568237305,22.95442771911621,5.584357261657715,8.844191551208496,-2.2750935554504395,2.4086410999298096,1.3500549793243408,3.639646291732788,-1.3474680185317993,0.3742564916610718,0.2688271999359131,0.25857114791870117,0.251618355512619,0.45264068245887756,0.6825076937675476,0.47521817684173584,0.4458564221858978,0.43716558814048767,0.442514032125473,0.34580370783805847,0.3530828356742859,1852.6515138234636,2589.6714961734156,4686.1134847005205,0.0447998046875,95.703125
sax_037_classic.mp3,../Data/raw/saxophone_data\sax_037_classic.mp3,saxophone_data,11,-289.58856201171875,84.4683609008789,40.44583511352539,51.19688034057617,14.03592300415039,22.60807991027832,7.391501426696777,9.803133010864258,-0.9180991649627686,3.1275408267974854,3.6403839588165283,7.571712017059326,0.7591665983200073,0.3285842537879944,0.3593270480632782,0.44360125064849854,0.41414469480514526,0.43260058760643005,0.4337610602378845,0.3969974219799042,0.5463383197784424,0.5397107601165771,0.542363703250885,0.4377453625202179,0.44029998779296875,2029.263277509053,2586.987554623475,4780.37109375,0.05528202763310185,143.5546875
sax_038_classic.mp3,../Data/raw/saxophone_data\sax_038_classic.mp3,saxophone_data,1,-282.1083679199219,128.97415161132812,1.1076688766479492,25.866771697998047,5.095397472381592,5.426817893981934,6.646726131439209,3.7408597469329834,-9.730405807495117,6.554111480712891,-4.7751078605651855,6.21602725982666,10.034385681152344,0.4842359721660614,0.41275230050086975,0.5370388627052307,0.3442945182323456,0.34727445244789124,0.27050602436065674,0.26744669675827026,0.4155304729938507,0.3516329228878021,0.5057798027992249,0.39295023679733276,0.3437860310077667,1876.2849473043973,1777.4233762613537,3429.0629069010415,0.1311713324652778,67.99958881578948
sax_038_classic.mp3,../Data/raw/saxophone_data\sax_038_classic.mp3,saxophone_data,2,-218.71734619140625,158.5886688232422,9.640436172485352,38.85160827636719,7.465766429901123,8.796671867370605,9.16042709350586,5.742638111114502,-8.853045463562012,5.55845832824707,-6.908258438110352,7.171270847320557,11.717262268066406,0.5359992980957031,0.3545650243759155,0.47442248463630676,0.3054807782173157,0.26972630620002747,0.27264702320098877,0.2210075706243515,0.3196050822734833,0.250389039516449,0.3771064877510071,0.27974289655685425,0.26993486285209656,990.5447755378096,1452.4376022252336,1952.2939046223958,0.03922299985532408,67.99958881578948
sax_038_classic.mp3,../Data/raw/saxophone_data\sax_038_classic.mp3,saxophone_data,3,-210.12722778320312,147.25953674316406,1.5424386262893677,32.028968811035156,6.05855655670166,5.186549663543701,4.351566791534424,6.185794353485107,-8.617714881896973,9.193839073181152,-1.652312994003296,8.44757080078125,4.876498222351074,0.4593183398246765,0.2453702986240387,0.29052993655204773,0.26802900433540344,0.2953105568885803,0.3430831730365753,0.22434274852275848,0.26286476850509644,0.21592538058757782,0.32000529766082764,0.24068544805049896,0.27142220735549927,1149.851198896753,1546.2026599862786,2201.470947265625,0.04870153356481482,67.99958881578948
sax_038_classic.mp3,../Data/raw/saxophone_data\sax_038_classic.mp3,saxophone_data,4,-199.90158081054688,148.91085815429688,-5.800573825836182,27.499168395996094,7.088839054107666,5.671707630157471,2.963479995727539,7.450318336486816,-10.800193786621094,16.958311080932617,2.2353482246398926,8.980311393737793,0.8239009976387024,0.19302409887313843,0.15102612972259521,0.24316619336605072,0.2267439216375351,0.3251323997974396,0.2523706555366516,0.20099365711212158,0.399392694234848,0.23034296929836273,0.25670406222343445,0.200193852186203,0.26552891731262207,1184.0190223791226,1533.7216970479067,2249.322509765625,0.05662254050925926,67.99958881578948
sax_038_classic.mp3,../Data/raw/saxophone_data\sax_038_classic.mp3,saxophone_data,5,-223.72608947753906,145.1878662109375,5.84297513961792,33.129268646240234,12.183012962341309,14.257373809814453,9.402544021606445,9.093416213989258,-7.668896198272705,15.19412612915039,3.7470505237579346,10.40473747253418,3.0234029293060303,0.28236475586891174,0.23901964724063873,0.3311239182949066,0.27123162150382996,0.34058451652526855,0.2544498145580292,0.26874393224716187,0.616102933883667,0.3098016083240509,0.2422047257423401,0.22939777374267578,0.3068578243255615,1109.0088330338028,1566.0896769146736,2162.043253580729,0.04710331669560185,67.99958881578948
sax_038_classic.mp3,../Data/raw/saxophone_data\sax_038_classic.mp3,saxophone_data,6,-238.8874053955078,136.6083984375,16.85323143005371,38.30229949951172,9.31527042388916,18.274520874023438,11.65655517578125,6.788838863372803,-0.24635696411132812,9.583324432373047,2.999941825866699,15.416601181030273,7.203068256378174,0.38767722249031067,0.3738771378993988,0.5480450391769409,0.3877623975276947,0.3787079155445099,0.3191819489002228,0.2556672692298889,0.43937575817108154,0.3405970335006714,0.2946993112564087,0.23468118906021118,0.26628097891807556,1136.118997245003,1669.6956813742042,2335.6547037760415,0.04109474464699074,67.99958881578948
sax_038_classic.mp3,../Data/raw/saxophone_data\sax_038_classic.mp3,saxophone_data,7,-222.15582275390625,148.61521911621094,21.113967895507812,34.94704818725586,5.228489398956299,14.42338752746582,9.737205505371094,4.734890937805176,1.7598762512207031,1.7569656372070312,-7.711466312408447,15.147418022155762,5.4930500984191895,0.6086574792861938,0.3591648042201996,0.46421897411346436,0.3225036561489105,0.3484652042388916,0.220600426197052,0.1689261794090271,0.15601766109466553,0.1835111826658249,0.2861846089363098,0.16743864119052887,0.2570798695087433,1064.7391506107085,1583.9329805042264,2074.614461263021,0.043224193431712965,67.99958881578948
sax_038_classic.mp3,../Data/raw/saxophone_data\sax_038_classic.mp3,saxophone_data,8,-221.50025939941406,144.28720092773438,15.998297691345215,32.53087615966797,11.178013801574707,10.960485458374023,7.4077582359313965,10.116536140441895,11.160882949829102,17.413894653320312,3.593813180923462,12.193717002868652,-9.438416481018066,0.47943025827407837,0.22120484709739685,0.23355208337306976,0.22337600588798523,0.28972557187080383,0.2112722098827362,0.31233641505241394,0.4578731656074524,0.30404525995254517,0.34855028986930847,0.18651755154132843,0.22665052115917206,1115.4396830362552,1618.3219214314352,2166.728719075521,0.04472972728587963,67.99958881578948
sax_038_classic.mp3,../Data/raw/saxophone_data\sax_038_classic.mp3,saxophone_data,9,-201.9168243408203,133.35414123535156,2.4878387451171875,31.954586029052734,10.77298355102539,6.292585372924805,5.052898406982422,10.032157897949219,13.3189697265625,33.68389892578125,19.803621292114258,13.981616973876953,-21.39557647705078,0.13117006421089172,0.12321208417415619,0.20688875019550323,0.1931122988462448,0.3253578543663025,0.21649612486362457,0.32983165979385376,0.774648129940033,0.33557674288749695,0.28289830684661865,0.1710667908191681,0.16242726147174835,1306.9783336867965,1713.305323716916,2617.3309326171875,0.05788393373842592,67.99958881578948
sax_038_classic.mp3,../Data/raw/saxophone_data\sax_038_classic.mp3,saxophone_data,10,-178.8965606689453,134.67955017089844,-6.021692752838135,30.032108306884766,4.880794525146484,6.099882125854492,8.202378273010254,3.18571138381958,2.450387954711914,20.91006088256836,4.317838668823242,12.14697265625,-15.30859375,0.1354973018169403,0.16225500404834747,0.2273799329996109,0.14206302165985107,0.2184085100889206,0.09888118505477905,0.36128678917884827,0.7263293862342834,0.17788773775100708,0.15882939100265503,0.08736950904130936,0.14959831535816193,1378.6913159819248,1695.774820924437,2719.9127197265625,0.0713207103587963,67.99958881578948
sax_038_classic.mp3,../Data/raw/saxophone_data\sax_038_classic.mp3,saxophone_data,11,-197.79376220703125,120.61610412597656,12.808931350708008,41.737159729003906,3.722654342651367,14.890242576599121,7.818355560302734,3.369410514831543,-2.5761067867279053,7.78621768951416,-5.502486228942871,10.958979606628418,0.21130992472171783,0.1484999656677246,0.2237604707479477,0.48627373576164246,0.19289782643318176,0.15032273530960083,0.15390069782733917,0.27855318784713745,0.5250542163848877,0.28221067786216736,0.3114624321460724,0.15700571238994598,0.19214139878749847,1505.8438447045316,1895.2431130262576,3219.463094075521,0.06394449869791667,89.10290948275862
sax_039_classic.mp3,../Data/raw/saxophone_data\sax_039_classic.mp3,saxophone_data,1,-231.8622283935547,126.15663146972656,24.917442321777344,40.98591613769531,7.898566246032715,14.750700950622559,-5.862859725952148,-1.5942649841308594,1.344349980354309,11.44552230834961,-6.299472332000732,-5.868196487426758,-6.510152339935303,0.22134160995483398,0.40533745288848877,0.3626450300216675,0.44478097558021545,0.37031692266464233,0.516224205493927,0.27670952677726746,0.12169193476438522,0.17304904758930206,0.22066691517829895,0.4531254470348358,0.2633827030658722,1296.5167557819777,1868.0958324954017,2815.217081705729,0.04355197482638889,135.99917763157896
sax_039_classic.mp3,../Data/raw/saxophone_data\sax_039_classic.mp3,saxophone_data,2,-177.7203826904297,113.60301208496094,20.994068145751953,44.24325942993164,5.206808567047119,13.136455535888672,-8.519268035888672,0.49136099219322205,-4.643647193908691,7.998595237731934,-2.4483931064605713,-1.0506383180618286,-4.263376235961914,0.2305685430765152,0.4478776752948761,0.3715534508228302,0.5114983320236206,0.35238420963287354,0.30017197132110596,0.2751832604408264,0.24875286221504211,0.34695965051651,0.23350903391838074,0.4112342298030853,0.2287624329328537,1634.0983812679438,2021.0650397379159,3490.3727213541665,0.0734546802662037,258.3984375
sax_039_classic.mp3,../Data/raw/saxophone_data\sax_039_classic.mp3,saxophone_data,3,-188.61317443847656,113.98780059814453,15.930219650268555,41.819644927978516,2.7075376510620117,8.945399284362793,-7.086137771606445,4.773972034454346,-6.472474098205566,6.305632591247559,-2.205432176589966,-2.676190137863159,-6.165894031524658,0.4072851240634918,0.33402562141418457,0.1992436796426773,0.3887050449848175,0.22117847204208374,0.14192838966846466,0.186671644449234,0.34859994053840637,0.47824913263320923,0.24965761601924896,0.2074946165084839,0.20626114308834076,1683.7273425025826,2058.487159922432,3498.9461263020835,0.07661268446180555,112.34714673913044
sax_039_classic.mp3,../Data/raw/saxophone_data\sax_039_classic.mp3,saxophone_data,4,-212.47869873046875,121.76233673095703,18.912137985229492,40.97759246826172,4.511910915374756,11.329352378845215,-5.37907600402832,3.4217851161956787,-4.215622901916504,7.721374988555908,-3.5319926738739014,-3.8083226680755615,-7.226101398468018,0.44828689098358154,0.3160783648490906,0.2176222950220108,0.3880121409893036,0.31355297565460205,0.30537018179893494,0.23690615594387054,0.3361445963382721,0.46860945224761963,0.27501189708709717,0.14210055768489838,0.19484668970108032,1408.9179699968124,1972.2248313015793,2982.398478190104,0.04835340711805555,143.5546875
sax_039_classic.mp3,../Data/raw/saxophone_data\sax_039_classic.mp3,saxophone_data,5,-196.73081970214844,114.45265197753906,16.464067459106445,39.678768157958984,1.015660285949707,10.363218307495117,-10.694199562072754,-3.7161457538604736,-9.02910041809082,4.577898025512695,-3.7130987644195557,-2.43867826461792,-3.311450481414795,0.40819936990737915,0.4822729527950287,0.23015204071998596,0.2631553113460541,0.2528165280818939,0.4119635224342346,0.2197292298078537,0.24532747268676758,0.47357502579689026,0.29353174567222595,0.32061466574668884,0.24758203327655792,1511.9843128642142,1980.2666465803177,3151.025390625,0.06559470847800926,143.5546875
sax_039_classic.mp3,../Data/raw/saxophone_data\sax_039_classic.mp3,saxophone_data,6,-196.04098510742188,107.10346221923828,16.04965591430664,38.465476989746094,-3.887542724609375,8.54092788696289,-12.488760948181152,-3.305703639984131,-5.483380317687988,5.862637042999268,-4.004622459411621,-4.679384231567383,-5.1701226234436035,0.3187039792537689,0.41135820746421814,0.18369096517562866,0.21964362263679504,0.2602207660675049,0.45405274629592896,0.2788141369819641,0.22521457076072693,0.38296034932136536,0.2083418071269989,0.3543527126312256,0.21547327935695648,1581.0184524628505,1995.7671075224114,3242.3919677734375,0.07037127459490741,135.99917763157896
sax_039_classic.mp3,../Data/raw/saxophone_data\sax_039_classic.mp3,saxophone_data,7,-204.67848205566406,105.91374969482422,18.065227508544922,43.719268798828125,-0.29517704248428345,12.388792991638184,-8.905590057373047,-6.361245155334473,-2.8599750995635986,9.68816089630127,-0.3643054962158203,-0.8455512523651123,-11.80728530883789,0.2246931791305542,0.2924237847328186,0.2022617608308792,0.27691420912742615,0.27425798773765564,0.4438681900501251,0.3287968039512634,0.24869762361049652,0.3179120719432831,0.21117356419563293,0.270341694355011,0.15814810991287231,1553.0791675746966,2056.454431890458,3344.0266927083335,0.054018373842592594,129.19921875
sax_039_classic.mp3,../Data/raw/saxophone_data\sax_039_classic.mp3,saxophone_data,8,-186.67892456054688,112.32138061523438,6.698942184448242,46.95771789550781,0.5766350030899048,14.240653991699219,-5.649632930755615,-7.237331390380859,-2.6011929512023926,3.694633960723877,-0.7733711004257202,-1.0295687913894653,-13.025652885437012,0.41811299324035645,0.33540549874305725,0.20438650250434875,0.295576810836792,0.19322320818901062,0.2246532440185547,0.15153199434280396,0.2604581415653229,0.38903334736824036,0.23908033967018127,0.28956836462020874,0.21883335709571838,1662.3491939398818,1978.6678830561793,3575.5086263020835,0.07922815393518519,151.99908088235293
sax_039_classic.mp3,../Data/raw/saxophone_data\sax_039_classic.mp3,saxophone_data,9,-175.90097045898438,107.20287322998047,1.251350998878479,46.234642028808594,-0.9241246581077576,7.575165271759033,-4.751102924346924,-0.18618392944335938,3.0895605087280273,1.6230632066726685,2.312746047973633,1.5806056261062622,-11.758305549621582,0.43055260181427,0.3041847348213196,0.21401594579219818,0.3405787944793701,0.21651329100131989,0.29107365012168884,0.1793571412563324,0.2866431772708893,0.43816471099853516,0.20740781724452972,0.18729743361473083,0.18664026260375977,1896.5044636611913,1997.2742305427237,3889.73388671875,0.1145358615451389,73.828125
sax_039_classic.mp3,../Data/raw/saxophone_data\sax_039_classic.mp3,saxophone_data,10,-183.3961181640625,115.736572265625,10.58763313293457,46.98695373535156,4.710999965667725,9.044623374938965,-4.304750919342041,-1.5772337913513184,2.6991984844207764,4.523132801055908,-1.8338404893875122,2.037925958633423,-9.660504341125488,0.3502277433872223,0.27769145369529724,0.21321402490139008,0.32786890864372253,0.24073556065559387,0.5086243748664856,0.25284263491630554,0.26597684621810913,0.49289271235466003,0.3436989486217499,0.3105793297290802,0.23265902698040009,1592.756891682024,1927.3441852450007,3242.6910400390625,0.08284279152199074,129.19921875
sax_039_classic.mp3,../Data/raw/saxophone_data\sax_039_classic.mp3,saxophone_data,11,-204.40957641601562,135.51852416992188,20.620962142944336,34.89516830444336,5.3190789222717285,14.843688011169434,-7.860980033874512,-5.021897315979004,-3.7877438068389893,3.80711030960083,-9.196187019348145,-3.0837860107421875,-7.16528844833374,0.23552696406841278,0.32175254821777344,0.19242003560066223,0.2858069837093353,0.18930648267269135,0.4207164943218231,0.20982563495635986,0.24669180810451508,0.6100043058395386,0.4280911087989807,0.4047105312347412,0.24740026891231537,1231.3278925513287,1758.5180110203805,2416.9026692708335,0.05534306278935185,143.5546875
sax_040_classic.mp3,../Data/raw/saxophone_data\sax_040_classic.mp3,saxophone_data,1,-248.73184204101562,87.88935852050781,0.5239694118499756,19.26506805419922,4.03432559967041,10.291254997253418,-7.202871799468994,0.7091227769851685,-5.057607650756836,-1.3426982164382935,-2.5268588066101074,0.4975442588329315,-5.843628883361816,0.3795093297958374,0.40217432379722595,0.471404105424881,0.4449935853481293,0.321345716714859,0.33770108222961426,0.46235397458076477,0.3785531222820282,0.4103353023529053,0.3088275194168091,0.3385397493839264,0.4581785798072815,2440.003382766387,2309.0310959723342,4657.0037841796875,0.15043357566550927,184.5703125
sax_040_classic.mp3,../Data/raw/saxophone_data\sax_040_classic.mp3,saxophone_data,2,-161.2327117919922,107.3214340209961,-1.3205479383468628,25.868141174316406,4.470338821411133,14.126006126403809,-7.450131893157959,3.386685609817505,-4.676406383514404,-2.5016393661499023,-5.913403511047363,0.4313333332538605,-8.121467590332031,0.18190479278564453,0.22362205386161804,0.3334878385066986,0.31416645646095276,0.3696257770061493,0.22929821908473969,0.25671836733818054,0.18866980075836182,0.33540862798690796,0.2379961907863617,0.12176956236362457,0.2441204935312271,1769.0282810068484,2107.998448153864,3600.3814697265625,0.07318793402777778,184.5703125
sax_040_classic.mp3,../Data/raw/saxophone_data\sax_040_classic.mp3,saxophone_data,3,-168.45065307617188,108.61576080322266,2.4277312755584717,32.524208068847656,5.508731365203857,14.253302574157715,-6.014994144439697,5.120464324951172,-3.880171537399292,-3.1839542388916016,-3.514899253845215,1.0349156856536865,-4.509878158569336,0.2331840842962265,0.3290663957595825,0.3887624144554138,0.42028364539146423,0.4743443727493286,0.315347284078598,0.3163021504878998,0.24607419967651367,0.32764261960983276,0.2894357442855835,0.19080235064029694,0.24909555912017822,1736.0255164328355,2157.6881840729775,3681.3802083333335,0.059459544994212965,184.5703125
sax_040_classic.mp3,../Data/raw/saxophone_data\sax_040_classic.mp3,saxophone_data,4,-182.13246154785156,111.35668182373047,4.575058937072754,33.77460479736328,5.24995756149292,14.059733390808105,-6.482624053955078,2.079214334487915,-6.10183048248291,-3.893275499343872,-3.12270188331604,2.257662057876587,-2.5924570560455322,0.3624720275402069,0.5423683524131775,0.4319057762622833,0.34679025411605835,0.3570239245891571,0.3146004378795624,0.391929030418396,0.2973588705062866,0.26484304666519165,0.30292606353759766,0.26355668902397156,0.3351261019706726,1709.735532849096,2198.7135186401556,3797.1211751302085,0.05254674840856482,184.5703125
sax_040_classic.mp3,../Data/raw/saxophone_data\sax_040_classic.mp3,saxophone_data,5,-159.05325317382812,108.00994873046875,-4.5941901206970215,33.427757263183594,7.637041091918945,9.768616676330566,-7.278449058532715,4.900104999542236,-7.778252124786377,-5.25469446182251,-1.8372820615768433,1.7812632322311401,-3.2332422733306885,0.34698355197906494,0.47693079710006714,0.3037661910057068,0.2620741128921509,0.38585734367370605,0.26145729422569275,0.29238420724868774,0.18460287153720856,0.2558285892009735,0.3638324737548828,0.2235470712184906,0.26742687821388245,1751.4189447620372,2139.3087188135646,3675.7476806640625,0.0649097583912037,95.703125
sax_040_classic.mp3,../Data/raw/saxophone_data\sax_040_classic.mp3,saxophone_data,6,-134.41146850585938,114.76622009277344,-11.380399703979492,32.13361358642578,8.552754402160645,8.431385040283203,-8.780643463134766,8.697808265686035,-7.362790584564209,-6.023639678955078,0.0666113942861557,1.200877070426941,-4.167577743530273,0.290897011756897,0.3260728418827057,0.24197643995285034,0.29864615201950073,0.3648179769515991,0.2616724669933319,0.35505184531211853,0.28819674253463745,0.4647834300994873,0.4816818833351135,0.24602943658828735,0.3122756779193878,1687.472350368753,2041.1683587805758,3401.598103841146,0.06696234809027778,95.703125
sax_040_classic.mp3,../Data/raw/saxophone_data\sax_040_classic.mp3,saxophone_data,7,-142.48956298828125,117.79058074951172,-11.086066246032715,32.00541687011719,4.962454319000244,9.30323600769043,-6.447890758514404,5.731775283813477,-7.75086784362793,-3.62924861907959,-0.29207223653793335,-1.6173462867736816,-4.340292930603027,0.27514758706092834,0.41420960426330566,0.25581735372543335,0.27658405900001526,0.28284236788749695,0.23051145672798157,0.3527302145957947,0.37844395637512207,0.5090104341506958,0.3968375623226166,0.24138344824314117,0.32206425070762634,1688.7689891431385,2048.7915570068167,3486.933390299479,0.06694200303819445,95.703125
sax_040_classic.mp3,../Data/raw/saxophone_data\sax_040_classic.mp3,saxophone_data,8,-138.4083709716797,110.59510803222656,-13.159343719482422,34.30961227416992,3.184884548187256,5.453662395477295,-4.521073818206787,3.7654836177825928,-10.308698654174805,-1.7242929935455322,-0.2700826823711395,-3.4943349361419678,-2.617759943008423,0.2706132233142853,0.46214258670806885,0.3251587450504303,0.21511052548885345,0.24604028463363647,0.22650201618671417,0.35595792531967163,0.3173448443412781,0.4022533595561981,0.31365931034088135,0.21342456340789795,0.35249844193458557,1772.211398538101,2078.414590492775,3601.42822265625,0.07302065248842593,198.76802884615384
sax_040_classic.mp3,../Data/raw/saxophone_data\sax_040_classic.mp3,saxophone_data,9,-149.09507751464844,115.91502380371094,-8.629511833190918,33.17726135253906,3.9687488079071045,7.415157318115234,-6.252513885498047,4.103519916534424,-8.84353256225586,-4.0975871086120605,-2.2801167964935303,0.5208741426467896,-3.590860366821289,0.26378217339515686,0.34080928564071655,0.22156831622123718,0.19825366139411926,0.29157280921936035,0.21816781163215637,0.30782264471054077,0.26077333092689514,0.4127613604068756,0.4369606077671051,0.36219680309295654,0.4121134281158447,1666.3194937660871,2027.9523608752886,3390.1336669921875,0.06621410228587964,103.359375
sax_040_classic.mp3,../Data/raw/saxophone_data\sax_040_classic.mp3,saxophone_data,10,-164.0030517578125,109.44090270996094,-6.8528313636779785,29.085988998413086,2.1626498699188232,6.650488376617432,-7.890700817108154,4.126572608947754,-7.950774669647217,-4.741015911102295,-3.5177531242370605,0.3142381012439728,-4.9312520027160645,0.22210752964019775,0.2574034333229065,0.17276223003864288,0.20393799245357513,0.3101821839809418,0.23502330482006073,0.26893672347068787,0.25538551807403564,0.435430109500885,0.5214278697967529,0.3599996864795685,0.33593037724494934,1771.3028435058686,2056.349786329676,3580.9916178385415,0.07764350043402778,184.5703125
sax_040_classic.mp3,../Data/raw/saxophone_data\sax_040_classic.mp3,saxophone_data,11,-148.63040161132812,98.29329681396484,-10.424260139465332,31.278514862060547,3.68744158744812,3.7148730754852295,-6.483702659606934,5.788095951080322,-8.91921615600586,0.9503507018089294,0.20893464982509613,-1.3049936294555664,-4.05794095993042,0.1703917533159256,0.2591288983821869,0.1716327965259552,0.16911259293556213,0.2563345730304718,0.2751615643501282,0.5320348143577576,0.38351932168006897,0.2858727276325226,0.33572670817375183,0.18852320313453674,0.20642028748989105,1939.128539180229,2110.1559694872612,3868.6991373697915,0.09020317925347222,184.5703125
sax_041_classic.mp3,../Data/raw/saxophone_data\sax_041_classic.mp3,saxophone_data,1,-245.46937561035156,66.69263458251953,3.2381701469421387,27.370311737060547,-9.027961730957031,7.778975963592529,-9.61313247680664,2.4776899814605713,-4.8886494636535645,4.788418292999268,-3.5993893146514893,-5.671552658081055,-9.889445304870605,0.30324557423591614,0.3407505452632904,0.3503316342830658,0.3234798014163971,0.2817070782184601,0.3734079897403717,0.339184045791626,0.2986302077770233,0.5268237590789795,0.4637061655521393,0.5730680823326111,0.3275691270828247,2819.6735865797973,2352.4800379621406,5331.2123616536455,0.19218388310185186,129.19921875
sax_041_classic.mp3,../Data/raw/saxophone_data\sax_041_classic.mp3,saxophone_data,2,-166.14938354492188,89.74679565429688,8.364594459533691,33.32743453979492,-10.432320594787598,9.68363094329834,-7.862717628479004,7.249584197998047,-1.564566969871521,4.811015605926514,-5.639105319976807,-8.788677215576172,-10.179064750671387,0.2546713948249817,0.18623344600200653,0.22023461759090424,0.20244640111923218,0.179561048746109,0.37428519129753113,0.3239816725254059,0.19260673224925995,0.3691377639770508,0.32609742879867554,0.5546667575836182,0.3959726393222809,2164.641578190048,2242.282965246707,4541.71142578125,0.1119384765625,86.1328125
sax_041_classic.mp3,../Data/raw/saxophone_data\sax_041_classic.mp3,saxophone_data,3,-162.42877197265625,84.68029022216797,6.826491832733154,34.573577880859375,-10.115548133850098,11.252795219421387,-5.964218616485596,3.982637643814087,2.163226842880249,6.159282684326172,-7.385282039642334,-10.477088928222656,-7.179561614990234,0.21598586440086365,0.09333568811416626,0.11505591124296188,0.18654710054397583,0.18483740091323853,0.4496994614601135,0.29327407479286194,0.22719964385032654,0.5193913578987122,0.23312848806381226,0.2558799088001251,0.2993607819080353,2171.1185102320137,2273.404195091688,4615.4327392578125,0.11391646773726852,86.1328125
sax_041_classic.mp3,../Data/raw/saxophone_data\sax_041_classic.mp3,saxophone_data,4,-197.3974609375,112.8509750366211,10.559563636779785,30.96942901611328,-5.197312355041504,10.940141677856445,-6.668863296508789,-3.0253615379333496,-0.5059582591056824,7.299097061157227,-3.03149151802063,-3.972909927368164,-1.7109315395355225,0.2491654008626938,0.19968116283416748,0.178243950009346,0.26679226756095886,0.26910918951034546,0.5995364785194397,0.4444349706172943,0.23716653883457184,0.4953889548778534,0.3369465470314026,0.24136610329151154,0.1771966814994812,1715.8834959600852,2067.2995601429134,3657.404581705729,0.07366265190972222,112.34714673913044
sax_041_classic.mp3,../Data/raw/saxophone_data\sax_041_classic.mp3,saxophone_data,5,-183.6272430419922,102.00759887695312,3.540339708328247,25.45743751525879,0.9495583176612854,6.880499839782715,-7.053165912628174,-3.226046323776245,-1.9143857955932617,5.844128608703613,-4.064208030700684,-1.8939813375473022,3.416011095046997,0.287262499332428,0.30320459604263306,0.29872411489486694,0.3004821538925171,0.2665746510028839,0.5128107070922852,0.28067275881767273,0.21583183109760284,0.3708916902542114,0.2855999767780304,0.4265695810317993,0.21295247972011566,1997.6381125722369,2119.5817665164523,3876.275634765625,0.10229266131365741,83.35433467741936
sax_041_classic.mp3,../Data/raw/saxophone_data\sax_041_classic.mp3,saxophone_data,6,-149.0269317626953,78.10160827636719,-10.309247016906738,32.320167541503906,-2.1239542961120605,4.614771366119385,-7.271735191345215,-3.5100340843200684,-6.759608745574951,3.3754708766937256,-9.746931076049805,-3.292585611343384,-0.12133365124464035,0.21848857402801514,0.302203893661499,0.2548779249191284,0.2411675602197647,0.18403437733650208,0.3308742046356201,0.1496998518705368,0.20222584903240204,0.36646348237991333,0.24996544420719147,0.48811471462249756,0.1994592547416687,2353.159856845871,2211.889838427661,4426.7181396484375,0.1358054832175926,89.10290948275862
sax_041_classic.mp3,../Data/raw/saxophone_data\sax_041_classic.mp3,saxophone_data,7,-175.13551330566406,95.9970703125,0.3217569887638092,38.60560989379883,-0.5587531328201294,9.300664901733398,-6.739017009735107,0.515666663646698,-6.708302021026611,3.0230753421783447,-4.505789756774902,0.9878373146057129,-4.213450908660889,0.2738662362098694,0.32406288385391235,0.26090213656425476,0.32762375473976135,0.29647117853164673,0.3665470480918884,0.17475737631320953,0.21787609159946442,0.33366522192955017,0.21709507703781128,0.3271602988243103,0.18346120417118073,1979.9824892833826,2138.076269880746,3974.421183268229,0.09843840422453703,143.5546875
sax_041_classic.mp3,../Data/raw/saxophone_data\sax_041_classic.mp3,saxophone_data,8,-216.91172790527344,121.32405853271484,7.391475200653076,33.03227233886719,7.390352725982666,14.100852966308594,-7.1139068603515625,2.1732537746429443,-5.058699607849121,0.84598708152771,1.1534358263015747,4.936679363250732,0.2618638575077057,0.34391114115715027,0.3510933518409729,0.29078295826911926,0.42403456568717957,0.3343956172466278,0.44321611523628235,0.28083163499832153,0.19885385036468506,0.270627498626709,0.18338219821453094,0.27776074409484863,0.21325328946113586,1560.8100232592403,1944.2748119612536,3159.7981770833335,0.06949417679398148,143.5546875
sax_041_classic.mp3,../Data/raw/saxophone_data\sax_041_classic.mp3,saxophone_data,9,-202.11607360839844,121.52876281738281,-3.461751937866211,32.43170166015625,6.091681003570557,14.418648719787598,-10.311797142028809,4.112448692321777,-4.697062015533447,0.6399756669998169,-1.0935778617858887,-3.0922367572784424,-3.072371244430542,0.2326582968235016,0.23878295719623566,0.16987675428390503,0.2692546546459198,0.23563595116138458,0.44788849353790283,0.29773983359336853,0.21109291911125183,0.35087108612060547,0.23694248497486115,0.38370949029922485,0.1920774132013321,1527.1675084875237,1840.3046291241733,3003.4332275390625,0.07405372902199074,143.5546875
sax_041_classic.mp3,../Data/raw/saxophone_data\sax_041_classic.mp3,saxophone_data,10,-190.30615234375,119.97884368896484,-3.142712354660034,25.811012268066406,-0.2368580847978592,12.222432136535645,-12.739606857299805,3.9287290573120117,-3.128866672515869,3.197718381881714,-0.3889285922050476,-9.484740257263184,-5.952493190765381,0.13653497397899628,0.24053548276424408,0.19217361509799957,0.20568828284740448,0.22442370653152466,0.4438919723033905,0.22619035840034485,0.17720377445220947,0.38413941860198975,0.2770683765411377,0.5168887972831726,0.22088955342769623,1559.5593657656907,1873.9216434165367,3057.8643798828125,0.07774522569444445,86.1328125
sax_041_classic.mp3,../Data/raw/saxophone_data\sax_041_classic.mp3,saxophone_data,11,-184.8678741455078,109.46678161621094,-3.8578341007232666,30.103355407714844,-2.6425058841705322,12.807536125183105,-11.242366790771484,1.8708040714263916,-5.147970676422119,1.5556820631027222,-3.139676809310913,-8.426504135131836,-3.6906635761260986,0.20697511732578278,0.2986564636230469,0.2366393357515335,0.26725366711616516,0.2521223723888397,0.45406338572502136,0.2585897743701935,0.12840603291988373,0.2527378499507904,0.25629422068595886,0.4845010042190552,0.22457532584667206,1702.6609831947653,1928.4107345474697,3397.3612467447915,0.08601209852430555,143.5546875
sax_042_classic.mp3,../Data/raw/saxophone_data\sax_042_classic.mp3,saxophone_data,1,-258.51751708984375,98.06182861328125,1.4550440311431885,50.50070571899414,2.0036795139312744,-6.184760570526123,-1.1025091409683228,0.4649529755115509,-4.062725067138672,1.228093147277832,-11.196369171142578,-3.150296211242676,-10.396265029907227,0.40273526310920715,0.5085368156433105,0.38703325390815735,0.3873414695262909,0.47283825278282166,0.24594762921333313,0.1965959370136261,0.2517695724964142,0.4487430453300476,0.28747352957725525,0.33821314573287964,0.5352040529251099,2166.6081729646,2089.886870591649,4251.4617919921875,0.13740596064814814,92.28515625
sax_042_classic.mp3,../Data/raw/saxophone_data\sax_042_classic.mp3,saxophone_data,2,-168.54489135742188,121.84362030029297,0.808260440826416,59.59117126464844,2.1479930877685547,-9.265296936035156,-4.429834842681885,-2.820089101791382,-8.978912353515625,3.32582950592041,-12.00754165649414,0.5652536749839783,-9.693754196166992,0.2668711245059967,0.5594881772994995,0.3087114989757538,0.26819318532943726,0.30796921253204346,0.19193105399608612,0.2573378086090088,0.20097589492797852,0.312862366437912,0.174686461687088,0.2106490284204483,0.2868792414665222,1457.1228337791533,1869.8095034965522,3121.1181640625,0.056080005787037035,151.99908088235293
sax_042_classic.mp3,../Data/raw/saxophone_data\sax_042_classic.mp3,saxophone_data,3,-154.13671875,110.18402862548828,4.351800918579102,54.846038818359375,5.148587226867676,-7.4985127449035645,-4.678024768829346,-6.1444091796875,-10.132880210876465,2.7757999897003174,-11.187150001525879,1.5738900899887085,-5.813128471374512,0.23421478271484375,0.46428367495536804,0.19207634031772614,0.2146245688199997,0.3065680265426636,0.25110679864883423,0.48325115442276,0.31903016567230225,0.2166748344898224,0.14556317031383514,0.25344690680503845,0.2354271113872528,1682.2044320422244,2017.397687223475,3472.7274576822915,0.07532642505787036,151.99908088235293
sax_042_classic.mp3,../Data/raw/saxophone_data\sax_042_classic.mp3,saxophone_data,4,-169.5274658203125,104.74575805664062,6.96678352355957,59.203006744384766,7.998800754547119,-4.5419769287109375,-0.8928853273391724,-3.2490200996398926,-7.123079776763916,1.4100172519683838,-10.964781761169434,0.12821458280086517,-6.053326606750488,0.2728878855705261,0.4217750132083893,0.15767955780029297,0.11504054814577103,0.18223217129707336,0.21143093705177307,0.5965748429298401,0.3565540909767151,0.1301754266023636,0.072877436876297,0.19617067277431488,0.2825779914855957,1700.214839908494,2049.8476600586932,3600.830078125,0.07552309389467593,215.33203125
sax_042_classic.mp3,../Data/raw/saxophone_data\sax_042_classic.mp3,saxophone_data,5,-180.60549926757812,111.88661193847656,6.138895511627197,58.333740234375,7.671360492706299,-2.8164565563201904,-0.4864107668399811,1.0314134359359741,-2.9448435306549072,2.9855761528015137,-14.685569763183594,-3.950723171234131,-10.538512229919434,0.2781108021736145,0.3558444678783417,0.1970604807138443,0.12089892476797104,0.07553533464670181,0.1970987617969513,0.6406586170196533,0.31851476430892944,0.12217751890420914,0.07028704881668091,0.21908140182495117,0.4020077884197235,1560.666567809438,1988.1348767192233,3439.081827799479,0.061543782552083336,198.76802884615384
sax_042_classic.mp3,../Data/raw/saxophone_data\sax_042_classic.mp3,saxophone_data,6,-171.7102813720703,113.41168975830078,6.592469215393066,55.728336334228516,5.606443405151367,-2.969542980194092,-1.6763150691986084,-1.1068319082260132,-6.154386043548584,6.6970038414001465,-15.641312599182129,-4.2118000984191895,-12.777556419372559,0.32032182812690735,0.3342724144458771,0.19349785149097443,0.16801470518112183,0.1296868622303009,0.21172761917114258,0.6289134621620178,0.2861725091934204,0.12164190411567688,0.09407110512256622,0.31200531125068665,0.5257007479667664,1515.1150850932327,1980.9920359358453,3371.8404134114585,0.05582230179398148,99.38401442307692
sax_042_classic.mp3,../Data/raw/saxophone_data\sax_042_classic.mp3,saxophone_data,7,-197.94708251953125,123.70298767089844,12.642134666442871,58.74910354614258,9.050957679748535,1.8541643619537354,-1.2819770574569702,-1.0631881952285767,-6.145587921142578,8.505836486816406,-9.986597061157227,-2.916802406311035,-12.35759162902832,0.33119913935661316,0.2829597294330597,0.11770053207874298,0.12070509046316147,0.13031825423240662,0.27459293603897095,0.811776876449585,0.3258768320083618,0.06016578897833824,0.08042045682668686,0.31155961751937866,0.5168032050132751,1283.6398992452157,1836.0838268326784,2811.578369140625,0.041576244212962965,107.666015625
sax_042_classic.mp3,../Data/raw/saxophone_data\sax_042_classic.mp3,saxophone_data,8,-178.93963623046875,119.60203552246094,3.3781144618988037,59.84071350097656,14.097088813781738,0.7771041393280029,-4.516195774078369,5.355891704559326,-8.285322189331055,6.42435359954834,-6.301135063171387,-6.187014579772949,-9.11911678314209,0.27332088351249695,0.14733366668224335,0.1421775072813034,0.3123226463794708,0.1767473965883255,0.23673003911972046,0.7124652862548828,0.37884464859962463,0.20383058488368988,0.16824667155742645,0.2772876024246216,0.46766799688339233,1392.1719152091753,1850.0777324201672,2960.4166666666665,0.05076768663194445,161.4990234375
sax_042_classic.mp3,../Data/raw/saxophone_data\sax_042_classic.mp3,saxophone_data,9,-155.5758514404297,119.39596557617188,-9.130620956420898,60.27956008911133,19.244644165039062,-5.433728218078613,-7.9500732421875,9.245528221130371,-14.138175964355469,2.931375503540039,-4.819981098175049,-8.711910247802734,-5.694684028625488,0.24677355587482452,0.18784694373607635,0.2207282930612564,0.43093791604042053,0.24438591301441193,0.18349695205688477,0.39135223627090454,0.3457222282886505,0.4589414596557617,0.3398573398590088,0.4374866485595703,0.4693468511104584,1498.6800836746638,1847.829517019173,3117.828369140625,0.06216995804398148,83.35433467741936
sax_042_classic.mp3,../Data/raw/saxophone_data\sax_042_classic.mp3,saxophone_data,10,-175.81715393066406,127.01038360595703,-3.9358973503112793,57.33199691772461,19.409963607788086,-4.674795627593994,-7.382116317749023,6.988095283508301,-12.961962699890137,0.9915468692779541,-3.9769418239593506,-8.653650283813477,-6.116657257080078,0.27270692586898804,0.39200758934020996,0.288277268409729,0.34006667137145996,0.2521425485610962,0.1697750985622406,0.31767022609710693,0.31875327229499817,0.4740089178085327,0.30790355801582336,0.39768409729003906,0.3727565109729767,1390.2213920514118,1792.5113422372076,2943.9178466796875,0.05474853515625,151.99908088235293
sax_042_classic.mp3,../Data/raw/saxophone_data\sax_042_classic.mp3,saxophone_data,11,-202.32858276367188,131.52772521972656,6.991927146911621,58.562740325927734,15.487226486206055,-5.323627948760986,-4.47219181060791,2.68558406829834,-10.16903018951416,-5.134879112243652,-8.241072654724121,-6.281447410583496,-5.737056255340576,0.29676634073257446,0.5370597243309021,0.30426713824272156,0.31187546253204346,0.23244644701480865,0.2290114313364029,0.5001137256622314,0.34507328271865845,0.2825895845890045,0.2217385172843933,0.44963276386260986,0.34783807396888733,1316.2682852976493,1799.4880434156685,2864.3147786458335,0.046314380787037035,151.99908088235293
sax_043_classic.mp3,../Data/raw/saxophone_data\sax_043_classic.mp3,saxophone_data,1,-233.76353454589844,136.78314208984375,23.04511260986328,36.89613342285156,12.804911613464355,13.007622718811035,4.00981330871582,6.454400062561035,-4.838879585266113,4.274969100952148,-0.5846372246742249,4.834280490875244,0.980134904384613,0.3505328893661499,0.5588372945785522,0.3759525716304779,0.33656057715415955,0.2583458423614502,0.3389924466609955,0.2591925859451294,0.3093562424182892,0.38604050874710083,0.37814342975616455,0.31163346767425537,0.2553262412548065,1056.1674696254297,1696.6707602742767,2135.675048828125,0.029097945601851853,107.666015625
sax_043_classic.mp3,../Data/raw/saxophone_data\sax_043_classic.mp3,saxophone_data,2,-203.0467529296875,138.50794982910156,12.468005180358887,33.819671630859375,10.125906944274902,9.559502601623535,1.582763433456421,7.660223960876465,-7.059895992279053,2.9699814319610596,-2.574099540710449,-0.06130147725343704,-0.6353057622909546,0.2676982879638672,0.41850775480270386,0.2846558392047882,0.21819321811199188,0.2854193449020386,0.385761022567749,0.29053089022636414,0.31953728199005127,0.46428820490837097,0.5547913312911987,0.38226237893104553,0.27695611119270325,1133.4968569850796,1736.6971184723084,2332.763671875,0.03349925853587963,107.666015625
sax_043_classic.mp3,../Data/raw/saxophone_data\sax_043_classic.mp3,saxophone_data,3,-207.3295135498047,145.37611389160156,13.560639381408691,30.46543312072754,9.44685173034668,6.083096504211426,0.3458762466907501,8.736242294311523,-6.5112385749816895,3.7463901042938232,-2.578657627105713,-2.844163656234741,-2.657015800476074,0.2324405014514923,0.3584405779838562,0.30786311626434326,0.2323787361383438,0.2852953374385834,0.3677637279033661,0.3753892779350281,0.2769106924533844,0.34364235401153564,0.5336771607398987,0.34106114506721497,0.264580100774765,1070.844231711104,1656.7291287399075,2080.4463704427085,0.03519920066550926,107.666015625
sax_043_classic.mp3,../Data/raw/saxophone_data\sax_043_classic.mp3,saxophone_data,4,-210.0036163330078,146.28932189941406,13.873866081237793,28.032121658325195,8.798582077026367,6.99989652633667,0.761655330657959,7.886922359466553,-4.001462459564209,7.019481658935547,-2.7431139945983887,-2.3806936740875244,-6.303908824920654,0.23064373433589935,0.3623031973838806,0.2906557321548462,0.20182882249355316,0.21237938106060028,0.43262845277786255,0.47840750217437744,0.30936601758003235,0.29578152298927307,0.3551235795021057,0.3091815710067749,0.20557747781276703,1046.0423702725298,1612.0832235828009,1965.6026204427083,0.03860134548611111,107.666015625
sax_043_classic.mp3,../Data/raw/saxophone_data\sax_043_classic.mp3,saxophone_data,5,-216.91749572753906,142.2217559814453,13.2161865234375,29.186899185180664,9.628785133361816,8.455634117126465,2.346067428588867,7.719481945037842,-2.714024066925049,7.636264324188232,-0.6246257424354553,-1.2836661338806152,-4.513129234313965,0.2731463611125946,0.46300339698791504,0.3109034299850464,0.2097047120332718,0.23893681168556213,0.37030866742134094,0.43498846888542175,0.3302348852157593,0.35379937291145325,0.3111274540424347,0.2590923011302948,0.18157288432121277,1035.682494608677,1622.6319300175146,2001.8402099609375,0.03670021339699074,107.666015625
sax_043_classic.mp3,../Data/raw/saxophone_data\sax_043_classic.mp3,saxophone_data,6,-219.1083984375,140.4105682373047,23.17964744567871,31.847801208496094,11.714624404907227,8.956840515136719,0.17584942281246185,7.404733180999756,-3.060133695602417,8.323270797729492,1.8292663097381592,2.083266019821167,-0.6286464333534241,0.2192055732011795,0.3611317276954651,0.35657998919487,0.3917914927005768,0.33085018396377563,0.27409669756889343,0.37250953912734985,0.3464580774307251,0.2604553699493408,0.25882765650749207,0.22044354677200317,0.20478364825248718,1081.7403330405414,1702.2316148353545,2209.795125325521,0.03373887803819445,107.666015625
sax_043_classic.mp3,../Data/raw/saxophone_data\sax_043_classic.mp3,saxophone_data,7,-208.7727508544922,128.15675354003906,19.957443237304688,37.47672653198242,13.031061172485352,12.37040901184082,3.4578771591186523,9.632813453674316,-5.758612155914307,8.778570175170898,1.4150363206863403,7.412149906158447,0.1918865144252777,0.4334105849266052,0.45543742179870605,0.3796781599521637,0.4855353832244873,0.3377768099308014,0.25137755274772644,0.2515168786048889,0.29116004705429077,0.2597852051258087,0.2237461358308792,0.22314541041851044,0.3115200400352478,1243.5089973488555,1860.1295786611606,2644.347127278646,0.037952564380787035,107.666015625
sax_043_classic.mp3,../Data/raw/saxophone_data\sax_043_classic.mp3,saxophone_data,8,-210.28863525390625,128.65460205078125,15.23936939239502,39.596065521240234,14.886247634887695,13.199896812438965,8.901658058166504,11.007903099060059,-4.513680458068848,7.925394535064697,2.3297367095947266,8.911418914794922,0.8876247406005859,0.517354428768158,0.597524881362915,0.4381393790245056,0.36180660128593445,0.2517831027507782,0.2356986701488495,0.18617810308933258,0.27212345600128174,0.4366353750228882,0.44105714559555054,0.3123064637184143,0.3496944308280945,1174.731667131948,1811.0992138753338,2450.6978352864585,0.03505904586226852,107.666015625
sax_043_classic.mp3,../Data/raw/saxophone_data\sax_043_classic.mp3,saxophone_data,9,-188.19776916503906,128.87380981445312,4.037895679473877,38.321468353271484,12.33474349975586,10.504734992980957,6.401605606079102,5.801398277282715,-1.3898059129714966,6.845467567443848,-5.121287822723389,3.3379952907562256,-2.2550220489501953,0.38640251755714417,0.37937065958976746,0.3319678008556366,0.30549106001853943,0.3566166162490845,0.3185841739177704,0.25070807337760925,0.3020268678665161,0.40523046255111694,0.5259597301483154,0.3419879972934723,0.34654518961906433,1271.808961244107,1744.598619685024,2625.007120768229,0.049225983796296294,107.666015625
sax_043_classic.mp3,../Data/raw/saxophone_data\sax_043_classic.mp3,saxophone_data,10,-188.46205139160156,129.7991943359375,-1.1170458793640137,35.051143646240234,10.55119800567627,10.466080665588379,4.280503749847412,5.223598003387451,-2.7031917572021484,7.007437705993652,-5.249267578125,0.10320204496383667,-6.920708656311035,0.24477054178714752,0.21696260571479797,0.2681501507759094,0.3128468692302704,0.45353183150291443,0.3644687533378601,0.41589877009391785,0.329605370759964,0.2778255045413971,0.36027854681015015,0.26936954259872437,0.2804761230945587,1329.7623005913526,1731.9940468800503,2710.442097981771,0.054624204282407406,107.666015625
sax_043_classic.mp3,../Data/raw/saxophone_data\sax_043_classic.mp3,saxophone_data,11,-210.203125,141.0479736328125,8.346726417541504,29.694032669067383,8.431267738342285,9.706424713134766,0.8022565245628357,8.644064903259277,-5.795941352844238,5.585769176483154,-0.4987078011035919,-2.530229091644287,-6.205770015716553,0.2120356261730194,0.280204713344574,0.2932855784893036,0.28704580664634705,0.30334335565567017,0.3751237690448761,0.4909552335739136,0.3754105865955353,0.37642738223075867,0.23724187910556793,0.2558085024356842,0.1988762617111206,1167.7288321210754,1699.9944995746762,2357.835896809896,0.03891556351273148,107.666015625
