file_name,path,instrument,mfcc_1,mfcc_2,mfcc_3,mfcc_4,mfcc_5,mfcc_6,mfcc_7,mfcc_8,mfcc_9,mfcc_10,mfcc_11,mfcc_12,mfcc_13,chroma_C,chroma_Csharp,chroma_D,chroma_Dsharp,chroma_E,chroma_F,chroma_Fsharp,chroma_G,chroma_Gsharp,chroma_A,chroma_Asharp,chroma_B,tonnetz_1,tonnetz_2,tonnetz_3,tonnetz_4,tonnetz_5,tonnetz_6,spectral_centroid,spectral_bandwidth,spectral_rolloff,zero_crossing_rate,tempo
sym_001_classic.mp3,../Data/raw/symphony_data\sym_001_classic.mp3,symphony_data,-240.16360473632812,126.59903717041016,-5.665679931640625,19.973445892333984,2.331543445587158,10.107376098632812,2.2011306285858154,4.4423980712890625,-7.433694362640381,-2.5703847408294678,-4.94291877746582,4.08091402053833,-2.642104148864746,0.6073746085166931,0.36991503834724426,0.3136345148086548,0.296690970659256,0.5848187804222107,0.30761709809303284,0.36996880173683167,0.6659470200538635,0.4624592363834381,0.42822620272636414,0.3315887153148651,0.4696657061576843,0.11843539099937006,0.08340632461811699,0.05566298052662795,0.13993413919069722,0.04609097719485115,0.0005707898942736606,1573.0929325761329,1975.5398294225151,3296.088402337703,0.06952565668537151,143.5546875
sym_002_classic.mp3,../Data/raw/symphony_data\sym_002_classic.mp3,symphony_data,-397.0133972167969,162.4208526611328,-19.374553680419922,13.071343421936035,5.694931983947754,1.6449573040008545,-1.7012031078338623,-3.750089168548584,-6.2241058349609375,0.14680089056491852,-2.0800154209136963,-1.7092833518981934,-5.969753742218018,0.22557133436203003,0.11082600057125092,0.20271435379981995,0.3125602602958679,0.5279136896133423,0.20622552931308746,0.3766203224658966,0.3589351773262024,0.15969964861869812,0.22987158596515656,0.200062096118927,0.5284646153450012,0.25914386685605556,-0.12466281562730579,0.20696071140726166,0.08733206580143604,0.024693953558262965,-0.011163499886415115,1235.1148993434756,1490.76912106399,2200.4783606750675,0.07268663530379257,151.99908088235293
sym_003_classic.mp3,../Data/raw/symphony_data\sym_003_classic.mp3,symphony_data,-440.1067199707031,167.98667907714844,-12.73036003112793,12.673325538635254,8.356117248535156,-1.0160467624664307,2.2940213680267334,-4.582475662231445,-9.672343254089355,-0.37608322501182556,-3.9864141941070557,1.4328055381774902,0.934413492679596,0.32957208156585693,0.20457777380943298,0.2563043534755707,0.720745325088501,0.2691851258277893,0.2252674400806427,0.13199439644813538,0.2799184322357178,0.3803739845752716,0.15643438696861267,0.22553576529026031,0.14916464686393738,-0.2893928746666996,0.08960737844942662,0.2084453187388405,0.1264229339032777,-0.03714902424607789,0.03572024230289506,1074.2735249683715,1434.532344068026,1804.8390863849652,0.0591443891495743,92.28515625
sym_004_classic.mp3,../Data/raw/symphony_data\sym_004_classic.mp3,symphony_data,-394.3179626464844,166.17984008789062,-19.222097396850586,18.281986236572266,8.299398422241211,1.047860026359558,0.905992329120636,-6.3364715576171875,-8.991373062133789,-0.051024824380874634,-3.5769312381744385,-2.7568483352661133,-3.2220678329467773,0.5073764324188232,0.19555923342704773,0.14870546758174896,0.14370593428611755,0.5047196745872498,0.6691112518310547,0.22381964325904846,0.19396384060382843,0.16425839066505432,0.4038904011249542,0.19954656064510345,0.1985948234796524,0.11142388258439143,0.36776964761641,-0.27805342770544905,0.1803818212158187,-0.057317339834194556,0.05462278268658973,1126.339046707834,1451.7049216111159,1970.1630866933533,0.0627044583252709,151.99908088235293
sym_005_classic.mp3,../Data/raw/symphony_data\sym_005_classic.mp3,symphony_data,-362.3313293457031,143.06741333007812,-13.827254295349121,14.303886413574219,2.324235677719116,4.558399677276611,-2.432746171951294,-4.836743354797363,-8.78484058380127,-1.6964727640151978,-4.490570068359375,1.9883190393447876,-1.4568469524383545,0.23116812109947205,0.31141018867492676,0.2371373325586319,0.2509905993938446,0.401024729013443,0.30728211998939514,0.5364381074905396,0.3023819327354431,0.23559530079364777,0.27428844571113586,0.26966241002082825,0.34940654039382935,0.04615175934910518,-0.1542473830408004,-0.004681011201271861,-0.08783969920685077,0.009765739432092295,0.02440357129644581,1435.9206261732072,1740.4184808902726,2654.025618136852,0.08181658765479877,161.4990234375
sym_006_classic.mp3,../Data/raw/symphony_data\sym_006_classic.mp3,symphony_data,-407.0686950683594,132.7288360595703,-10.047343254089355,16.873905181884766,0.7115638256072998,-1.9901297092437744,-1.3573487997055054,-3.5089216232299805,-5.8343281745910645,-3.646996021270752,-5.048737525939941,3.313713788986206,0.46686241030693054,0.21558086574077606,0.38642027974128723,0.41250699758529663,0.2635188102722168,0.21566089987754822,0.18417486548423767,0.3954893946647644,0.22595146298408508,0.15165065228939056,0.21896378695964813,0.1991104781627655,0.42742154002189636,0.13641949561374167,-0.06512874470061407,0.09118479909195097,-0.13915167737683,-0.04304527012135866,-0.0057068515199361885,1492.5869754166154,1833.8089378422264,2766.7416032253773,0.07526485100619196,135.99917763157896
sym_007_classic.mp3,../Data/raw/symphony_data\sym_007_classic.mp3,symphony_data,-517.9783325195312,196.11203002929688,-5.567478656768799,7.894772529602051,1.7689322233200073,4.068099021911621,2.378391981124878,-12.790369033813477,-8.721780776977539,-0.8706746101379395,-1.458365797996521,3.7566092014312744,3.205700159072876,0.3943102955818176,0.162345752120018,0.3681166470050812,0.4019080102443695,0.20182937383651733,0.33387503027915955,0.17979660630226135,0.34252339601516724,0.3117431104183197,0.23345382511615753,0.37586745619773865,0.2658618092536926,-0.13007355623559633,0.23115353586456977,0.0996156029753536,0.023525518577851325,-0.021032058373394894,-0.001658492396789564,883.6172206845573,1146.4142379846446,1453.6578765963623,0.05723737120259288,143.5546875
sym_008_classic.mp3,../Data/raw/symphony_data\sym_008_classic.mp3,symphony_data,-234.35598754882812,129.1079864501953,-8.897727012634277,23.78481674194336,-0.7984076738357544,5.371209621429443,-0.1005091741681099,3.3515076637268066,-2.851524591445923,1.5480271577835083,-7.314880847930908,-0.6105906367301941,-3.64453125,0.2971699833869934,0.2983603775501251,0.6367011070251465,0.3715677261352539,0.2283667027950287,0.3168491721153259,0.4830196499824524,0.6353234052658081,0.3787514865398407,0.4317837059497833,0.3993176519870758,0.3250124454498291,0.12125949407434462,0.14692232936748562,0.0960453284159014,-0.1281988449112135,-0.00013971352625457344,-0.029239838541018248,1599.0220269334886,1963.205492888117,3306.5633389971945,0.07241755151896284,143.5546875
sym_009_classic.mp3,../Data/raw/symphony_data\sym_009_classic.mp3,symphony_data,-303.781005859375,122.49408721923828,-28.814516067504883,10.098207473754883,-4.279422760009766,3.8956046104431152,-7.804584503173828,-5.8003249168396,-11.32899284362793,-0.4375709593296051,-6.488495349884033,2.6484451293945312,-4.399996757507324,0.20415771007537842,0.263348251581192,0.2389327436685562,0.5203201770782471,0.3903219699859619,0.3039071261882782,0.46093320846557617,0.3333342969417572,0.30834540724754333,0.22445209324359894,0.4318491816520691,0.3866729438304901,-0.1259977685339294,-0.09579957613411944,0.14098671990217512,-0.07142149581863683,0.017031995538466783,0.009848874132401219,1737.8949606065128,1890.9438992443202,3305.405012668102,0.09537508465557276,143.5546875
sym_010_classic.mp3,../Data/raw/symphony_data\sym_010_classic.mp3,symphony_data,-418.9330139160156,153.2215576171875,-18.89231300354004,30.900983810424805,-0.13869795203208923,1.118766188621521,-2.4207277297973633,-4.279233932495117,-4.990695476531982,1.3954083919525146,-0.8968365788459778,2.8833906650543213,-1.5719187259674072,0.359854131937027,0.2534400522708893,0.17224101722240448,0.26552054286003113,0.5378634333610535,0.1969989389181137,0.3103294372558594,0.39729544520378113,0.19351829588413239,0.2572295367717743,0.23264570534229279,0.4937233030796051,0.19421645504016952,-0.062196756070906176,0.15965342297631052,0.07934858926410425,0.043901118046144036,-0.00027622251427907,1273.8987389149625,1516.0875947554293,2442.76022896309,0.0707694133368808,112.34714673913044
sym_011_classic.mp3,../Data/raw/symphony_data\sym_011_classic.mp3,symphony_data,-346.4112854003906,169.80796813964844,-32.58249282836914,15.221834182739258,-1.3212839365005493,2.249654531478882,-2.970625162124634,-6.385867595672607,-5.538604259490967,0.23734262585639954,-3.247215509414673,-1.1294968128204346,-6.18440580368042,0.3451409935951233,0.19844838976860046,0.27831342816352844,0.18166916072368622,0.43136224150657654,0.561749279499054,0.2686433792114258,0.33333104848861694,0.24494321644306183,0.4803432822227478,0.3469030261039734,0.20725315809249878,0.09947165440324533,0.23325725992483706,-0.1494076669031622,0.053538063495641816,-0.008997282715489618,0.002110247392115174,1187.3304710914758,1335.0463381904644,2060.429207533137,0.07534988450561146,99.38401442307692
sym_012_classic.mp3,../Data/raw/symphony_data\sym_012_classic.mp3,symphony_data,-479.858642578125,173.31170654296875,-16.204519271850586,5.329813480377197,-0.7399520874023438,-5.029482364654541,-11.377814292907715,-16.037578582763672,-14.158254623413086,-4.298173427581787,0.14353768527507782,5.293629169464111,0.8777558207511902,0.3343590795993805,0.4838096797466278,0.2775515019893646,0.48718905448913574,0.15890458226203918,0.24390152096748352,0.22634951770305634,0.1352839469909668,0.1533748358488083,0.15503691136837006,0.4241689145565033,0.14976449310779572,-0.3649146480674538,-0.0007335190178059215,-0.019371524638238338,-0.12620634915339243,0.07113266334477071,0.06989455921510103,1015.1254208130107,1251.6567915430821,1697.1814040429083,0.0618613039376935,143.5546875
sym_013_classic.mp3,../Data/raw/symphony_data\sym_013_classic.mp3,symphony_data,-333.0661926269531,159.7137908935547,-19.77526092529297,15.485428810119629,-0.0114597762003541,-1.2554240226745605,-4.09487247467041,-3.200756072998047,-7.32124662399292,-3.3986377716064453,-7.3061203956604,-1.5373377799987793,-3.359118700027466,0.38564035296440125,0.4444003403186798,0.16930429637432098,0.2420697808265686,0.26191890239715576,0.6004024147987366,0.2751019299030304,0.18132667243480682,0.3486049473285675,0.2869393229484558,0.40132489800453186,0.18167681992053986,-0.2479064313969337,0.08937657638894203,-0.20734920031293774,0.008125850472356654,0.001095710364905733,-0.018569459603366277,1240.0085428412451,1443.9562381409805,2277.9195590654026,0.07325012395994582,123.046875
sym_014_classic.mp3,../Data/raw/symphony_data\sym_014_classic.mp3,symphony_data,-408.6661071777344,174.3081512451172,-26.70494842529297,14.603802680969238,2.0543606281280518,1.4030237197875977,-3.948962450027466,-5.934111595153809,-7.619033336639404,0.1101653128862381,-0.6148219704627991,4.588733196258545,-1.4131828546524048,0.2882139980792999,0.2381589263677597,0.3700624704360962,0.31179872155189514,0.21704255044460297,0.47315526008605957,0.31827160716056824,0.2875867187976837,0.14606793224811554,0.25369149446487427,0.27447831630706787,0.16140921413898468,-0.019869806782617103,0.2248991559922763,-0.06829044617941005,-0.1106067751723504,-0.01799076576580174,0.019645924562077997,1115.386253528734,1303.7657885570231,1877.7553121371905,0.07357892015770123,161.4990234375
sym_015_classic.mp3,../Data/raw/symphony_data\sym_015_classic.mp3,symphony_data,-260.61474609375,117.8334732055664,-16.829105377197266,15.854257583618164,-4.375988960266113,4.828690528869629,-8.385004043579102,-4.9676103591918945,-10.150614738464355,3.713698625564575,-3.990173578262329,0.6514674425125122,-7.946489334106445,0.44142287969589233,0.2697848975658417,0.2727680802345276,0.23111528158187866,0.43401584029197693,0.2736451327800751,0.2940681278705597,0.5565876960754395,0.32953017950057983,0.3691370487213135,0.2453383505344391,0.31330496072769165,0.1430585116869924,0.12481723601081378,0.05668808636327644,0.0955647510435322,0.04380829829899236,0.007452339899597257,1834.2527591270602,2009.9369485056354,3626.244739260836,0.09763433025348298,151.99908088235293
sym_016_classic.mp3,../Data/raw/symphony_data\sym_016_classic.mp3,symphony_data,-423.0848388671875,146.03646850585938,-25.80774688720703,26.650033950805664,-1.6408278942108154,-4.358875274658203,-8.095471382141113,-8.593990325927734,-7.891814708709717,-5.579667568206787,-10.095344543457031,0.8145018815994263,-0.18052484095096588,0.49039286375045776,0.36919140815734863,0.23560267686843872,0.4774041473865509,0.2814830541610718,0.33985474705696106,0.13695627450942993,0.25577107071876526,0.37020814418792725,0.17826205492019653,0.27424728870391846,0.24262790381908417,-0.21310466818876925,0.005955094840772342,-0.008191993802817772,0.17238601147169794,0.0031963102384339574,0.02199098881159804,1304.806627785658,1537.776809163999,2484.8183079769738,0.06501472402283281,151.99908088235293
sym_017_classic.mp3,../Data/raw/symphony_data\sym_017_classic.mp3,symphony_data,-183.259521484375,132.3365020751953,-18.638275146484375,29.18023109436035,0.1774018257856369,6.01216459274292,-1.0483851432800293,2.151247501373291,-2.590496063232422,3.2807557582855225,-5.921448707580566,-2.751206636428833,-3.7167983055114746,0.6756898164749146,0.5502618551254272,0.4309617280960083,0.267059326171875,0.20049704611301422,0.28397271037101746,0.24344073235988617,0.47305572032928467,0.4382496178150177,0.31269901990890503,0.37150105834007263,0.42721137404441833,-0.0894533465252724,0.1156719707049292,-0.09595057376207722,0.23058464193115458,0.04478354685991104,0.02605347503456015,1413.605494846359,1774.9793346432843,2940.1155548568113,0.06439038917376161,95.703125
sym_018_classic.mp3,../Data/raw/symphony_data\sym_018_classic.mp3,symphony_data,-353.86309814453125,148.7008819580078,-14.921960830688477,30.533876419067383,2.4080066680908203,-4.446133136749268,-2.5070042610168457,-4.052315711975098,-2.8738534450531006,-3.8999319076538086,-7.439677715301514,-2.056931734085083,-4.530526638031006,0.33215993642807007,0.23682455718517303,0.20416496694087982,0.3083880543708801,0.39545366168022156,0.2617968022823334,0.3346133232116699,0.28524014353752136,0.2200220376253128,0.2959403097629547,0.2826464772224426,0.45185714960098267,0.08337919315280709,-0.1775789663883942,0.07474418214072485,0.05913170953565953,0.021290714704746378,0.018404639488629963,1130.379628483699,1413.7682298078505,2209.3533070094813,0.05131639415634675,103.359375
sym_019_classic.mp3,../Data/raw/symphony_data\sym_019_classic.mp3,symphony_data,-358.42706298828125,178.742919921875,-23.911012649536133,22.305580139160156,2.812875747680664,-6.819062232971191,-8.596732139587402,-8.911494255065918,-7.1235737800598145,-2.6031270027160645,-5.044826030731201,-0.3268161416053772,0.40354251861572266,0.33673709630966187,0.23098455369472504,0.2774011194705963,0.37706875801086426,0.18276186287403107,0.35408324003219604,0.17320692539215088,0.4243667721748352,0.44464853405952454,0.17946702241897583,0.2852632403373718,0.1605912297964096,-0.14898359384192086,0.09129083849639665,0.03970828381130574,0.08729066162250484,-0.012542575386869592,-0.0056456212924242315,1018.8230469885566,1202.8701720511049,1844.6555122871516,0.06115836034249226,92.28515625
sym_020_classic.mp3,../Data/raw/symphony_data\sym_020_classic.mp3,symphony_data,-329.76416015625,112.40247344970703,6.146203994750977,13.010831832885742,8.120111465454102,-0.9487362504005432,-1.0619738101959229,-2.259058952331543,-4.032925605773926,-0.8348829746246338,-2.2297892570495605,-3.5955164432525635,-3.6247072219848633,0.28637826442718506,0.1949877291917801,0.277865469455719,0.29980528354644775,0.17962470650672913,0.1716102659702301,0.3763534128665924,0.5311387777328491,0.32677358388900757,0.33799394965171814,0.3494960367679596,0.28820523619651794,0.010880000650022517,0.12512548428414616,0.1988848629537335,0.046811017520104345,0.04948687210673112,-0.014986267335031335,1117.9948365117498,1436.2200564858786,2098.903974881482,0.0554029151751161,234.90767045454547
sym_021_classic.mp3,../Data/raw/symphony_data\sym_021_classic.mp3,symphony_data,-174.2961883544922,142.47402954101562,-34.91907501220703,25.19376564025879,-6.187427997589111,-1.0306586027145386,-8.786336898803711,-2.56726336479187,-6.653613567352295,-0.9562243819236755,-7.4993696212768555,-2.4124011993408203,-6.521969795227051,0.569461464881897,0.26527905464172363,0.19208039343357086,0.19526566565036774,0.2908913791179657,0.5324881076812744,0.26709455251693726,0.29723966121673584,0.38133302330970764,0.3485845923423767,0.23421938717365265,0.27749526500701904,-0.03594279056610147,0.11453124604239721,-0.15305336650522955,0.0680391385966778,-0.024015851432320424,0.04473616771512426,1421.6068152645391,1602.813813961552,2760.1499764173764,0.07696854440789473,89.10290948275862
sym_022_classic.mp3,../Data/raw/symphony_data\sym_022_classic.mp3,symphony_data,-412.6353454589844,186.56143188476562,-8.497604370117188,7.9415483474731445,0.8194218277931213,-9.855104446411133,-9.725387573242188,-12.00464916229248,-17.397077560424805,-12.6676664352417,-9.421074867248535,-5.711544990539551,-1.3698534965515137,0.5573828220367432,0.24190911650657654,0.32348740100860596,0.18458732962608337,0.27626046538352966,0.2136937379837036,0.26467567682266235,0.48752644658088684,0.20237672328948975,0.18617889285087585,0.1483321636915207,0.4187066853046417,0.3121688545581593,0.2072228366488293,0.1757951177130078,0.14125069787786354,0.0272779860464633,0.001576266718427265,843.9482416158348,1090.4335854794688,1421.6664033777574,0.04739124782314241,172.265625
sym_023_classic.mp3,../Data/raw/symphony_data\sym_023_classic.mp3,symphony_data,-326.29296875,143.87953186035156,-30.544509887695312,23.147811889648438,-1.8856720924377441,-7.094725608825684,-9.650887489318848,-5.073327541351318,-8.443532943725586,-8.473907470703125,-10.048049926757812,-2.201046943664551,-2.051349639892578,0.500633716583252,0.21722716093063354,0.3209877908229828,0.37354379892349243,0.21036428213119507,0.2758385241031647,0.20398013293743134,0.3883323073387146,0.24140599370002747,0.19071029126644135,0.2485654205083847,0.2589246332645416,-0.043063592443638325,0.26353803986699,0.09247836062753852,0.10076612386104268,-0.020494265587753177,0.044926089016506576,1263.5754078505192,1493.9349527857496,2380.6272713392514,0.05757070252031734,129.19921875
sym_024_classic.mp3,../Data/raw/symphony_data\sym_024_classic.mp3,symphony_data,-414.24237060546875,183.30996704101562,-3.0377931594848633,25.73798179626465,5.559144973754883,-3.7506659030914307,-2.870713949203491,-4.364101409912109,-1.8726909160614014,-2.075449228286743,-3.459414482116699,1.2862416505813599,2.68546986579895,0.5731372833251953,0.40791192650794983,0.20561647415161133,0.2564469575881958,0.2679165005683899,0.23863866925239563,0.14983472228050232,0.27119749784469604,0.29195329546928406,0.15559571981430054,0.2267664670944214,0.38237205147743225,-0.0588685368721065,0.07677602916791397,0.02510340307080889,0.20709285306442962,0.011214380732988367,0.01739397850831907,827.7401585842258,1204.408288863157,1426.566373748307,0.04087881554760062,80.74951171875
sym_025_classic.mp3,../Data/raw/symphony_data\sym_025_classic.mp3,symphony_data,-437.2955627441406,199.7602996826172,0.2184707075357437,6.664699077606201,4.487010478973389,-7.317942142486572,-5.873140811920166,-0.9285370707511902,-4.9946608543396,-5.863278865814209,-3.129917860031128,1.8147876262664795,1.633453130722046,0.18326565623283386,0.3468114137649536,0.4514864981174469,0.2419058233499527,0.3582594096660614,0.19219498336315155,0.2913854122161865,0.2496059238910675,0.21167638897895813,0.27580520510673523,0.19160333275794983,0.35207727551460266,0.31197406945847306,-0.1807214640745458,-0.05721646156695446,-0.0767272365700826,-0.003495506199185135,-0.015860130818354908,817.8975441397394,1047.9852819796708,1350.0585030476007,0.05275629474651703,135.99917763157896
sym_026_classic.mp3,../Data/raw/symphony_data\sym_026_classic.mp3,symphony_data,-351.51885986328125,161.81503295898438,-12.563323974609375,22.6273193359375,4.129258632659912,-3.3984291553497314,-8.602885246276855,-5.912557601928711,-8.830965042114258,-4.74796199798584,-3.5432443618774414,-1.5582116842269897,-1.2203431129455566,0.143825963139534,0.1654222309589386,0.11237706243991852,0.2230873703956604,0.26751700043678284,0.22630997002124786,0.5845718383789062,0.22452610731124878,0.06921741366386414,0.05931474640965462,0.21892115473747253,0.336526095867157,-0.05337835186069404,-0.3897034243780511,0.14297947983744755,-0.22860761875111535,0.031204417705265223,0.08753093615670411,1030.6971719943099,1324.8637804725392,1866.4887135981037,0.0496542726876935,123.046875
sym_027_classic.mp3,../Data/raw/symphony_data\sym_027_classic.mp3,symphony_data,-413.0804138183594,189.38719177246094,-17.130090713500977,2.782745122909546,12.115657806396484,0.14203792810440063,-4.016127109527588,-11.644912719726562,-11.409662246704102,-5.2629899978637695,1.7431211471557617,2.2961676120758057,-0.43503516912460327,0.21340735256671906,0.17767886817455292,0.49277815222740173,0.18353720009326935,0.32344770431518555,0.15136323869228363,0.3139443099498749,0.40047380328178406,0.21194438636302948,0.2784775495529175,0.13839900493621826,0.2667667865753174,0.1916019626829576,0.11300769147450436,0.12529422539638083,-0.04041852781746625,-0.010564823807902027,-0.01696999507218068,916.5898016464425,994.1034040724792,1549.5822965545183,0.07002111854198917,184.5703125
sym_028_classic.mp3,../Data/raw/symphony_data\sym_028_classic.mp3,symphony_data,-341.35955810546875,132.3908233642578,-0.6978428959846497,14.823269844055176,7.9888224601745605,-5.857234001159668,-1.890568733215332,-1.6294935941696167,-3.1263012886047363,-2.3526487350463867,-5.821582794189453,-0.6501301527023315,-0.18603657186031342,0.33508527278900146,0.45793846249580383,0.36954209208488464,0.21466270089149475,0.342487096786499,0.21387068927288055,0.2647845149040222,0.2342648059129715,0.2985011637210846,0.45840057730674744,0.2675241231918335,0.36649009585380554,0.12752722760151722,0.0004715244614856969,-0.10977478426896996,-0.021588845475830717,0.011963127781499702,0.011483569526230345,1187.3643818619394,1467.2275947236842,2282.51953125,0.06229705338138545,103.359375
sym_029_classic.mp3,../Data/raw/symphony_data\sym_029_classic.mp3,symphony_data,-291.8075256347656,160.72169494628906,-27.457042694091797,30.44182586669922,-4.467166900634766,-4.488845348358154,-7.366655349731445,-5.035215854644775,-4.7638092041015625,-6.615344524383545,-11.232912063598633,-5.38872766494751,-2.4745266437530518,0.46506157517433167,0.19456033408641815,0.21080642938613892,0.2369384765625,0.43279916048049927,0.2600873112678528,0.25732868909835815,0.2808160185813904,0.1823408454656601,0.3573014736175537,0.2239551544189453,0.3823544383049011,0.13220933865900839,0.044566724920621185,0.0194129737278937,0.13891276389925564,0.025008627510837555,0.025983027412286523,1195.5473691479258,1431.4292396674896,2296.861111195095,0.060299710961687306,143.5546875
sym_030_classic.mp3,../Data/raw/symphony_data\sym_030_classic.mp3,symphony_data,-455.4240417480469,142.42770385742188,-18.646202087402344,-16.81348419189453,-3.3716001510620117,-8.032184600830078,-10.553585052490234,-14.964040756225586,-16.900035858154297,-11.799201965332031,-5.808635234832764,-1.6172547340393066,-6.7416605949401855,0.11835025995969772,0.04922540485858917,0.0921393558382988,0.19665169715881348,0.7912241220474243,0.2891049385070801,0.1021149605512619,0.094633549451828,0.11674882471561432,0.07203924655914307,0.056970689445734024,0.20902550220489502,0.24435510557297552,-0.041710180329928216,-0.09850658251036792,0.3979636850628436,0.02981838135605854,-0.11136749832508523,978.2087731998517,1014.5011567785167,1413.0747886634094,0.07196933049535603,67.99958881578948
sym_031_classic.mp3,../Data/raw/symphony_data\sym_031_classic.mp3,symphony_data,-196.64759826660156,144.0583953857422,-27.251323699951172,16.135528564453125,-4.928391456604004,-2.965353488922119,-7.260334014892578,-6.990409851074219,-6.700801372528076,-3.8333449363708496,-6.442539215087891,-2.342939615249634,-5.100987911224365,0.31687238812446594,0.26578962802886963,0.3873611390590668,0.21206717193126678,0.3285224735736847,0.41913357377052307,0.34382399916648865,0.5592940449714661,0.3051900863647461,0.36708328127861023,0.25076067447662354,0.328946053981781,0.0006501854922547305,0.07391136106874427,0.017373311422381577,0.027765275032876346,0.005845347515269883,-0.0315479603965461,1342.0412218025667,1543.622598361335,2562.376172328512,0.06879134517705109,129.19921875
sym_032_classic.mp3,../Data/raw/symphony_data\sym_032_classic.mp3,symphony_data,-305.71099853515625,167.25729370117188,-10.502549171447754,8.273443222045898,2.1171414852142334,-3.7022383213043213,-8.703059196472168,-7.335485458374023,-5.364100456237793,-4.273767948150635,-5.5433030128479,-4.3050456047058105,-3.927076816558838,0.386164128780365,0.29691994190216064,0.2222776859998703,0.30620843172073364,0.6113501787185669,0.32696253061294556,0.2638135850429535,0.26339229941368103,0.22082538902759552,0.2954889237880707,0.2734835743904114,0.45072099566459656,0.21793891967964063,-0.10237773298107848,0.0026367498082737906,0.1475737636451877,0.04171781386044162,-0.02339102137918892,865.1227396161507,1053.4055927667991,1462.157825198336,0.051737026533475235,112.34714673913044
sym_033_classic.mp3,../Data/raw/symphony_data\sym_033_classic.mp3,symphony_data,-272.31396484375,138.79428100585938,-4.580471038818359,11.862868309020996,0.20748268067836761,-5.313533782958984,-7.285641670227051,-7.046738147735596,-5.6907429695129395,-4.832195281982422,-7.0590081214904785,-5.04360294342041,-4.167590141296387,0.403769850730896,0.23971647024154663,0.21486857533454895,0.35107749700546265,0.6621349453926086,0.39592719078063965,0.32730334997177124,0.362946480512619,0.29140523076057434,0.3106194734573364,0.27343013882637024,0.5252088904380798,0.13285225291110433,0.005310064677760884,-0.007291206989913895,0.21383265460514814,0.013106518762095835,-0.037453675446068646,1063.2117066367812,1378.6131801431054,2025.987749129257,0.05061874153444272,75.99954044117646
sym_034_classic.mp3,../Data/raw/symphony_data\sym_034_classic.mp3,symphony_data,-287.0777893066406,133.06985473632812,-11.457780838012695,23.612333297729492,3.299129009246826,2.681572675704956,-1.6706219911575317,-1.5277596712112427,-2.999250650405884,-0.10138357430696487,-5.548418045043945,-1.6048816442489624,-2.9339444637298584,0.26385536789894104,0.2113533616065979,0.30742037296295166,0.25694364309310913,0.43967095017433167,0.36463528871536255,0.19992795586585999,0.21387068927288055,0.34473931789398193,0.7249932885169983,0.3482396602630615,0.21749603748321533,0.13248547024474694,0.08713079312750986,-0.22106614357383852,-0.030931992915130786,0.012008479285641149,0.05519946668878769,1283.453285541819,1584.8566489409618,2562.82616960744,0.06352871637964397,151.99908088235293
sym_035_classic.mp3,../Data/raw/symphony_data\sym_035_classic.mp3,symphony_data,-427.4962158203125,184.22128295898438,-24.374866485595703,26.170019149780273,6.354159832000732,-6.013816833496094,-9.4083890914917,-14.968417167663574,-7.027771472930908,0.26395460963249207,-2.9645814895629883,-2.965259552001953,-4.963475227355957,0.22337527573108673,0.39409616589546204,0.14642378687858582,0.23110219836235046,0.3236459195613861,0.20429910719394684,0.38515421748161316,0.2151442915201187,0.3702809512615204,0.16533367335796356,0.14747245609760284,0.3121773600578308,0.1110634216634157,-0.24507607560688188,0.001812405590343956,0.1788723852055438,0.041048282933078,-0.031268337022233125,979.6464950085532,1153.8318187671155,1722.206252721072,0.06618516290150929,143.5546875
sym_036_classic.mp3,../Data/raw/symphony_data\sym_036_classic.mp3,symphony_data,-418.35968017578125,147.4033966064453,-23.69098472595215,36.837249755859375,1.99143385887146,2.8213751316070557,1.3720505237579346,-2.406696081161499,-4.449836254119873,-5.142892360687256,-4.8204755783081055,4.261451244354248,3.621732473373413,0.22306419909000397,0.13949836790561676,0.4360334575176239,0.6313793063163757,0.2490176260471344,0.1802554428577423,0.14060382544994354,0.3362618684768677,0.229078009724617,0.1807236224412918,0.3634365200996399,0.1587814837694168,-0.2654344203954337,0.11040952892640346,0.358323259220744,-0.0004556165073188903,0.05364105294308481,0.05940040677521687,1263.2105766124623,1530.9585881851317,2544.2346153613585,0.05885527525154799,123.046875
sym_037_classic.mp3,../Data/raw/symphony_data\sym_037_classic.mp3,symphony_data,-404.1952819824219,201.3046417236328,-1.615045428276062,-0.7020155191421509,9.897807121276855,1.3805458545684814,0.6464651823043823,-9.453801155090332,-8.87186336517334,-2.0657598972320557,-0.9773924350738525,1.9049508571624756,2.639801025390625,0.38839638233184814,0.20279525220394135,0.4978269338607788,0.2871014177799225,0.1692781001329422,0.35004886984825134,0.16694971919059753,0.12883344292640686,0.06924495100975037,0.1743488311767578,0.31204286217689514,0.17969456315040588,-0.01692635710753797,0.28997933828094097,-0.04195497485310933,-0.13647104709138147,-0.03363175764780723,0.010672815341391455,778.6127228864997,895.504109187411,1341.350222372049,0.057067682130417956,123.046875
sym_038_classic.mp3,../Data/raw/symphony_data\sym_038_classic.mp3,symphony_data,-298.1575622558594,153.3718719482422,-29.256122589111328,20.115028381347656,-8.417655944824219,-8.226613998413086,-10.759858131408691,-7.834996700286865,-7.639770984649658,-6.402811050415039,-12.268869400024414,-5.71245813369751,-6.066372394561768,0.2965864837169647,0.13249555230140686,0.20870228111743927,0.15919846296310425,0.19736027717590332,0.6051720380783081,0.2134457230567932,0.1294819712638855,0.10868863761425018,0.29134124517440796,0.6400525569915771,0.24669969081878662,-0.15742010128217385,0.33530298108432666,-0.1815223798965646,-0.13911525554048199,-0.0060770664913032965,-0.02935310903835344,1264.2452215799537,1426.5146167187074,2345.9941474276798,0.06904720152863777,107.666015625
sym_039_classic.mp3,../Data/raw/symphony_data\sym_039_classic.mp3,symphony_data,-305.8680725097656,170.94615173339844,-15.578225135803223,20.07489013671875,1.8400096893310547,-2.7116339206695557,-3.0611090660095215,-6.865882873535156,-3.996919870376587,-3.341869354248047,-6.892650604248047,-0.716427206993103,1.709272027015686,0.4623620808124542,0.34067001938819885,0.18240320682525635,0.26633453369140625,0.20650576055049896,0.32930999994277954,0.2530214190483093,0.18673627078533173,0.2392955869436264,0.3140921890735626,0.5566041469573975,0.30077776312828064,-0.11785069301517145,0.04117237180933572,-0.024612323666458616,-0.07626463747554499,0.027303899443725556,0.006315589090412834,1061.2926680111493,1305.5736269582,1937.8216155911377,0.059427456220975235,71.77734375
sym_040_classic.mp3,../Data/raw/symphony_data\sym_040_classic.mp3,symphony_data,-336.57275390625,187.28623962402344,-36.62765884399414,19.129898071289062,-1.2623000144958496,-1.7840453386306763,-4.587359428405762,-9.93472671508789,-9.129240036010742,-3.606920003890991,-5.538796424865723,-1.2337104082107544,-2.6281840801239014,0.3418816328048706,0.17447875440120697,0.3474206328392029,0.3239944875240326,0.18135596811771393,0.30838602781295776,0.15867778658866882,0.19873552024364471,0.1632198840379715,0.26420268416404724,0.41713523864746094,0.20744654536247253,-0.07548090130866827,0.15093432324651887,0.04280134837392532,-0.0648065506575785,-0.003035178309381319,0.01903498389434876,1057.456356618843,1182.8517006392308,1856.0804432021575,0.06799467576915634,172.265625
sym_041_classic.mp3,../Data/raw/symphony_data\sym_041_classic.mp3,symphony_data,-361.19964599609375,169.08460998535156,-29.473270416259766,13.421009063720703,2.1590614318847656,-6.239006042480469,-1.2031662464141846,-8.680863380432129,-4.813453197479248,-3.766940116882324,-5.391537666320801,-2.114593505859375,-1.8774229288101196,0.4302859604358673,0.33619779348373413,0.14030197262763977,0.26102080941200256,0.1538330763578415,0.3312280476093292,0.23176465928554535,0.1378113180398941,0.1394737809896469,0.19115036725997925,0.3884304165840149,0.25766706466674805,-0.15895840867293196,0.061736157673758355,-0.0774907918856696,-0.017800312238419783,0.042104978282650134,0.02666155597072129,1034.3903406220347,1200.3313445027254,1824.6889663554566,0.060939540803986066,99.38401442307692
sym_042_classic.mp3,../Data/raw/symphony_data\sym_042_classic.mp3,symphony_data,-321.0380859375,166.9772186279297,-41.9046630859375,8.476024627685547,-9.221017837524414,-8.868014335632324,-8.394243240356445,-10.263853073120117,-8.236498832702637,-5.878055095672607,-9.441082954406738,-3.874941825866699,-3.4070632457733154,0.30403226613998413,0.20820511877536774,0.29662275314331055,0.2509881556034088,0.2013818621635437,0.30774348974227905,0.2683267891407013,0.3326176404953003,0.17836375534534454,0.2911703288555145,0.4229602515697479,0.242557093501091,-0.05427088925003107,0.09532417654609103,0.05162937428525442,-0.0829512158285498,0.018856887025714843,-0.007408093274250155,1243.4096419333982,1309.2045519801466,2135.587086397059,0.0754647742114938,143.5546875
sym_043_classic.mp3,../Data/raw/symphony_data\sym_043_classic.mp3,symphony_data,-283.5989685058594,181.4550018310547,-18.336151123046875,6.460474967956543,-1.4586178064346313,-2.969635248184204,-6.403749465942383,-5.742213249206543,-6.037103176116943,-2.8663671016693115,-5.863936424255371,-1.387737512588501,-1.2609409093856812,0.2989003360271454,0.32465022802352905,0.5047829747200012,0.24262523651123047,0.20066522061824799,0.39013954997062683,0.2606682777404785,0.2955911159515381,0.2199680358171463,0.340750128030777,0.44052374362945557,0.27648723125457764,-0.010174575885919626,0.173529889310232,-0.058851829878827394,-0.12598588746062686,-0.003726280091819611,-0.023037428307367158,1054.8588458857053,1206.862201751964,1849.5638159406444,0.061955407677051086,112.34714673913044
sym_044_classic.mp3,../Data/raw/symphony_data\sym_044_classic.mp3,symphony_data,-348.2699279785156,174.297607421875,-30.69854736328125,26.537796020507812,-5.796841621398926,-5.095828533172607,-7.406106472015381,-8.747147560119629,-6.184606075286865,-4.826901912689209,-6.651208400726318,-1.410170555114746,-1.8899753093719482,0.2580055594444275,0.1299222856760025,0.2948898673057556,0.16335949301719666,0.16024458408355713,0.3786405920982361,0.1482481062412262,0.19404128193855286,0.09363700449466705,0.2725571095943451,0.5870421528816223,0.226728156208992,-0.08533423743931008,0.3152666805047491,-0.07108852970604887,-0.1901334243117985,0.017011311930376083,-0.03218416027093468,1094.8406567997552,1262.4787603787427,1932.1966496045375,0.0640952284491099,99.38401442307692
sym_045_classic.mp3,../Data/raw/symphony_data\sym_045_classic.mp3,symphony_data,-397.2400207519531,171.2833709716797,-17.43762969970703,10.861948013305664,-12.002667427062988,-4.6018476486206055,-11.524888038635254,-9.327271461486816,-9.565531730651855,-7.0933146476745605,-8.31355094909668,-2.861783027648926,-3.356498956680298,0.31276562809944153,0.25956544280052185,0.14676639437675476,0.21328021585941315,0.2789636552333832,0.5252094268798828,0.28396156430244446,0.12367124855518341,0.1403457373380661,0.22382156550884247,0.3454629182815552,0.20397961139678955,-0.15732576973449278,0.13201901280108844,-0.18048635067132768,-0.021109915610122855,0.009145791168130243,0.013952486918284613,1028.2206614853667,1299.7846347074253,1701.8480424910506,0.05609943401702786,92.28515625
sym_046_classic.mp3,../Data/raw/symphony_data\sym_046_classic.mp3,symphony_data,-340.7895202636719,173.84518432617188,-24.943124771118164,27.66213035583496,-0.7058878540992737,-1.4679750204086304,-3.5866646766662598,-3.654705047607422,-3.578230381011963,-3.921873092651367,-6.1251912117004395,0.5088836550712585,-2.9343206882476807,0.3650009334087372,0.1676005721092224,0.29484349489212036,0.31327393651008606,0.27417442202568054,0.5023893117904663,0.1887492686510086,0.19088315963745117,0.11671118438243866,0.26801395416259766,0.47760874032974243,0.26555368304252625,-0.15525379570794642,0.3437428758801165,-0.03008361465849804,-0.07846758672253927,-0.003463636249823727,0.018338601467496697,1059.9396463188675,1316.1044621439542,1945.988232875387,0.05718370561629257,143.5546875
sym_047_classic.mp3,../Data/raw/symphony_data\sym_047_classic.mp3,symphony_data,-367.8875427246094,156.0094757080078,-18.944517135620117,28.509218215942383,0.15047717094421387,-2.7335050106048584,-1.539579153060913,-4.1043901443481445,-2.744539976119995,-3.348099946975708,-5.252713680267334,-1.227984070777893,-1.674355387687683,0.240444615483284,0.25033020973205566,0.16715559363365173,0.29131585359573364,0.2584925889968872,0.17030872404575348,0.18765483796596527,0.1502464860677719,0.3157987594604492,0.37167108058929443,0.2823042571544647,0.39198988676071167,0.0570240569464476,-0.12588268599856706,0.004540841688939306,0.09209486446559612,-0.019121027246475252,0.015380056785155046,1116.2689163161024,1378.5661275765492,2075.3874504160217,0.0598768110245743,143.5546875
sym_048_classic.mp3,../Data/raw/symphony_data\sym_048_classic.mp3,symphony_data,-276.520751953125,153.54727172851562,-39.50061798095703,21.64610481262207,-3.664318323135376,0.7947639226913452,-3.7828304767608643,-5.765933513641357,-5.73455810546875,-2.0775139331817627,-5.711560249328613,0.7032684087753296,-3.1432549953460693,0.25436827540397644,0.16625985503196716,0.20850133895874023,0.2785847783088684,0.48876670002937317,0.22467516362667084,0.20822328329086304,0.14466612040996552,0.21175871789455414,0.3936862051486969,0.17158465087413788,0.30999401211738586,0.247168790070316,-0.05969240136414318,-0.06009941791968532,0.14821824816923473,0.0052098305183899294,0.0303939360072447,1371.3459581843645,1442.2959473644337,2484.8683076746324,0.0869510993130805,184.5703125
sym_049_classic.mp3,../Data/raw/symphony_data\sym_049_classic.mp3,symphony_data,-393.8276062011719,166.43190002441406,-26.377107620239258,16.511091232299805,2.234785556793213,-6.769992351531982,-6.244258880615234,-6.443725109100342,-2.006861925125122,0.7697650194168091,-4.062264919281006,-3.067721128463745,-2.896662712097168,0.35372957587242126,0.16015809774398804,0.17676067352294922,0.10770829766988754,0.2188960462808609,0.2089824676513672,0.10644315183162689,0.24981297552585602,0.21502834558486938,0.4541812539100647,0.31707724928855896,0.2528384327888489,0.12027413575256377,0.182654724630206,-0.10488249549041029,0.07265495163663889,0.004603521361526227,0.027406147654235373,1091.8815687390413,1248.5834499811226,1839.6388759553986,0.07256229743130804,143.5546875
sym_050_classic.mp3,../Data/raw/symphony_data\sym_050_classic.mp3,symphony_data,-431.6446533203125,153.02220153808594,-13.039709091186523,22.068885803222656,4.062406539916992,1.888372540473938,0.658635675907135,-3.665588855743408,-3.932964563369751,-3.4045920372009277,-2.9428293704986572,4.813499927520752,2.523732900619507,0.21357746422290802,0.32954925298690796,0.1958848237991333,0.2641112804412842,0.5702060461044312,0.1885160654783249,0.13362203538417816,0.11595484614372253,0.22875411808490753,0.25003334879875183,0.13452914357185364,0.2280009537935257,0.13133979270283822,-0.10326526761633527,-0.09733122747914809,0.14840171473957134,0.03559070517073232,-0.024000746416953038,1140.184527801902,1389.704564202877,2042.954313201432,0.066951220249613,161.4990234375
sym_051_classic.mp3,../Data/raw/symphony_data\sym_051_classic.mp3,symphony_data,-430.5107421875,183.10574340820312,-10.179142951965332,8.91843318939209,8.20088005065918,-1.7204887866973877,2.1921958923339844,0.9921962022781372,-5.041507244110107,-4.6051459312438965,-2.1061956882476807,3.645596981048584,1.5341030359268188,0.3805845081806183,0.1831032782793045,0.15283483266830444,0.2247421145439148,0.4555521309375763,0.27682146430015564,0.16316911578178406,0.12461911141872406,0.13502153754234314,0.2565712034702301,0.16313010454177856,0.27111780643463135,0.1840369457182434,0.06909059212338431,-0.0971136457159188,0.10816075765306472,0.011198578333669457,0.041847747531715905,922.7002766594752,1132.1900547557404,1436.8413116171632,0.07167341391737617,112.34714673913044
sym_052_classic.mp3,../Data/raw/symphony_data\sym_052_classic.mp3,symphony_data,-290.9884033203125,159.09921264648438,-36.14955520629883,21.264602661132812,-5.181736946105957,-1.1783032417297363,-3.2638700008392334,-5.338494777679443,-4.635655879974365,-2.1312599182128906,-4.0230207443237305,2.2515382766723633,-0.43952351808547974,0.34637296199798584,0.2284330427646637,0.4757811427116394,0.43052706122398376,0.1867475062608719,0.22688940167427063,0.2576608955860138,0.5094289183616638,0.2186921238899231,0.19999489188194275,0.26295045018196106,0.2938687801361084,0.0709280192895148,0.17717099016517768,0.15198319720683887,-0.06929529082223254,-0.01187245490300356,0.00860414822980903,1282.1160977673446,1422.5028252159912,2364.63570137142,0.07394777658184984,99.38401442307692
sym_053_classic.mp3,../Data/raw/symphony_data\sym_053_classic.mp3,symphony_data,-374.59649658203125,160.49847412109375,-20.426111221313477,21.601661682128906,1.015001654624939,3.5054564476013184,-0.35582825541496277,-3.6863343715667725,-5.411125659942627,-3.830043315887451,-7.65561580657959,-2.351256847381592,-2.594590425491333,0.38353851437568665,0.35010573267936707,0.2842395603656769,0.46042048931121826,0.19411739706993103,0.2363840639591217,0.10460085421800613,0.2706177234649658,0.3343238830566406,0.13318374752998352,0.18982042372226715,0.14992307126522064,-0.34696119643009216,0.07890161763201291,0.08169315959508565,0.11039588897310242,0.014296623679547555,0.045877740098233415,1125.4050560217258,1394.5129611518762,1909.8301181852264,0.06814811399477554,135.99917763157896
sym_054_classic.mp3,../Data/raw/symphony_data\sym_054_classic.mp3,symphony_data,-394.0651550292969,170.3981170654297,-23.380680084228516,-2.010563611984253,-8.185446739196777,-16.85991096496582,-15.797951698303223,-17.84565544128418,-10.045748710632324,-5.553332328796387,-6.979068279266357,-6.564082145690918,-4.333593368530273,0.19745786488056183,0.09430848807096481,0.05676564946770668,0.16191619634628296,0.2676658630371094,0.12138821184635162,0.308904767036438,0.12305856496095657,0.22228583693504333,0.16521413624286652,0.17258508503437042,0.6352818012237549,0.1687043168089372,-0.4469384100267204,0.20498034726282655,0.10649722478325088,-0.09072442388393458,-0.0066798772074405845,931.4337305140511,1015.8828734941774,1475.2244128531347,0.06167838743227554,123.046875
sym_055_classic.mp3,../Data/raw/symphony_data\sym_055_classic.mp3,symphony_data,-463.8353271484375,154.7967071533203,-8.378296852111816,17.34387969970703,3.925568103790283,-4.812948703765869,-5.281949043273926,-7.715577125549316,-5.153977870941162,-4.497983455657959,-4.178533554077148,-1.396530270576477,-3.032644510269165,0.25529295206069946,0.19352933764457703,0.14596645534038544,0.2626354694366455,0.39832043647766113,0.21779358386993408,0.45815610885620117,0.2464044988155365,0.18991708755493164,0.20022566616535187,0.2694318890571594,0.5953797698020935,0.10449807672524533,-0.12971324043019836,0.10156680474233665,0.08989350020077405,0.006171626306841654,0.002982877403428827,1074.608413813241,1355.9964817164646,2013.0294941527186,0.05747697670762384,123.046875
sym_056_classic.mp3,../Data/raw/symphony_data\sym_056_classic.mp3,symphony_data,-374.3193359375,183.19937133789062,3.8694939613342285,14.699028015136719,9.09765338897705,-3.6083242893218994,0.07270912081003189,-1.4088801145553589,-1.2580993175506592,-1.6858235597610474,-3.621182918548584,-0.14125396311283112,0.24027858674526215,0.36495861411094666,0.30602067708969116,0.457969069480896,0.3463168740272522,0.20448492467403412,0.297960489988327,0.36213046312332153,0.550642728805542,0.41039329767227173,0.27767038345336914,0.3083570897579193,0.33464187383651733,0.012957530735279934,0.06384803972130117,0.102852384489168,0.005756466591805621,-0.019989049371041234,-0.016216686929485243,815.9540526040234,1160.7689994194177,1448.7495729428697,0.039245416505417956,172.265625
sym_057_classic.mp3,../Data/raw/symphony_data\sym_057_classic.mp3,symphony_data,-218.10543823242188,165.49131774902344,-29.312366485595703,30.10804557800293,-5.881009101867676,0.7390230298042297,-6.492704391479492,-1.4325553178787231,-5.116430759429932,-2.387439250946045,-9.696927070617676,0.2715963125228882,-4.734472274780273,0.3497391939163208,0.3032342791557312,0.580405056476593,0.40956437587738037,0.20414815843105316,0.18965323269367218,0.2770635783672333,0.40679511427879333,0.2542176842689514,0.44804731011390686,0.4096178412437439,0.223695307970047,0.13416009049483468,0.1872569538423924,0.060594406587305215,-0.1345988048230451,0.0020891999385563827,0.014739928834663671,1193.3311912808686,1423.8582125501705,2276.019570554373,0.06292781298374613,143.5546875
sym_058_classic.mp3,../Data/raw/symphony_data\sym_058_classic.mp3,symphony_data,-450.0225830078125,179.82444763183594,-5.313343524932861,2.8461661338806152,14.553400993347168,4.177023887634277,-1.823464035987854,-6.944657802581787,-6.839258670806885,-3.7886393070220947,1.3649486303329468,2.9333832263946533,0.29713529348373413,0.3334091603755951,0.21057745814323425,0.29143860936164856,0.1723068207502365,0.42486774921417236,0.5652100443840027,0.20978212356567383,0.18210814893245697,0.14509829878807068,0.37999337911605835,0.22732262313365936,0.17144009470939636,0.11225775108330327,0.24157073118297168,-0.22210012692323783,0.05915284456451606,-0.03563130193737177,0.011523688749962376,900.345081706808,1058.0439804959674,1528.640756518479,0.06278268914473684,83.35433467741936
sym_059_classic.mp3,../Data/raw/symphony_data\sym_059_classic.mp3,symphony_data,-199.0368194580078,139.2633056640625,-21.41768455505371,20.43110466003418,0.5380849242210388,-0.3071213364601135,-0.4030771255493164,-3.0199241638183594,-4.330944538116455,-1.4766063690185547,-4.023924827575684,1.3895792961120605,0.1808597296476364,0.6774184107780457,0.3117176592350006,0.3377091884613037,0.22742117941379547,0.2950698733329773,0.4288550317287445,0.26006078720092773,0.3630000352859497,0.30715182423591614,0.3624326288700104,0.3049856126308441,0.34910276532173157,-0.025098181697851905,0.15080144075617521,-0.10406427780251332,0.14318738106476722,-0.0029062475719392592,0.04136808746730067,1384.7788337280926,1608.3761426601848,2682.1837812016256,0.07307060879450464,99.38401442307692
sym_060_classic.mp3,../Data/raw/symphony_data\sym_060_classic.mp3,symphony_data,-168.39537048339844,134.94003295898438,-44.29457092285156,23.077444076538086,-1.1002261638641357,-8.23824691772461,-9.66691780090332,1.466719388961792,-7.616167068481445,8.245713233947754,1.8765060901641846,3.457305669784546,-0.704119086265564,0.3410005271434784,0.2662649154663086,0.44687971472740173,0.5643357038497925,0.3553556203842163,0.3412717282772064,0.24452157318592072,0.3426123261451721,0.30180442333221436,0.30489274859428406,0.3961053490638733,0.27583232522010803,-0.18449612194610795,0.14524547019612488,0.14365610460990075,-0.0777499063999029,0.008866579134477835,0.02627729854970701,1606.0166803830632,1634.7675343024675,2912.0240580555824,0.09333201310952012,123.046875
sym_061_classic.mp3,../Data/raw/symphony_data\sym_061_classic.mp3,symphony_data,-349.8896484375,152.0405731201172,-51.97160339355469,12.581230163574219,-7.060524940490723,-34.983436584472656,-1.6627317667007446,-1.8030966520309448,-26.989532470703125,8.54521656036377,4.1271820068359375,1.0168081521987915,-2.6842901706695557,0.2088887095451355,0.3224108815193176,0.3113020956516266,0.40393009781837463,0.3170137107372284,0.28509610891342163,0.25611862540245056,0.3590993583202362,0.4779259264469147,0.24865731596946716,0.1486182063817978,0.12565794587135315,-0.14828539457759332,-0.06221763078816633,-0.02105816986466623,0.12157042404718191,-0.014507645291054017,-0.020403994508666107,1410.456385142008,1389.6522610799911,2636.5090573904313,0.08572926240808823,135.99917763157896
sym_062_classic.mp3,../Data/raw/symphony_data\sym_062_classic.mp3,symphony_data,-159.8352813720703,107.08705139160156,-47.62669372558594,12.922159194946289,-14.063220024108887,-3.2712111473083496,-9.50779914855957,-4.070374965667725,-12.778756141662598,1.0742785930633545,-0.4908839762210846,7.7086873054504395,-1.0919135808944702,0.20499975979328156,0.15050850808620453,0.3311980068683624,0.5088780522346497,0.348819762468338,0.2375667542219162,0.1664583384990692,0.289702445268631,0.20181965827941895,0.3525646924972534,0.26190656423568726,0.19139154255390167,0.10163627085479052,0.10865132639733036,0.033058251227589514,0.006871808832078487,0.02339869855754722,0.051948255668473574,1938.9585237856081,1833.3205815570116,3539.6202630671924,0.1154358099119582,67.99958881578948
sym_063_classic.mp3,../Data/raw/symphony_data\sym_063_classic.mp3,symphony_data,-304.9391784667969,152.591064453125,-32.20649337768555,23.226165771484375,4.038265228271484,-4.527324676513672,-8.585336685180664,7.088983535766602,-11.896471977233887,-0.30802667140960693,0.45860740542411804,4.9567790031433105,-2.878927230834961,0.33955666422843933,0.37186506390571594,0.28045058250427246,0.3968640863895416,0.3406161069869995,0.20149199664592743,0.27310433983802795,0.30668771266937256,0.47072505950927734,0.34163057804107666,0.19346249103546143,0.23166978359222412,-0.18925916055921702,-0.17297471151752689,-0.054431553066840936,0.22242419908094235,-0.01395256788352812,-0.03524116354469346,1414.3993224604963,1541.4875782274373,2576.8177516689243,0.08572775070143189,161.4990234375
sym_064_classic.mp3,../Data/raw/symphony_data\sym_064_classic.mp3,symphony_data,-145.28221130371094,135.8592071533203,-29.34207534790039,20.529125213623047,-0.1202329769730568,-1.5055526494979858,-7.7221784591674805,1.111171841621399,-4.820796489715576,7.701165199279785,-0.0018149219686165452,1.1214468479156494,-3.9461829662323,0.27995774149894714,0.38131481409072876,0.22325831651687622,0.38762640953063965,0.46861720085144043,0.24611736834049225,0.40476709604263306,0.2589580714702606,0.43924418091773987,0.3406739830970764,0.31318461894989014,0.41074422001838684,0.026633254730976164,-0.24360653901336365,0.13862328103007515,0.07149461370924537,-0.0353181610422675,-0.016054482846158645,1644.2761611372632,1784.0502116762818,3093.4729608588914,0.09495860947174922,112.34714673913044
sym_065_classic.mp3,../Data/raw/symphony_data\sym_065_classic.mp3,symphony_data,-281.1889953613281,155.47982788085938,-32.45005416870117,29.80876350402832,9.033601760864258,-17.35310173034668,-11.536650657653809,7.177017688751221,-16.155088424682617,0.3085724115371704,-1.386454701423645,0.37060829997062683,-4.2715163230896,0.2918825149536133,0.28631675243377686,0.4007348120212555,0.43770426511764526,0.3596343398094177,0.45049604773521423,0.3885612487792969,0.2788506746292114,0.2656034231185913,0.384968638420105,0.46996861696243286,0.3363267779350281,-0.07508787043873696,0.06418002805617368,-0.03794671697816001,-0.11669481752026577,-0.04080933216731118,-0.002332418291842497,1417.1900570646774,1565.4885653877525,2695.9586979065884,0.08051727578366873,117.45383522727273
sym_066_classic.mp3,../Data/raw/symphony_data\sym_066_classic.mp3,symphony_data,-157.19973754882812,143.8955535888672,-27.70435333251953,27.74135398864746,-5.437673091888428,2.839859962463379,-7.177239418029785,1.0319665670394897,-4.561562538146973,4.139373302459717,-1.8384900093078613,2.139524459838867,-4.796810150146484,0.2587522566318512,0.14769458770751953,0.14265510439872742,0.44471117854118347,0.4927249252796173,0.21588630974292755,0.2228718400001526,0.27299419045448303,0.42429736256599426,0.2778213620185852,0.18931080400943756,0.3299636244773865,0.07428409281543427,-0.20378452413481554,0.1553725459985578,0.31383444777554353,0.009777516015385066,-0.04320804827175125,1480.8921154725795,1653.0920251579653,2827.7245678030667,0.08395716428018576,123.046875
sym_067_classic.mp3,../Data/raw/symphony_data\sym_067_classic.mp3,symphony_data,-589.3068237304688,114.05429077148438,-1.2172095775604248,20.844636917114258,6.652021884918213,11.317672729492188,17.523897171020508,17.330402374267578,12.265585899353027,8.24150562286377,11.804875373840332,16.964075088500977,14.579357147216797,0.24705824255943298,0.2641400396823883,0.31121474504470825,0.629962146282196,0.274659663438797,0.24894031882286072,0.1974419504404068,0.15742293000221252,0.18912748992443085,0.2098497599363327,0.4868716895580292,0.33080706000328064,-0.22422318797266844,0.0408493589344325,0.13079636612000237,-0.12053670986532457,0.016504907581216,0.02655388348776959,1213.4551477422897,1657.050820255537,2281.477870882111,0.062288361068111454,107.666015625
sym_068_classic.mp3,../Data/raw/symphony_data\sym_068_classic.mp3,symphony_data,-216.63673400878906,133.91795349121094,-34.856388092041016,24.590831756591797,-6.798814296722412,-5.12885856628418,-13.024519920349121,-5.180582523345947,-6.539540767669678,-4.385486602783203,-15.783307075500488,-8.684859275817871,-7.023854732513428,0.19117215275764465,0.1475214809179306,0.2533487379550934,0.4387904405593872,0.24126434326171875,0.4482019245624542,0.41876906156539917,0.22630859911441803,0.35849910974502563,0.2552478313446045,0.2772162854671478,0.3846399486064911,-0.14850204261482014,-0.06398792126191179,0.06552076432493516,-0.037361852326228635,-0.10964935447780014,0.011654772228257124,1590.574911472243,1699.2291805449117,3019.4817416070046,0.08206186205979102,112.34714673913044
sym_069_classic.mp3,../Data/raw/symphony_data\sym_069_classic.mp3,symphony_data,-559.5888061523438,125.56433868408203,-9.952238082885742,16.92467498779297,-1.759869933128357,6.63867712020874,13.977412223815918,19.44374656677246,10.219316482543945,10.823251724243164,9.908883094787598,12.100037574768066,9.2040376663208,0.07215973734855652,0.08576924353837967,0.16374236345291138,0.6318682432174683,0.152441143989563,0.14487111568450928,0.09173326194286346,0.0558033362030983,0.14514493942260742,0.1222483366727829,0.4692865014076233,0.21379613876342773,-0.15762032755105776,-0.03612265172563606,0.18043235902625476,-0.01114868152246526,0.02030502230403661,0.030759700148506274,1255.6354231417768,1584.3848774954147,2126.02881086131,0.0791268835864938,117.45383522727273
sym_070_classic.mp3,../Data/raw/symphony_data\sym_070_classic.mp3,symphony_data,-321.92242431640625,156.66648864746094,-41.28801345825195,31.89080047607422,15.34073543548584,-13.837379455566406,-9.762394905090332,13.670994758605957,-10.821684837341309,-2.709524631500244,0.6253283619880676,0.7077265381813049,-11.90460205078125,0.33650335669517517,0.27271056175231934,0.35375580191612244,0.42773810029029846,0.4224683344364166,0.4809921383857727,0.34936249256134033,0.4572332501411438,0.38899701833724976,0.3135553300380707,0.30832237005233765,0.2910725176334381,-0.09905721319216433,0.08910506516280448,0.09164181397615086,0.07781056649463917,-0.022230185495994075,-0.021775354874798196,1457.5748488838092,1502.7545581841384,2746.858390123113,0.0896959806743421,123.046875
sym_071_classic.mp3,../Data/raw/symphony_data\sym_071_classic.mp3,symphony_data,-274.4944152832031,138.5147247314453,-36.859153747558594,22.549457550048828,5.536413192749023,-13.06497573852539,-13.7903413772583,12.49358081817627,-10.327372550964355,-5.983380317687988,-4.672304153442383,0.9798296093940735,-2.6669068336486816,0.31560972332954407,0.2648819088935852,0.3113287687301636,0.4066111147403717,0.2519889175891876,0.33008891344070435,0.26818007230758667,0.21818530559539795,0.24188144505023956,0.19553691148757935,0.4171599745750427,0.36227479577064514,-0.12155989496615953,0.004291954962147177,0.06907946398213567,-0.06787828815489687,-0.004640198145477968,-0.001200462423964892,1613.9068674584169,1621.305058855217,2908.407413258272,0.09813772857004643,123.046875
sym_072_classic.mp3,../Data/raw/symphony_data\sym_072_classic.mp3,symphony_data,-210.94894409179688,129.44851684570312,-46.831302642822266,13.708045959472656,-5.047443866729736,-11.68858814239502,-10.303213119506836,-9.524237632751465,-10.81143569946289,2.637120246887207,-5.0799713134765625,2.14327335357666,-1.7071517705917358,0.24150902032852173,0.25538015365600586,0.1926460564136505,0.35988524556159973,0.39876794815063477,0.2774865925312042,0.3858766257762909,0.2627451419830322,0.32162579894065857,0.24609771370887756,0.34336239099502563,0.43948984146118164,-0.07349322540770226,-0.1258476909444925,0.085239294190868,0.016052514058753957,-0.00731543146170725,0.00011333273682273739,1645.6936201168687,1648.582308003219,2987.0402711094716,0.09104555679179567,107.666015625
sym_073_classic.mp3,../Data/raw/symphony_data\sym_073_classic.mp3,symphony_data,-352.8280029296875,153.2214813232422,-25.653305053710938,12.977140426635742,-9.749892234802246,-15.278792381286621,-11.347732543945312,-11.819269180297852,-14.24988842010498,1.5456033945083618,-7.189810752868652,-4.189859867095947,-3.5784428119659424,0.31150299310684204,0.19403304159641266,0.3472886085510254,0.3633093237876892,0.24045515060424805,0.29388636350631714,0.26435405015945435,0.4305255115032196,0.31205394864082336,0.2546708881855011,0.45005887746810913,0.3189038932323456,-0.07076375236232292,0.141220905533722,0.10864250338600294,-0.08515786969329264,0.007782731049009242,-0.013508003749563893,1305.2300292881423,1544.7026716134812,2383.993917648268,0.06677888569078948,123.046875
sym_074_classic.mp3,../Data/raw/symphony_data\sym_074_classic.mp3,symphony_data,-421.86572265625,156.95729064941406,-8.529953956604004,27.757596969604492,3.529153347015381,-6.739358901977539,-3.3166654109954834,1.6257550716400146,-12.688695907592773,1.8589844703674316,-4.847962379455566,-0.5964358448982239,-1.2663904428482056,0.20677943527698517,0.2944726049900055,0.4420890808105469,0.28629523515701294,0.28741660714149475,0.34969037771224976,0.2855728566646576,0.24439801275730133,0.23045288026332855,0.480523020029068,0.40383127331733704,0.25081562995910645,0.19356468259648274,0.07201858534227008,-0.10748763840815671,-0.2575230821469748,-0.056267411601620014,0.002469391611241828,1272.6287006493158,1583.2926567039158,2431.726962346411,0.06962429554469814,112.34714673913044
sym_075_classic.mp3,../Data/raw/symphony_data\sym_075_classic.mp3,symphony_data,-288.01751708984375,145.9525146484375,-33.188079833984375,18.213415145874023,-6.885618209838867,-13.217297554016113,-9.388615608215332,-7.613950729370117,-14.445384979248047,2.5693118572235107,-8.444942474365234,0.7360745072364807,-1.7056548595428467,0.34196773171424866,0.28118476271629333,0.3744182586669922,0.46449917554855347,0.341758131980896,0.3849789798259735,0.28709903359413147,0.25831174850463867,0.23287369310855865,0.25537365674972534,0.45127150416374207,0.32093995809555054,-0.1166445472140201,0.09316108955099736,0.07717910271654072,-0.05770789544010138,-2.1833563365486547e-05,0.02451149269247547,1484.4650809597942,1658.9706717826348,2809.9663418512964,0.07905243203366873,80.74951171875
sym_076_classic.mp3,../Data/raw/symphony_data\sym_076_classic.mp3,symphony_data,-519.5535888671875,142.52513122558594,3.6078622341156006,47.984073638916016,10.745927810668945,7.387505054473877,-1.4675309658050537,-4.081108570098877,-6.604788303375244,-2.4171416759490967,-7.531862258911133,-3.38981556892395,-11.407220840454102,0.33490651845932007,0.2271517515182495,0.05803810432553291,0.09554143995046616,0.2672194242477417,0.09023715555667877,0.10913383215665817,0.11398857831954956,0.321631520986557,0.17169225215911865,0.24779513478279114,0.7920278906822205,0.0870125064111147,-0.42373295485058005,0.28237097454833976,0.2374353291057396,-0.1381356465689364,-0.1181720927539325,1105.1686180407373,1522.611511912501,2172.2701979126355,0.05110815656443499,172.265625
sym_077_classic.mp3,../Data/raw/symphony_data\sym_077_classic.mp3,symphony_data,-357.5943908691406,133.017578125,-40.07345199584961,26.080821990966797,-2.5937693119049072,-33.0715446472168,-2.61378812789917,-12.310883522033691,-21.43018913269043,8.933537483215332,3.524956703186035,0.6228238940238953,0.9337600469589233,0.20988662540912628,0.27166593074798584,0.2776924669742584,0.45923304557800293,0.39250150322914124,0.21259286999702454,0.2693740725517273,0.2722356915473938,0.18763332068920135,0.11538617312908173,0.19555683434009552,0.3293597102165222,0.010305124797498191,-0.13530318237816,0.19088721643461506,-0.009987070537302127,0.002678155951126728,-0.004487347855065394,1605.5417995192538,1623.22647945058,3109.8395285591623,0.08735094572368421,143.5546875
sym_078_classic.mp3,../Data/raw/symphony_data\sym_078_classic.mp3,symphony_data,-284.33978271484375,137.32948303222656,-38.58211135864258,15.876715660095215,-4.544770240783691,-13.666728973388672,-7.05291748046875,-15.540731430053711,-12.06633186340332,-2.3895978927612305,-11.8401517868042,-4.218116760253906,-7.907473087310791,0.23212476074695587,0.22052070498466492,0.21302270889282227,0.16075539588928223,0.2571709156036377,0.22051933407783508,0.3082864582538605,0.29585781693458557,0.27074870467185974,0.45492979884147644,0.28526049852371216,0.31561899185180664,0.17445099944988643,-0.06075373635612446,-0.06090390868124556,-0.02729644409298695,-0.018159041999302534,0.021870955022108878,1504.6987415326676,1584.0017338652233,2753.850014512384,0.08165559089589783,107.666015625
sym_079_classic.mp3,../Data/raw/symphony_data\sym_079_classic.mp3,symphony_data,-289.4139404296875,172.0035400390625,-30.4006290435791,26.238204956054688,12.123598098754883,-12.6032075881958,1.007173776626587,13.432361602783203,-12.320064544677734,-1.1903634071350098,6.536096572875977,0.4480857253074646,-8.853221893310547,0.24477773904800415,0.19063951075077057,0.38023144006729126,0.5730880498886108,0.3022860288619995,0.24690546095371246,0.23289652168750763,0.5040426850318909,0.22130705416202545,0.21285933256149292,0.4766983687877655,0.2315274178981781,-0.16283658877126928,0.25195905069382263,0.2930203935184772,-0.055453081304948484,0.057504467784729084,0.05933014919311703,1238.4647846311689,1363.6159421462678,2316.552658789667,0.07939936871130031,107.666015625
sym_080_classic.mp3,../Data/raw/symphony_data\sym_080_classic.mp3,symphony_data,-517.4447631835938,163.3591766357422,5.844078540802002,27.279054641723633,5.4472503662109375,-0.7148621082305908,0.008968152105808258,3.7785003185272217,-6.774769306182861,-0.291165828704834,-3.8706138134002686,-0.347258061170578,-5.050624370574951,0.299577534198761,0.23401576280593872,0.23056606948375702,0.36507800221443176,0.4389168322086334,0.4066693186759949,0.22208856046199799,0.3098680377006531,0.34053489565849304,0.27856937050819397,0.5110290050506592,0.38962817192077637,-0.055731896534480095,-0.005970257357043042,0.05330419018770922,0.05553980193810172,0.005538950357386086,-0.02417875198716217,1024.6765066647229,1556.8747806901838,1919.4133935698046,0.04162673241582817,112.34714673913044
sym_081_classic.mp3,../Data/raw/symphony_data\sym_081_classic.mp3,symphony_data,-449.3911437988281,156.8602752685547,19.287593841552734,28.040637969970703,9.977792739868164,10.022582054138184,3.2171385288238525,3.9284965991973877,-1.013069748878479,0.9935126900672913,-1.814894676208496,1.9691581726074219,0.12050645053386688,0.218293234705925,0.38992270827293396,0.4235714077949524,0.3699295222759247,0.4170231223106384,0.47445645928382874,0.47086894512176514,0.6692882776260376,0.6672225594520569,0.45975884795188904,0.21513091027736664,0.21973350644111633,0.11813118975838229,0.09926296214944341,0.03362331485509825,0.017327668273607467,0.034777551013946396,-0.04875955996963181,881.8092764731233,1487.6170838540986,1592.8903680098683,0.03199867272155573,161.4990234375
sym_082_classic.mp3,../Data/raw/symphony_data\sym_082_classic.mp3,symphony_data,-628.2130126953125,137.3153533935547,5.516763210296631,-5.190499782562256,-4.546943664550781,-1.3367865085601807,-1.6879576444625854,7.397978782653809,7.03779411315918,7.082656383514404,7.391424655914307,7.93812894821167,6.601518630981445,0.14975962042808533,0.2122776210308075,0.17184650897979736,0.23002409934997559,0.2990315556526184,0.2823329269886017,0.20213577151298523,0.25395286083221436,0.2087823450565338,0.12329208850860596,0.2679215669631958,0.08224451541900635,-0.18566266189439534,0.07231458176572858,-0.023674879815276908,0.004343138337668499,0.051983182020192954,-0.03947209220982572,816.6498894900516,1278.182908882857,1168.4262680195434,0.04775821461397059,143.5546875
sym_083_classic.mp3,../Data/raw/symphony_data\sym_083_classic.mp3,symphony_data,-484.04681396484375,151.8959197998047,-13.894371032714844,13.072770118713379,-2.985121488571167,7.547207355499268,-4.553389072418213,-0.30558109283447266,-5.982433795928955,1.2056920528411865,-6.706563949584961,-1.7941924333572388,-4.476857662200928,0.21032145619392395,0.2529556453227997,0.2632385492324829,0.3017623722553253,0.40400171279907227,0.27046921849250793,0.23582673072814941,0.22218915820121765,0.34532496333122253,0.4275597631931305,0.3730519413948059,0.29232057929039,-0.00010192006532442854,-0.03734787400359053,-0.05670256409094891,0.0018770387792671976,0.00696702508774079,-0.018278858502306778,1169.7645507872317,1493.5048113871335,2008.421188685178,0.0617732470249613,151.99908088235293
sym_084_classic.mp3,../Data/raw/symphony_data\sym_084_classic.mp3,symphony_data,-245.2635040283203,98.99496459960938,-29.303510665893555,20.0751895904541,-12.431674003601074,-4.46551513671875,-11.101797103881836,1.8472822904586792,-9.35138988494873,0.08298322558403015,-9.389707565307617,0.1207527220249176,-1.0533331632614136,0.44311612844467163,0.24144919216632843,0.28585249185562134,0.23565153777599335,0.49804365634918213,0.2947125732898712,0.2698267996311188,0.4879399836063385,0.3466210961341858,0.4757862389087677,0.2564077079296112,0.36169901490211487,0.2073718322992146,0.058226217492508024,0.06748487216553092,0.14531089833594457,0.025303176992846673,-0.0019936204908470264,1977.0356929826694,2012.5502738424111,3773.327183206753,0.10693132619001548,123.046875
sym_085_classic.mp3,../Data/raw/symphony_data\sym_085_classic.mp3,symphony_data,-647.61669921875,167.89749145507812,29.89799690246582,16.668453216552734,30.069835662841797,19.565258026123047,5.456097602844238,-0.335832804441452,-1.6571320295333862,-1.1309373378753662,-4.628450393676758,-6.310447692871094,-2.7274484634399414,0.3023153841495514,0.18410877883434296,0.23405465483665466,0.3871093988418579,0.31438419222831726,0.49246644973754883,0.3284302353858948,0.25674349069595337,0.23667795956134796,0.45543843507766724,0.33228442072868347,0.5503591299057007,0.0784829884107657,0.07466093548787406,0.03706214763061932,0.048046193174633677,-0.08760851000520087,0.04501746267848179,541.8097848339094,1171.9533313217864,811.7950911861456,0.021607201165828174,143.5546875
sym_086_classic.mp3,../Data/raw/symphony_data\sym_086_classic.mp3,symphony_data,-362.328125,86.76213836669922,-3.5973570346832275,13.332141876220703,0.9461911916732788,1.3618791103363037,-2.5770843029022217,-0.6216075420379639,-5.735968112945557,-0.7021781206130981,-1.6693670749664307,1.2382793426513672,-0.6765923500061035,0.3169027864933014,0.2800169885158539,0.3182067275047302,0.39638853073120117,0.3011241853237152,0.25225627422332764,0.4507787823677063,0.4542410671710968,0.2808409631252289,0.3552657663822174,0.3255733847618103,0.4535030126571655,0.09280182334013835,-0.0492068329165125,0.1533753087462269,-0.06275931147291931,0.009938325996307876,0.03797493661370349,1515.1514943052828,1757.3875826817819,2753.0750191986745,0.073355565499226,107.666015625
sym_087_classic.mp3,../Data/raw/symphony_data\sym_087_classic.mp3,symphony_data,-656.4730834960938,143.2457733154297,14.701247215270996,15.419232368469238,9.348380088806152,15.844003677368164,6.358460426330566,6.292497634887695,3.0996527671813965,5.448315620422363,-5.393913269042969,-3.8852899074554443,-2.543254852294922,0.21884849667549133,0.20049120485782623,0.2672159671783447,0.4979538917541504,0.4022972285747528,0.17526230216026306,0.3547104597091675,0.49711519479751587,0.3834792375564575,0.19259080290794373,0.22925333678722382,0.32004794478416443,0.02697286985276423,0.0017823287794953868,0.19944672091667978,0.16768476192373777,0.04130538889557362,-0.02204329848535291,764.0882482437039,1447.4900899786478,1184.542837231521,0.030621130030959752,135.99917763157896
sym_088_classic.mp3,../Data/raw/symphony_data\sym_088_classic.mp3,symphony_data,-597.9987182617188,138.23834228515625,-27.75648307800293,17.749313354492188,-6.009494781494141,-11.191338539123535,-0.5462544560432434,0.3817014992237091,1.4652279615402222,-0.672284722328186,-7.631216049194336,-2.2784440517425537,1.9176512956619263,0.256582647562027,0.15852141380310059,0.24725230038166046,0.18182030320167542,0.14174717664718628,0.12906575202941895,0.2188020795583725,0.5792096853256226,0.22385847568511963,0.2617681920528412,0.3889888525009155,0.17790091037750244,0.13317581227489858,0.3299307181714256,0.17199298603735544,-0.060605456016744434,0.10718073124847614,-0.02582102887935777,1071.84951947906,1383.9292458728437,1889.5135743699207,0.056272524429179564,161.4990234375
sym_089_classic.mp3,../Data/raw/symphony_data\sym_089_classic.mp3,symphony_data,-535.4178466796875,140.0862274169922,-25.001829147338867,29.064586639404297,-13.81767463684082,-2.6152634620666504,-3.199007034301758,-5.164723873138428,-7.2748613357543945,-8.63532829284668,-8.823630332946777,-5.131137847900391,-2.9143760204315186,0.21830296516418457,0.2521769106388092,0.2440214604139328,0.5074504017829895,0.20538653433322906,0.17283834517002106,0.25150588154792786,0.4869903028011322,0.20222581923007965,0.12799689173698425,0.3000378906726837,0.21393661201000214,-0.18291020430845398,0.10715505545157938,0.26576719853606057,-0.029618270569062882,0.08028921637646436,0.02997157466462708,1095.056044394879,1451.0788065591983,2104.3872750580495,0.0446947410748839,112.34714673913044
sym_090_classic.mp3,../Data/raw/symphony_data\sym_090_classic.mp3,symphony_data,-482.8926086425781,161.18356323242188,-29.757497787475586,13.074368476867676,-4.79220724105835,0.0648077130317688,-6.020913600921631,-6.978186130523682,-6.038615703582764,-1.2120559215545654,0.14139653742313385,5.465603351593018,3.667348861694336,0.5234604477882385,0.2090199738740921,0.3229728639125824,0.2738458216190338,0.163023442029953,0.24922402203083038,0.22617240250110626,0.42260855436325073,0.32199880480766296,0.2793428599834442,0.2720976173877716,0.3299630284309387,-0.005653327267487626,0.1448225754139158,0.05406004947198594,0.09448830158436732,-0.0004844182757732243,0.02863877374568383,1114.2478835342022,1294.0034724060506,2005.571205918634,0.06391268987035603,123.046875
sym_091_classic.mp3,../Data/raw/symphony_data\sym_091_classic.mp3,symphony_data,-646.91845703125,173.91062927246094,11.8785982131958,7.816696643829346,-0.7846637964248657,2.015202045440674,-0.811284601688385,-4.709278583526611,3.7285752296447754,1.6814881563186646,-1.3892472982406616,5.960346221923828,5.8473310470581055,0.21256013214588165,0.3296120762825012,0.571186363697052,0.3571890890598297,0.37798285484313965,0.2800465524196625,0.3145815134048462,0.3828199505805969,0.32205602526664734,0.6636282205581665,0.3547482490539551,0.23816649615764618,0.185074824263301,0.1304823868272833,-0.030122642111950166,-0.13462619114077537,0.020902907794696106,0.011401550183753913,650.7364791849529,1115.1836642553694,870.4697363885932,0.03584067518866099,103.359375
sym_092_classic.mp3,../Data/raw/symphony_data\sym_092_classic.mp3,symphony_data,-569.934326171875,91.26153564453125,20.57007598876953,-10.256086349487305,-13.60293197631836,-11.014491081237793,-7.840365886688232,-3.8330647945404053,-2.224278450012207,-2.0147058963775635,-1.7941696643829346,-1.6494534015655518,-2.5566365718841553,0.21043603122234344,0.13501496613025665,0.21658407151699066,0.24118663370609283,0.14860394597053528,0.17264845967292786,0.24473534524440765,0.6435885429382324,0.284140944480896,0.10384518653154373,0.07917596399784088,0.12459039688110352,0.0025918232478855025,0.2641738837187074,0.28467765614603374,0.1787287681084198,0.060918429555425736,-0.04354523300850924,721.2795704558946,955.2429792740639,1061.6019139717976,0.04283042884094427,287.109375
sym_093_classic.mp3,../Data/raw/symphony_data\sym_093_classic.mp3,symphony_data,-606.4182739257812,176.93450927734375,15.86740493774414,25.90021514892578,17.3967227935791,10.480595588684082,9.60140323638916,4.052037715911865,1.1221287250518799,1.3084003925323486,0.5828003287315369,2.8164069652557373,2.1316001415252686,0.2908024787902832,0.2578285038471222,0.40588515996932983,0.565433144569397,0.37630897760391235,0.3021244704723358,0.2446611076593399,0.3041873574256897,0.30239200592041016,0.3567373752593994,0.6548141837120056,0.45505619049072266,-0.18035942721880557,0.1400778350138638,0.08443429106276981,-0.16014785831938316,0.0540236400990061,-0.014232539393864773,626.1376930018016,1106.2299496806754,1031.2604307759289,0.02902325609520124,117.45383522727273
sym_094_classic.mp3,../Data/raw/symphony_data\sym_094_classic.mp3,symphony_data,-368.2200927734375,165.81845092773438,-28.73314666748047,29.683107376098633,2.232276439666748,-0.03318224474787712,-0.19385115802288055,-1.8400381803512573,-1.5251628160476685,-2.427720308303833,-5.0056281089782715,-0.7583291530609131,-2.1941678524017334,0.2765973210334778,0.2512924075126648,0.3987541198730469,0.4650692343711853,0.30025410652160645,0.2713766098022461,0.3054574728012085,0.4618365466594696,0.4131019413471222,0.4067789614200592,0.3869788944721222,0.27124619483947754,-0.03357378069939059,0.07362273458048144,0.10734138239878603,-0.007892734038459161,-0.006192546022166332,0.009128681278604483,1079.7394308062371,1340.3830639583657,2046.6876239599458,0.05390330217202012,129.19921875
sym_095_classic.mp3,../Data/raw/symphony_data\sym_095_classic.mp3,symphony_data,-241.4245147705078,156.1408233642578,-26.08672332763672,22.917308807373047,-7.830974578857422,1.2760480642318726,-8.187119483947754,-3.2974653244018555,-9.617086410522461,-1.9621323347091675,-6.685755252838135,0.3225504457950592,-3.9720683097839355,0.3854256570339203,0.25277841091156006,0.34493446350097656,0.22946858406066895,0.5131216645240784,0.3136228024959564,0.2847594916820526,0.5273669362068176,0.30245861411094666,0.36772415041923523,0.20038685202598572,0.2709628641605377,0.10611370735155255,0.1272699431266998,9.886740422841455e-05,0.11630138495343015,0.018697506613737435,-0.016685794507590872,1184.9080670671265,1402.246592509868,2188.6284323299633,0.06715681235487617,78.30255681818181
sym_096_classic.mp3,../Data/raw/symphony_data\sym_096_classic.mp3,symphony_data,-568.2855834960938,104.6082992553711,21.665529251098633,-14.417193412780762,-16.71373176574707,-12.80731201171875,-9.501798629760742,-5.2940592765808105,-3.5122992992401123,-3.505507469177246,-3.254462480545044,-2.6112570762634277,-3.2644593715667725,0.1555134654045105,0.07491378486156464,0.16151461005210876,0.16355542838573456,0.06842631846666336,0.12607939541339874,0.17968431115150452,0.6071404218673706,0.24483615159988403,0.04824353754520416,0.026629911735653877,0.07353077828884125,-0.016418779941114642,0.2539362283381312,0.2700338425327758,0.164136309024947,0.04022200875726133,-0.04207968992475223,675.8373131181136,823.7483963509042,966.7024878156443,0.04557342056888545,287.109375
sym_097_classic.mp3,../Data/raw/symphony_data\sym_097_classic.mp3,symphony_data,-637.8911743164062,142.95530700683594,6.340176105499268,25.8883056640625,7.3069868087768555,1.4832816123962402,4.117337703704834,0.2807130515575409,-0.3813267648220062,-3.0297436714172363,-2.5379931926727295,2.7958927154541016,1.9819477796554565,0.2993532419204712,0.415755033493042,0.48950690031051636,0.31536561250686646,0.34012746810913086,0.4355180561542511,0.35025444626808167,0.3607367277145386,0.41861090064048767,0.5236627459526062,0.4399584233760834,0.2663547396659851,0.12119173471124862,0.07960919494152566,-0.21028985012370968,-0.05176424710173764,0.018395246269675515,0.004145374975335569,802.6409684409028,1378.1231886135156,1381.5916457043343,0.02660906056501548,161.4990234375
sym_098_classic.mp3,../Data/raw/symphony_data\sym_098_classic.mp3,symphony_data,-550.7916870117188,173.94383239746094,-0.971208393573761,16.726078033447266,7.304479598999023,3.242830991744995,3.052845001220703,4.312022686004639,-0.12274491041898727,0.6965045928955078,-0.21756777167320251,1.1698318719863892,2.6068530082702637,0.2991076707839966,0.257024347782135,0.39120256900787354,0.19855833053588867,0.1489611715078354,0.27848899364471436,0.21263325214385986,0.3581506609916687,0.1939312219619751,0.23950856924057007,0.2866842448711395,0.24813967943191528,0.06300467281544316,0.23329217601717453,0.07121491816702898,-0.053671289244364095,0.014837658220300632,-0.025557531927679407,786.3487094650917,1125.4749003741435,1220.892617429373,0.05006129970491486,135.99917763157896
sym_099_classic.mp3,../Data/raw/symphony_data\sym_099_classic.mp3,symphony_data,-577.0479736328125,168.19061279296875,-7.809380054473877,7.358474254608154,-6.148433208465576,-10.868552207946777,-16.965856552124023,-14.498671531677246,-8.029606819152832,-2.0520527362823486,-0.6949407458305359,-2.044752597808838,-4.447981834411621,0.14559583365917206,0.3021854758262634,0.38113996386528015,0.17586351931095123,0.3769749701023102,0.3937441408634186,0.13122959434986115,0.09522386640310287,0.15391334891319275,0.46512141823768616,0.2732619345188141,0.15460431575775146,0.30077108401282093,0.0556546121620969,-0.3177484540881852,-0.06634881131148448,-0.003382342750038962,-0.03154086149951815,826.8252759022625,1094.2430819244234,1293.267179790296,0.05361834546729876,143.5546875
sym_100_classic.mp3,../Data/raw/symphony_data\sym_100_classic.mp3,symphony_data,-460.0665588378906,157.15037536621094,-4.550249099731445,21.041481018066406,2.2937116622924805,-1.6732808351516724,-2.421316146850586,-3.877328872680664,-3.7588613033294678,-2.124511480331421,-4.411970138549805,-2.441579818725586,-2.3358850479125977,0.24096539616584778,0.39111974835395813,0.3780938386917114,0.18509267270565033,0.22473527491092682,0.2524946630001068,0.5283306837081909,0.32152777910232544,0.2533046007156372,0.3037438988685608,0.21156516671180725,0.29942527413368225,0.12196012202508971,-0.18608473484312857,-0.008946411251076229,-0.15207902720196595,-0.010705330618493292,0.013081367173010136,914.18028167789,1295.2534454941047,1624.6068428913507,0.0429914255998452,151.99908088235293
sym_101_classic.mp3,../Data/raw/symphony_data\sym_101_classic.mp3,symphony_data,-219.46482849121094,153.9808807373047,-29.25483512878418,26.825868606567383,-7.591798305511475,1.1432050466537476,-6.673061847686768,-3.1940383911132812,-9.846827507019043,-0.5218076705932617,-6.7531633377075195,-1.4743566513061523,-7.474034786224365,0.19878819584846497,0.3301353454589844,0.4690708518028259,0.27960824966430664,0.373546838760376,0.3201453387737274,0.4675477147102356,0.3396548926830292,0.28848564624786377,0.4081738293170929,0.2618597149848938,0.29299911856651306,0.1040474116247824,0.004511410776926352,-0.015879589768383395,-0.0836458865134334,-0.003373490056882238,0.009460587704326472,1349.8451076863528,1565.9369762970266,2602.367597172504,0.07304944490131579,112.34714673913044
sym_102_classic.mp3,../Data/raw/symphony_data\sym_102_classic.mp3,symphony_data,-513.186767578125,172.4112091064453,12.423778533935547,30.271116256713867,13.253565788269043,1.3768113851547241,3.692059278488159,0.6639410257339478,-0.24092674255371094,-0.7152787446975708,-0.42726847529411316,0.8265910148620605,0.6430029273033142,0.3046742379665375,0.23831212520599365,0.13226616382598877,0.13274475932121277,0.29094862937927246,0.4234914779663086,0.19463294744491577,0.19832882285118103,0.27068185806274414,0.449903279542923,0.6488102674484253,0.3341597616672516,-0.20070270342856034,0.16086275409161474,-0.11255251497895993,-0.2664455855741013,0.08599724987468721,-0.06930192795491286,673.754249614213,1087.9996900224046,1105.0349846712945,0.031398525178986066,95.703125
sym_103_classic.mp3,../Data/raw/symphony_data\sym_103_classic.mp3,symphony_data,-420.7386779785156,195.1319122314453,-20.31157875061035,4.09243631362915,6.289648056030273,-3.061856508255005,-5.8395466804504395,-1.2595431804656982,-3.58150053024292,-0.9034425616264343,1.4286682605743408,4.2905473709106445,-0.4664846956729889,0.34753212332725525,0.1665697544813156,0.28658953309059143,0.36929020285606384,0.32087740302085876,0.6000431180000305,0.2857227921485901,0.25589802861213684,0.3502475619316101,0.31602755188941956,0.18576914072036743,0.2611624002456665,-0.09338220834550297,0.09182162750033353,0.010338650483114198,0.14381748685110846,-0.12167391471018775,-0.02106824408399036,856.7836795616632,1023.1922613065856,1427.5830342673664,0.05646148776122291,151.99908088235293
sym_104_classic.mp3,../Data/raw/symphony_data\sym_104_classic.mp3,symphony_data,-327.3986511230469,116.65868377685547,-28.945079803466797,0.2649534344673157,-17.79657554626465,-13.831777572631836,-17.940732955932617,-14.02910327911377,-14.357227325439453,-8.716568946838379,-9.086956024169922,-3.4209280014038086,-7.053346633911133,0.21197012066841125,0.16233499348163605,0.19499100744724274,0.26533710956573486,0.23154772818088531,0.26855459809303284,0.14579743146896362,0.3079565465450287,0.6325394511222839,0.19408755004405975,0.1123480573296547,0.15031646192073822,-0.224810549569653,-0.024900482396395227,0.033200966126783006,0.3450815059129659,-0.11526544517327601,-0.06989451902086402,1298.8528194615158,1451.5749235238584,2309.877699152235,0.06311450875580496,129.19921875
sym_105_classic.mp3,../Data/raw/symphony_data\sym_105_classic.mp3,symphony_data,-613.7125854492188,125.55313110351562,-51.47748947143555,7.544166088104248,11.75510025024414,14.569550514221191,10.89272689819336,-10.996623039245605,-5.299979209899902,5.840644836425781,7.658417701721191,6.1521382331848145,7.032309055328369,0.2572338581085205,0.20978090167045593,0.11053019016981125,0.1620146930217743,0.29635265469551086,0.5608158707618713,0.1509265899658203,0.2307233065366745,0.1473352164030075,0.1569097936153412,0.10217186063528061,0.08060415834188461,-0.06061170407812432,0.23708242767804105,-0.2069754261273355,0.09434608727457107,0.016638710272639117,-0.029727713468476646,1178.6330791287971,1163.8133035942303,1795.855807372291,0.0991180703366873,129.19921875
sym_106_classic.mp3,../Data/raw/symphony_data\sym_106_classic.mp3,symphony_data,-559.1181030273438,182.47142028808594,18.370054244995117,39.81111145019531,13.695229530334473,6.289468288421631,6.813258647918701,4.076311111450195,3.190680742263794,-1.7148514986038208,-0.7581087946891785,3.1771240234375,4.464611530303955,0.500653862953186,0.4285905063152313,0.42887577414512634,0.43740344047546387,0.4705493450164795,0.507104218006134,0.37891337275505066,0.32989075779914856,0.3620365858078003,0.4635520875453949,0.40795794129371643,0.35633039474487305,0.0894139989709089,0.058888729728451744,-0.0766771196505926,0.004952125068921107,-0.017095755778673564,-0.01847069335044664,554.1244987175882,1080.9297619088698,799.4284992985681,0.02083849833107585,83.35433467741936
sym_107_classic.mp3,../Data/raw/symphony_data\sym_107_classic.mp3,symphony_data,-319.771484375,148.69674682617188,-14.357385635375977,21.714406967163086,-0.9880717992782593,2.076143264770508,1.0261077880859375,-1.1881918907165527,-3.7108395099639893,-1.9434610605239868,-3.5094783306121826,2.8393795490264893,2.63957142829895,0.4431682825088501,0.2459721714258194,0.26320841908454895,0.29959240555763245,0.5801465511322021,0.34438732266426086,0.23350749909877777,0.2747288644313812,0.3121374249458313,0.4131088852882385,0.2688100039958954,0.46792376041412354,0.1406932449260963,0.018642579920263146,0.01103620659689693,0.18692656173068004,-0.0020850491420804857,0.005933105852418858,1289.6657371979377,1498.1373660269116,2451.068512057372,0.0714451462122678,103.359375
sym_108_classic.mp3,../Data/raw/symphony_data\sym_108_classic.mp3,symphony_data,-600.211181640625,185.62892150878906,5.371013164520264,3.4550013542175293,-1.7843925952911377,-3.3952205181121826,-4.483947277069092,-12.69597053527832,-11.346235275268555,-7.610472679138184,-8.167741775512695,-1.196943759918213,-3.5492007732391357,0.21217206120491028,0.4928276538848877,0.3178631663322449,0.16789361834526062,0.22758689522743225,0.20723745226860046,0.39263826608657837,0.19763416051864624,0.34533417224884033,0.4123934805393219,0.2276211380958557,0.353264719247818,0.10697553771458794,-0.18316398207812506,-0.06974878259350613,-0.10200036191089583,-0.004614174778504505,0.008202339816282033,685.7241218050676,1067.0590511118849,1020.8771602288119,0.03923634626547988,135.99917763157896
sym_109_classic.mp3,../Data/raw/symphony_data\sym_109_classic.mp3,symphony_data,-432.28668212890625,60.79369354248047,-56.41272735595703,9.375137329101562,-20.586471557617188,1.3249173164367676,-6.745965480804443,-2.3106625080108643,-14.932209014892578,0.1795034557580948,-3.689476490020752,-1.4808982610702515,1.5590234994888306,0.17504726350307465,0.07632041722536087,0.107194684445858,0.3348905146121979,0.575644850730896,0.1473771631717682,0.23132413625717163,0.2569750249385834,0.3321338891983032,0.09128102660179138,0.09049984812736511,0.39589259028434753,0.10534745977531325,-0.1183930988147771,0.11473780825430284,0.34927940589463013,-0.024541223092140966,-0.041723014041808525,1791.6966828890675,1613.8126759612283,3121.8227894313563,0.1078107615373452,99.38401442307692
sym_110_classic.mp3,../Data/raw/symphony_data\sym_110_classic.mp3,symphony_data,-160.18539428710938,115.60064697265625,-15.447147369384766,26.820636749267578,-3.0800514221191406,9.428265571594238,-0.566129207611084,3.2573091983795166,-5.224743843078613,3.4534342288970947,-1.0862106084823608,3.9592885971069336,-1.8790638446807861,0.25517043471336365,0.4485715925693512,0.5576130747795105,0.3484650254249573,0.5412543416023254,0.3735789358615875,0.4213748276233673,0.3731044828891754,0.41497012972831726,0.6647131443023682,0.3689926266670227,0.3241406977176666,0.12190768678799337,-0.0053902910653281354,-0.15780229998084622,-0.09596549193828945,0.006286903789803798,-0.028140711670159538,1756.3626956077528,2045.6266227112974,3633.0446981424147,0.08403993021962074,92.28515625
sym_111_classic.mp3,../Data/raw/symphony_data\sym_111_classic.mp3,symphony_data,-444.6124267578125,159.81141662597656,-7.288220405578613,2.5387535095214844,-1.4070844650268555,-7.863131046295166,-6.38138484954834,-10.786972999572754,-6.65966796875,-6.51704216003418,-8.125524520874023,-0.6917261481285095,-0.8145122528076172,0.40320995450019836,0.3174712359905243,0.21029525995254517,0.2104521244764328,0.4079078137874603,0.2123912125825882,0.32154178619384766,0.45207616686820984,0.2366509735584259,0.3052535951137543,0.19607526063919067,0.3674145042896271,0.163320538859532,0.06244501088170938,0.042001844222308335,0.15925828936374986,0.06839504081938713,-0.005965010705394944,837.5338933562512,1115.6661132823438,1363.0667577217976,0.04392112519349845,66.25600961538461
sym_112_classic.mp3,../Data/raw/symphony_data\sym_112_classic.mp3,symphony_data,-457.4599609375,167.54859924316406,-32.5540771484375,12.94688606262207,-4.769851207733154,-2.6248650550842285,-5.491167068481445,-7.315540790557861,-7.158497333526611,-2.844148635864258,-5.965512752532959,-2.834156036376953,-3.217712163925171,0.18689559400081635,0.34811916947364807,0.3366430997848511,0.1644246131181717,0.24981464445590973,0.2545495629310608,0.48349499702453613,0.3525192141532898,0.2893250286579132,0.2702637016773224,0.25815585255622864,0.4112882912158966,0.10035326154549953,-0.18137660702023956,0.018905732907922655,-0.15102274271287605,-0.005664766687141215,-0.0010353899264423985,1148.8794510071616,1332.4916045541147,1979.121365857198,0.06924636888061146,112.34714673913044
sym_113_classic.mp3,../Data/raw/symphony_data\sym_113_classic.mp3,symphony_data,-479.72998046875,171.2812042236328,-33.98857498168945,30.427940368652344,-1.0104594230651855,1.422386884689331,-4.215561866760254,-7.844151973724365,-2.637491226196289,-2.440023899078369,-6.05736780166626,-3.137892961502075,-1.6113113164901733,0.22007645666599274,0.18452204763889313,0.40232107043266296,0.2036285400390625,0.35987356305122375,0.16963990032672882,0.3287275731563568,0.4084518551826477,0.2666691541671753,0.4770997166633606,0.17633263766765594,0.20574235916137695,0.352716048555495,0.08557704355565712,0.08592134037331875,-0.024144192522676043,0.037837350408166714,0.016090339567303606,1071.3904837480231,1215.7181266272896,1879.3053027646092,0.07386916783571981,135.99917763157896
sym_114_classic.mp3,../Data/raw/symphony_data\sym_114_classic.mp3,symphony_data,-302.1076965332031,129.10720825195312,-36.57392120361328,21.425464630126953,-13.370770454406738,-8.851147651672363,-13.796512603759766,-9.474496841430664,-7.810478210449219,-6.418268203735352,-7.924384593963623,-6.408559799194336,-6.829814434051514,0.20234011113643646,0.36704668402671814,0.26758459210395813,0.1467885971069336,0.24362090229988098,0.3219282329082489,0.48780348896980286,0.3443499505519867,0.2835845351219177,0.19199666380882263,0.23448799550533295,0.3416087031364441,0.04578282784034293,-0.12437783101196973,0.004928805137661248,-0.10058954574550509,0.013714421796709725,-0.04289398474311355,1597.6983310344772,1668.4545343204231,3115.347828584559,0.08050933932372291,151.99908088235293
sym_115_classic.mp3,../Data/raw/symphony_data\sym_115_classic.mp3,symphony_data,-607.0612182617188,160.46551513671875,9.630921363830566,17.56839942932129,20.594457626342773,8.773268699645996,6.904410362243652,3.942107677459717,3.0364675521850586,5.333822250366211,1.6768333911895752,1.7224977016448975,1.6127409934997559,0.33038073778152466,0.28786104917526245,0.46886950731277466,0.3240905702114105,0.42989790439605713,0.30886608362197876,0.3593692481517792,0.4798338711261749,0.3849720060825348,0.3147414028644562,0.26748818159103394,0.46655723452568054,0.33167476196761525,-0.024748427307227712,0.13221858297608036,0.1268988601278063,0.0416171514352535,-0.019089372862977735,660.7783287915498,1220.9717618782327,1112.776604525445,0.02751268321884675,161.4990234375
sym_116_classic.mp3,../Data/raw/symphony_data\sym_116_classic.mp3,symphony_data,-580.014892578125,164.44606018066406,14.604605674743652,23.060840606689453,23.66320037841797,1.9204589128494263,4.703317165374756,4.185542106628418,1.506131887435913,3.625429391860962,1.0476493835449219,-0.687846839427948,1.0970518589019775,0.2805674076080322,0.29953134059906006,0.34366145730018616,0.3654164969921112,0.511400580406189,0.46302133798599243,0.6628432273864746,0.4516826570034027,0.2559491693973541,0.22182689607143402,0.25424784421920776,0.38259539008140564,0.23110831473735544,-0.15798808411862472,0.1629912014481187,-0.11919962933763505,-0.006192535750449445,-0.051834283636595646,555.8235154826729,1089.0407068201353,876.1697019216815,0.02041559839396285,123.046875
sym_117_classic.mp3,../Data/raw/symphony_data\sym_117_classic.mp3,symphony_data,-451.3070373535156,149.9412078857422,-23.238985061645508,25.178054809570312,1.7328168153762817,-2.1017587184906006,-4.128074645996094,-6.222952365875244,-3.056767225265503,-2.788065195083618,-6.105848789215088,0.2568347156047821,2.297532081604004,0.23791979253292084,0.4168453514575958,0.2725391685962677,0.300157368183136,0.36746492981910706,0.25806981325149536,0.3214709162712097,0.18032389879226685,0.3346763253211975,0.3442239761352539,0.23085002601146698,0.3430520296096802,0.04254660585044008,-0.20502574624327843,-0.08510390376086839,0.06462582373442323,0.015162350327242469,-0.0027005519097470553,1084.8261266277368,1353.1462982950925,2009.6045148631,0.05905859979682663,143.5546875
sym_118_classic.mp3,../Data/raw/symphony_data\sym_118_classic.mp3,symphony_data,-376.5245666503906,148.1471710205078,-21.128421783447266,36.11083984375,-2.835214853286743,-2.83425235748291,-6.0965166091918945,-5.768405914306641,-3.99147629737854,-6.426904678344727,-8.647430419921875,-1.424780011177063,-2.6875317096710205,0.2269035130739212,0.2723384201526642,0.17870332300662994,0.31333428621292114,0.33933374285697937,0.1749362349510193,0.19921612739562988,0.20008176565170288,0.3952566683292389,0.2428159862756729,0.25945279002189636,0.46273431181907654,0.010622182834538715,-0.27325512129125507,0.09654973352442506,0.1670919035816559,-0.0034508919248481236,-0.03741758183017337,1071.8976923430882,1384.5138326948738,2080.07075543005,0.046093069732004645,73.828125
sym_119_classic.mp3,../Data/raw/symphony_data\sym_119_classic.mp3,symphony_data,-646.1900024414062,187.46697998046875,27.700918197631836,9.01018238067627,9.846420288085938,5.185494422912598,-4.955313205718994,-2.31007719039917,1.3994871377944946,2.7101035118103027,4.027702808380127,10.695635795593262,9.07265853881836,0.2503364384174347,0.4929468631744385,0.45209571719169617,0.39951765537261963,0.39360371232032776,0.34155166149139404,0.4235776662826538,0.3476107716560364,0.2208225280046463,0.20771253108978271,0.3454228937625885,0.4894607961177826,0.16593379863252,-0.1307622610526031,0.1469321460023393,0.043784939789396314,0.053768109352163106,-0.041682311205001286,633.7377829629728,1203.2262466627749,920.1861024271963,0.030108661474458204,151.99908088235293
sym_120_classic.mp3,../Data/raw/symphony_data\sym_120_classic.mp3,symphony_data,-424.10931396484375,150.0105743408203,-25.524564743041992,22.9683837890625,2.2416443824768066,-1.7284903526306152,-8.463420867919922,-0.9390491247177124,-6.2977471351623535,-1.097551941871643,-3.760640859603882,0.5834102034568787,-3.759582996368408,0.19534654915332794,0.39452019333839417,0.37697285413742065,0.24871306121349335,0.4083625078201294,0.28605127334594727,0.4733780324459076,0.26552075147628784,0.20333825051784515,0.2250867486000061,0.17800873517990112,0.26345741748809814,0.13720384273815986,-0.056142609006280826,-0.014555861528648763,-0.10927301254602811,0.001557600144668089,-0.015559085012741891,1114.1299688707484,1384.0225638156633,1970.6880835187694,0.06042329298084365,161.4990234375
sym_121_classic.mp3,../Data/raw/symphony_data\sym_121_classic.mp3,symphony_data,-433.1131896972656,148.58233642578125,-42.509857177734375,18.82436180114746,-10.5774564743042,-3.6040470600128174,-7.051819801330566,-5.534006118774414,-8.61121654510498,-5.708958625793457,-8.753689765930176,0.9863312244415283,1.1516635417938232,0.41214612126350403,0.24425724148750305,0.2980993688106537,0.2472154200077057,0.42230644822120667,0.23488210141658783,0.380909264087677,0.34697389602661133,0.21546109020709991,0.3743560016155243,0.23445646464824677,0.4808853566646576,0.20947358897510854,-0.018546396248527313,0.08944178487234755,0.05193531519629551,0.010213522023656755,0.029868922866437615,1355.0054319582948,1469.6653732908003,2478.135015056598,0.07870814084268576,172.265625
sym_122_classic.mp3,../Data/raw/symphony_data\sym_122_classic.mp3,symphony_data,-444.4744567871094,138.21644592285156,-33.95758819580078,21.657012939453125,-5.715848922729492,-12.917362213134766,-12.237862586975098,-8.264994621276855,-9.000358581542969,-9.44482421875,-10.693798065185547,1.3582302331924438,0.12504497170448303,0.16622455418109894,0.2744351327419281,0.19209367036819458,0.13815461099147797,0.21100124716758728,0.34054434299468994,0.5823660492897034,0.30353182554244995,0.3076951503753662,0.19272559881210327,0.27532464265823364,0.3410271108150482,-0.017793800763719295,-0.23807789204892532,0.002486217795472833,-0.24360594965103768,-0.03953435684665553,0.005840868367986504,1228.334411933878,1419.1202369825503,2256.8196866534445,0.061485266906927245,161.4990234375
sym_123_classic.mp3,../Data/raw/symphony_data\sym_123_classic.mp3,symphony_data,-400.18096923828125,143.67202758789062,15.790292739868164,16.32012176513672,3.603198528289795,5.891993999481201,2.0179598331451416,2.045041561126709,0.9134160280227661,3.266810178756714,-0.11220736801624298,3.597327470779419,1.4755271673202515,0.2498113363981247,0.37863627076148987,0.5816196799278259,0.3307862877845764,0.24961912631988525,0.3042224943637848,0.4905417263507843,0.7113999724388123,0.6041458249092102,0.4010632038116455,0.31247419118881226,0.3892844617366791,0.1288429961323947,0.16498198498982386,0.2450208596102372,-0.04198781036607496,0.04847213096669307,-0.09509798557455751,1205.7575480343364,1744.0650484247599,2232.628166269592,0.049625928187887,161.4990234375
sym_124_classic.mp3,../Data/raw/symphony_data\sym_124_classic.mp3,symphony_data,-509.2515563964844,137.48773193359375,-3.725163459777832,-9.535357475280762,-4.355855464935303,-7.086551189422607,-7.854666233062744,-3.9647395610809326,-0.41739407181739807,1.1467264890670776,5.297797679901123,5.491673946380615,3.6475093364715576,0.14068663120269775,0.20577219128608704,0.10775142908096313,0.17107781767845154,0.2203981876373291,0.24029862880706787,0.24860195815563202,0.19352902472019196,0.28907549381256104,0.09844572097063065,0.29024699330329895,0.14584356546401978,-0.2192868241691751,-0.08310118435069862,-0.026466991352681726,-0.009241895935060024,0.054648503231622576,-0.05383601492604574,964.1196484340444,1244.6257694066396,1334.300265002177,0.059276663482004645,143.5546875
sym_125_classic.mp3,../Data/raw/symphony_data\sym_125_classic.mp3,symphony_data,-392.99932861328125,152.31678771972656,-19.918970108032227,-2.200792074203491,-10.444744110107422,5.405317306518555,-4.815097332000732,-4.301295757293701,-9.179698944091797,-1.4457446336746216,-3.955235719680786,-2.331747531890869,-6.064273357391357,0.19790776073932648,0.22196891903877258,0.24999617040157318,0.2772860825061798,0.3769025206565857,0.2672834098339081,0.23694567382335663,0.18938907980918884,0.33831438422203064,0.40887001156806946,0.39112430810928345,0.3862134516239166,0.001085890177488287,-0.08528392053327873,-0.008215466366458474,0.006704692802703029,-0.0012188197034695605,-0.02525139729473985,1334.2968934047506,1526.9979494078407,2231.903170653541,0.08114047685274768,161.4990234375
sym_126_classic.mp3,../Data/raw/symphony_data\sym_126_classic.mp3,symphony_data,-155.9280242919922,113.84378814697266,-33.48249053955078,13.331741333007812,-13.743109703063965,-8.224153518676758,-13.530221939086914,-2.9780523777008057,-10.233083724975586,-5.263291835784912,-12.192832946777344,-1.629415512084961,-1.9982789754867554,0.5076833367347717,0.2808988690376282,0.34344467520713806,0.22106468677520752,0.37865447998046875,0.30353105068206787,0.2631751000881195,0.44389334321022034,0.3269652724266052,0.49209901690483093,0.27004826068878174,0.40541377663612366,0.196460292004477,0.09613851559702746,0.025540382985527226,0.08974565105186912,-0.004215349207364911,0.0006330768694350179,1817.8893185943093,1921.1879005357162,3451.0457986648607,0.09452663929469814,143.5546875
sym_127_classic.mp3,../Data/raw/symphony_data\sym_127_classic.mp3,symphony_data,-532.460693359375,170.84164428710938,19.056608200073242,14.328496932983398,15.931646347045898,15.391653060913086,1.2529449462890625,-1.5639960765838623,-4.632026195526123,-2.4394032955169678,-5.447531700134277,-2.5617051124572754,-3.905954360961914,0.3017059862613678,0.1300031989812851,0.14694294333457947,0.29155614972114563,0.2643893361091614,0.3848450183868408,0.3173133134841919,0.36143219470977783,0.28753045201301575,0.5051801204681396,0.32130712270736694,0.5679680109024048,0.110029504907002,0.06759088547574497,0.03488096384542057,0.0850952190304484,-0.07209128485452701,0.024290190397649306,795.7200690663916,1443.6002992377437,1286.3255550986842,0.03298846265479876,99.38401442307692
sym_128_classic.mp3,../Data/raw/symphony_data\sym_128_classic.mp3,symphony_data,-272.144775390625,123.91830444335938,-20.54463768005371,-0.2407733052968979,-8.902844429016113,-3.152914047241211,-7.858880519866943,-6.63740348815918,-9.03038501739502,-2.1865429878234863,-2.7994868755340576,-0.06334041804075241,-0.04457210376858711,0.4072292149066925,0.3332842290401459,0.29261693358421326,0.3475196659564972,0.2673220634460449,0.24774807691574097,0.42230474948883057,0.35991770029067993,0.22636070847511292,0.35154831409454346,0.325910747051239,0.44684022665023804,0.07920910260039131,-0.03060305066340169,0.09670703617449351,-0.03026488884179158,0.011306173739818473,0.02960310686482753,1443.0768704381169,1520.2105843848544,2527.7097152851684,0.08103087812016253,117.45383522727273
sym_129_classic.mp3,../Data/raw/symphony_data\sym_129_classic.mp3,symphony_data,-505.9015197753906,137.22239685058594,-8.901025772094727,2.679008722305298,1.2729288339614868,8.183411598205566,2.2447550296783447,4.702160835266113,4.93237829208374,4.0385823249816895,-8.098960876464844,-0.6484723687171936,-2.465467929840088,0.2449159175157547,0.10333900153636932,0.10175062716007233,0.37459877133369446,0.36848124861717224,0.09183242172002792,0.08333948999643326,0.23618200421333313,0.3815097510814667,0.14644841849803925,0.20557217299938202,0.4898136854171753,0.03394092908563281,-0.1250402579855371,0.2846471271546119,0.24719738098684602,-0.012910949856562414,-0.03963293247031201,1216.912336732926,1573.0245748624718,1849.23048462292,0.07240281237906347,172.265625
