file_name,path,instrument,mfcc_1,mfcc_2,mfcc_3,mfcc_4,mfcc_5,mfcc_6,mfcc_7,mfcc_8,mfcc_9,mfcc_10,mfcc_11,mfcc_12,mfcc_13,chroma_C,chroma_Csharp,chroma_D,chroma_Dsharp,chroma_E,chroma_F,chroma_Fsharp,chroma_G,chroma_Gsharp,chroma_A,chroma_Asharp,chroma_B,tonnetz_1,tonnetz_2,tonnetz_3,tonnetz_4,tonnetz_5,tonnetz_6,spectral_centroid,spectral_bandwidth,spectral_rolloff,zero_crossing_rate,tempo
vio_001_classic.mp3,../Data/raw/violin_data\vio_001_classic.mp3,violin_data,-305.353515625,135.16482543945312,54.05549621582031,25.585519790649414,11.411432266235352,-0.6432340145111084,-2.6860482692718506,-16.563461303710938,7.746048450469971,-5.42581033706665,-5.491838455200195,-5.6738200187683105,-6.096967697143555,0.3245638310909271,0.19555121660232544,0.3260132074356079,0.1941821426153183,0.29529282450675964,0.251811683177948,0.18368229269981384,0.32920876145362854,0.15020526945590973,0.1619187444448471,0.10830322653055191,0.22953999042510986,0.25973932490693546,0.2448343105833789,0.03790176058265205,0.10400190081154696,-0.016143397476590923,-0.027717718465113856,1567.939060448618,1916.289792688579,3454.437444822707,0.0623325784878096,123.046875
vio_002_classic.mp3,../Data/raw/violin_data\vio_002_classic.mp3,violin_data,-302.2376708984375,105.77598571777344,25.653852462768555,24.14971351623535,20.070287704467773,-3.6166832447052,-4.8091959953308105,-10.312540054321289,5.1248321533203125,-2.609687566757202,-20.05406379699707,-0.8769676685333252,-12.036832809448242,0.08222242444753647,0.12334857881069183,0.36362576484680176,0.1984289288520813,0.169441819190979,0.15264014899730682,0.401996374130249,0.29436129331588745,0.22505292296409607,0.39565566182136536,0.22016660869121552,0.13786421716213226,0.38019090320847704,0.0022366529220469444,0.00420095823757801,-0.27311582442019117,-0.010817031592727478,0.044238448492611764,1752.9261459528338,2266.8837012660088,3788.318759221411,0.053109278250773995,123.046875
vio_003_classic.mp3,../Data/raw/violin_data\vio_003_classic.mp3,violin_data,-261.376220703125,123.4683837890625,36.11783981323242,23.769502639770508,10.132270812988281,-1.288291573524475,0.8610464930534363,-12.599920272827148,9.176802635192871,-6.647059440612793,-2.2046735286712646,-2.2456588745117188,-1.894102692604065,0.39904698729515076,0.2635359466075897,0.39112597703933716,0.16626708209514618,0.1353517472743988,0.09786174446344376,0.25447532534599304,0.3444364666938782,0.17359881103038788,0.19221700727939606,0.19883288443088531,0.4155791103839874,0.27148670014685883,0.16853707241616,0.2138617994258722,0.04001796373703886,-0.007196166745312646,0.011841443310716692,1849.2275736229076,2351.1386353458015,4131.00002040804,0.06599204237616099,95.703125
vio_004_classic.mp3,../Data/raw/violin_data\vio_004_classic.mp3,violin_data,-277.2220764160156,111.39923858642578,42.29136276245117,25.704132080078125,22.623947143554688,1.436185598373413,-3.832209587097168,-8.806669235229492,6.613451957702637,-8.803756713867188,-17.087799072265625,-5.9288225173950195,-16.5380916595459,0.10385578125715256,0.12044018507003784,0.1966475248336792,0.2932024896144867,0.17175036668777466,0.3251381516456604,0.3068081736564636,0.1244761198759079,0.15428590774536133,0.18603825569152832,0.3651576042175293,0.22115014493465424,-0.3303926489270693,-0.04202388355787226,0.026574161151300044,-0.24243728706833764,0.01049141270736584,-0.003960268841295853,1758.4518681367497,2335.269663412666,3969.084332823384,0.05249250193498452,95.703125
vio_005_classic.mp3,../Data/raw/violin_data\vio_005_classic.mp3,violin_data,-247.33218383789062,107.26318359375,15.89863109588623,20.288799285888672,8.064924240112305,9.89338493347168,1.515058159828186,-1.230386734008789,-3.4571280479431152,3.6505165100097656,-8.86038589477539,-5.2841925621032715,-4.296762943267822,0.12393232434988022,0.251921147108078,0.37454214692115784,0.244797483086586,0.3295653462409973,0.26667430996894836,0.1638740599155426,0.18839144706726074,0.20211248099803925,0.3170718252658844,0.2517832815647125,0.14338530600070953,0.2818076519660328,0.13137211308866514,-0.14102102242498127,-0.1997575758802835,-0.03431066120332607,-0.04112473059746209,1756.1008824681262,2159.5070996214017,3557.703487053744,0.060404018720975235,112.34714673913044
vio_006_classic.mp3,../Data/raw/violin_data\vio_006_classic.mp3,violin_data,-259.5557861328125,114.66275787353516,21.579586029052734,32.01856994628906,4.306714057922363,2.0126850605010986,3.443990468978882,-7.74151611328125,6.626071929931641,-5.186941623687744,-7.98032808303833,-6.568741798400879,-1.4016484022140503,0.20384520292282104,0.3557407259941101,0.4998023509979248,0.21635735034942627,0.13929013907909393,0.1158546581864357,0.3060704171657562,0.20769937336444855,0.17078611254692078,0.2301369607448578,0.22889955341815948,0.3373921513557434,0.3524689045992418,-0.10558182729667326,0.037110314161686836,-0.22734485383667402,-0.07166060977952854,-0.01717610536880243,1825.4791032972214,2158.4859985476837,3725.1941409273413,0.06946972353908669,135.99917763157896
vio_007_classic.mp3,../Data/raw/violin_data\vio_007_classic.mp3,violin_data,-312.8921203613281,123.5323715209961,34.05185317993164,12.739423751831055,1.0693798065185547,-1.7770049571990967,-1.3153831958770752,-18.67917251586914,7.570653438568115,-14.262457847595215,-6.097471714019775,-10.182136535644531,-2.91816782951355,0.2606295049190521,0.13259357213974,0.17990125715732574,0.15338706970214844,0.3259250521659851,0.24875180423259735,0.09742222726345062,0.06655454635620117,0.21551614999771118,0.5071310997009277,0.17844489216804504,0.13733384013175964,0.3036679943823057,0.07154413298925352,-0.27905283158936256,0.11662427001256453,-0.02018544456406787,0.0875848882812531,1902.9590134342538,2118.452035154508,4179.266395214541,0.08098250350715944,198.76802884615384
vio_008_classic.mp3,../Data/raw/violin_data\vio_008_classic.mp3,violin_data,-295.8125,99.07008361816406,35.184139251708984,18.189546585083008,4.929841041564941,-2.1670336723327637,-14.5774564743042,-17.588973999023438,13.803384780883789,-14.254510879516602,-2.5803773403167725,-7.02680778503418,-1.5987257957458496,0.36183062195777893,0.17273646593093872,0.3235108256340027,0.2607213258743286,0.13546477258205414,0.16676919162273407,0.1714199185371399,0.35096219182014465,0.184962198138237,0.10118786990642548,0.09993898868560791,0.20506402850151062,0.05601136037262852,0.30395028468583096,0.23260735547304837,0.1011641771465376,-0.015259789813141458,-0.018006436464985936,2002.0998990934338,2390.6357907554057,4432.798195475764,0.06850563261900154,135.99917763157896
vio_009_classic.mp3,../Data/raw/violin_data\vio_009_classic.mp3,violin_data,-299.9579162597656,150.7666473388672,34.07696533203125,10.152381896972656,-1.398943305015564,-3.7935266494750977,-3.101452350616455,-25.46501350402832,6.642560958862305,-9.9480619430542,-8.383272171020508,-11.142510414123535,-10.877931594848633,0.08102008700370789,0.2728728652000427,0.46292588114738464,0.2223830372095108,0.34648582339286804,0.4470359981060028,0.13583528995513916,0.10916508734226227,0.13221468031406403,0.3380042016506195,0.2859595715999603,0.10298199206590652,0.2493882542455299,0.20429340674376098,-0.26050225312673075,-0.25698764776038274,-0.060546981860386796,-0.09269913878066943,1476.249621258519,1759.477762180769,2958.7487755176085,0.05983826250483746,151.99908088235293
vio_010_classic.mp3,../Data/raw/violin_data\vio_010_classic.mp3,violin_data,-313.7298278808594,115.25043487548828,12.535947799682617,23.943767547607422,1.7766568660736084,-2.108515501022339,1.4950599670410156,-16.19477653503418,4.166627407073975,-7.728516578674316,-11.638236045837402,-8.162308692932129,-11.275465965270996,0.24769677221775055,0.18760599195957184,0.3012878894805908,0.164270281791687,0.24889951944351196,0.12350455671548843,0.2675950229167938,0.3063333332538605,0.14342962205410004,0.21073494851589203,0.15927690267562866,0.3211342692375183,0.33699537614500846,0.05898477996526869,0.17657143896879574,0.002503235684203048,-0.0032556169171978904,0.004402986026369783,1831.6158098803955,2159.5635242909375,3686.394375544214,0.07492622871517028,161.4990234375
vio_011_classic.mp3,../Data/raw/violin_data\vio_011_classic.mp3,violin_data,-291.2627258300781,111.93933868408203,24.94164276123047,22.59536361694336,6.602230548858643,-2.2241604328155518,-7.4370903968811035,-19.37177085876465,1.629299283027649,-7.477492809295654,-4.302095890045166,3.5029938220977783,-1.7692677974700928,0.3539688289165497,0.15303783118724823,0.17867712676525116,0.15502460300922394,0.4224081039428711,0.21471424400806427,0.12894994020462036,0.23350933194160461,0.15913866460323334,0.2152305543422699,0.1269715130329132,0.24709784984588623,0.34465498970592445,0.22300760680496573,-0.023207917608372812,0.18720703582901468,0.024554553263852606,0.0474701473191968,1891.4663858730648,2132.7551399637864,4056.2171392765576,0.07364921451722137,143.5546875
vio_012_classic.mp3,../Data/raw/violin_data\vio_012_classic.mp3,violin_data,-270.6944885253906,115.54764556884766,9.659611701965332,35.82271194458008,3.5545873641967773,4.435338497161865,5.100612163543701,-11.82725715637207,6.008230686187744,-6.69862174987793,-11.466360092163086,-6.82547664642334,-9.469152450561523,0.4340898394584656,0.24272511899471283,0.29247623682022095,0.19110886752605438,0.31033122539520264,0.245569109916687,0.18537548184394836,0.3865039348602295,0.23351021111011505,0.23763920366764069,0.1971130669116974,0.2948884069919586,0.2674928598445499,0.18292907372661582,0.07859646773611656,0.15782076062547365,-0.0116037615528871,0.0027856841827465593,1780.9791282559975,2112.2414121155716,3604.9782011900156,0.0707837745501161,172.265625
vio_013_classic.mp3,../Data/raw/violin_data\vio_013_classic.mp3,violin_data,-324.8720703125,115.7184829711914,29.710277557373047,20.822383880615234,14.453660011291504,2.5808329582214355,3.271233320236206,-11.360532760620117,11.29068374633789,-9.240692138671875,-10.7238130569458,-8.407106399536133,-11.054824829101562,0.39407879114151,0.1991865336894989,0.20785781741142273,0.2127131223678589,0.40387392044067383,0.34693560004234314,0.1893894374370575,0.24046818912029266,0.17557895183563232,0.1945924013853073,0.16035711765289307,0.26583707332611084,0.24658756255620806,0.22777616187580063,-0.05054980356876265,0.2639676054167249,0.0161701272337942,0.012977180814629332,1831.0291209494596,2211.0266061676566,4070.000389264464,0.06464246625870743,117.45383522727273
vio_014_classic.mp3,../Data/raw/violin_data\vio_014_classic.mp3,violin_data,-322.331787109375,97.07621765136719,33.448917388916016,15.312994003295898,14.826298713684082,7.8446784019470215,-0.7042675018310547,-5.734144687652588,3.856283664703369,-4.106361389160156,-11.972969055175781,-9.877614974975586,-9.092877388000488,0.34542107582092285,0.2300243079662323,0.2043648362159729,0.18954525887966156,0.2983808219432831,0.1759098917245865,0.30444425344467163,0.5503534078598022,0.2185552567243576,0.17009173333644867,0.1882479339838028,0.3606127202510834,0.31000000100269265,0.14674836386325144,0.1905340120472423,0.20419419496341812,0.07132550669498576,0.0023140891000265965,1728.122209992686,2048.8657877834025,3514.328749334849,0.06371579007836688,234.90767045454547
vio_015_classic.mp3,../Data/raw/violin_data\vio_015_classic.mp3,violin_data,-304.5411682128906,123.51844024658203,41.10921859741211,-0.23167018592357635,14.837417602539062,3.433849334716797,14.227941513061523,-27.66126823425293,9.139915466308594,-7.227265357971191,-20.066869735717773,-3.4050216674804688,-7.6353349685668945,0.3365388810634613,0.21590273082256317,0.3555440902709961,0.2987307012081146,0.12513920664787292,0.19320110976696014,0.17722351849079132,0.3751585781574249,0.23460528254508972,0.1123766377568245,0.17911264300346375,0.22375479340553284,0.006239499099675778,0.36444213267581443,0.2187984657052893,0.059492557757568655,-0.007758904567498011,0.0005517188913223317,2017.1903148737752,2773.8826387320255,5009.761373325029,0.06504193474264706,95.703125
vio_016_classic.mp3,../Data/raw/violin_data\vio_016_classic.mp3,violin_data,-275.65447998046875,109.53435516357422,29.87015724182129,31.476314544677734,18.597082138061523,-1.7327423095703125,2.625539779663086,-8.616301536560059,5.7593560218811035,-3.5147829055786133,-9.528838157653809,1.8421928882598877,-11.57433032989502,0.5186448097229004,0.2501487731933594,0.28574275970458984,0.3920440673828125,0.17721575498580933,0.1799231469631195,0.2172185182571411,0.3625827133655548,0.25607752799987793,0.20818650722503662,0.23147056996822357,0.345269113779068,-0.1291664823109777,0.2787178351251016,0.21705323177726432,0.17452677445026293,-0.01385710273701614,0.06858306644426194,1916.420531430198,2283.1239028719833,4343.823733492163,0.06481555667085913,135.99917763157896
vio_017_classic.mp3,../Data/raw/violin_data\vio_017_classic.mp3,violin_data,-315.5812072753906,129.4431610107422,32.598941802978516,13.7132568359375,3.1084587574005127,-5.512340068817139,-1.0108745098114014,-25.673229217529297,0.7981294989585876,-4.835896968841553,-16.52095603942871,-5.750058174133301,-9.514669418334961,0.24464605748653412,0.11287900805473328,0.1609347015619278,0.26633039116859436,0.2834756672382355,0.16267313063144684,0.3245382308959961,0.24717450141906738,0.09925872087478638,0.1650470495223999,0.20998495817184448,0.45033642649650574,0.25823820639478,-0.1693151964774874,0.25702525459640096,0.04337599745125491,-0.004729815009731558,0.021874833893320685,1688.7562780095698,2197.3725433284285,3684.9110511803406,0.06043387492743808,103.359375
vio_018_classic.mp3,../Data/raw/violin_data\vio_018_classic.mp3,violin_data,-330.8895568847656,137.5029296875,36.794551849365234,29.055957794189453,17.08255958557129,0.1139337420463562,1.8818559646606445,-12.808144569396973,4.59009313583374,-13.241743087768555,-13.310368537902832,-13.608901977539062,-5.46919584274292,0.36650240421295166,0.13251081109046936,0.09390219300985336,0.1744728982448578,0.37537068128585815,0.2558535039424896,0.1479576975107193,0.23795390129089355,0.23696693778038025,0.2729613482952118,0.18101823329925537,0.35737165808677673,0.2518093897611437,0.10556065347972238,-0.0092728294071026,0.3325647556162784,0.014456799494144953,0.0036844266841661,1402.2015993008079,1965.9333704286457,3035.0399808617935,0.04646986261609907,143.5546875
vio_019_classic.mp3,../Data/raw/violin_data\vio_019_classic.mp3,violin_data,-284.6017761230469,143.23231506347656,14.243517875671387,24.013458251953125,9.425631523132324,3.0667524337768555,-8.093512535095215,-11.785175323486328,-4.623437881469727,-6.386792182922363,-6.707422733306885,-2.640427827835083,-13.544707298278809,0.1983482837677002,0.24168755114078522,0.10277587175369263,0.1923755258321762,0.4978521466255188,0.16296660900115967,0.058329567313194275,0.11052656918764114,0.3286593556404114,0.2889463007450104,0.19910092651844025,0.412793904542923,0.18783584026725553,-0.3454753136873215,-0.034361528091410194,0.3086510792190076,0.01708992143537058,-0.07573048194586343,1317.6970944610794,1670.2797063952305,2620.3674883296244,0.051134233504256964,89.10290948275862
vio_020_classic.mp3,../Data/raw/violin_data\vio_020_classic.mp3,violin_data,-258.8870849609375,101.32039642333984,38.153289794921875,12.08674430847168,17.610523223876953,-3.7289669513702393,3.1629714965820312,-9.604564666748047,6.575436592102051,-4.727837562561035,-10.621004104614258,-2.7144105434417725,-9.894070625305176,0.33034396171569824,0.21385976672172546,0.20706164836883545,0.19468794763088226,0.38553282618522644,0.3536064326763153,0.15729941427707672,0.1842658519744873,0.23540540039539337,0.2687920331954956,0.1746155172586441,0.24511489272117615,0.20517896554004356,0.13490439691864534,-0.09665219400592738,0.1945109151018315,-0.04087016539520388,-0.012817717673559402,2217.820909214123,2743.345536616133,5606.857762764851,0.06450338924632353,67.99958881578948
vio_021_classic.mp3,../Data/raw/violin_data\vio_021_classic.mp3,violin_data,-330.961669921875,124.48131561279297,35.52146911621094,24.314491271972656,5.495777606964111,1.8476277589797974,-7.187027454376221,-9.444994926452637,-0.6022267937660217,-6.500940799713135,-8.664257049560547,-6.336852550506592,-6.204533100128174,0.17553357779979706,0.20651955902576447,0.18295563757419586,0.3810770511627197,0.2776532471179962,0.1559307724237442,0.28109729290008545,0.12675106525421143,0.12137999385595322,0.12348778545856476,0.3122389018535614,0.3422682285308838,-0.09877747684159488,-0.28188578535405,0.2301052312525969,-0.06905448089581526,0.01574498363264574,0.021412000999062954,1687.0277568538263,1950.1277917463435,3268.555235493663,0.06822483310758513,161.4990234375
vio_022_classic.mp3,../Data/raw/violin_data\vio_022_classic.mp3,violin_data,-319.3784484863281,102.44969177246094,19.493335723876953,36.232322692871094,9.3616943359375,9.381805419921875,-10.9513578414917,-6.891291618347168,2.932793378829956,-15.05928897857666,-11.420622825622559,-6.209113121032715,-10.966693878173828,0.18290981650352478,0.2758232355117798,0.18743591010570526,0.31816184520721436,0.38844192028045654,0.17387259006500244,0.18444432318210602,0.1444723755121231,0.31163719296455383,0.2438570111989975,0.17373235523700714,0.2810153067111969,0.016586808581759517,-0.330223975591185,0.03284462258268716,0.17537208853506456,0.025357415108433368,0.003851980904326978,1830.8038216515945,2122.047000737373,3870.368263079286,0.06924032205398607,161.4990234375
vio_023_classic.mp3,../Data/raw/violin_data\vio_023_classic.mp3,violin_data,-206.8013458251953,119.91773986816406,19.847618103027344,30.590147018432617,11.958720207214355,4.056585311889648,7.915207386016846,3.3397560119628906,7.217446804046631,9.65573787689209,-6.329872131347656,3.6627416610717773,-3.0141844749450684,0.1972077637910843,0.22591380774974823,0.35803133249282837,0.22853359580039978,0.2826497554779053,0.3210083842277527,0.18570201098918915,0.26382073760032654,0.24643981456756592,0.4212222397327423,0.3684656620025635,0.2132997065782547,0.20774630714898557,0.23265621750510343,-0.0962911696968335,-0.11920833845309999,0.0165136295622435,-0.036515045974867814,1706.6043959693945,2184.2487991409057,3691.9276754184402,0.06351246553308823,161.4990234375
vio_024_classic.mp3,../Data/raw/violin_data\vio_024_classic.mp3,violin_data,-289.0152587890625,125.17625427246094,26.536344528198242,15.981486320495605,4.861571788787842,-8.66463851928711,-10.640705108642578,-13.343117713928223,-4.806439399719238,-6.453405380249023,-12.2877197265625,2.3892879486083984,-1.8304778337478638,0.2320842742919922,0.18492454290390015,0.1886294186115265,0.16408535838127136,0.27862223982810974,0.15782056748867035,0.35701268911361694,0.22498902678489685,0.09928359091281891,0.1437728852033615,0.19668355584144592,0.4339059293270111,0.2986978035213396,-0.19556845452148428,0.042972256965796804,-0.04736580628085012,0.02279621607487448,-0.0027736939252234983,1486.2385217666617,2002.1374598093485,3134.44771309017,0.05371207127999226,123.046875
vio_025_classic.mp3,../Data/raw/violin_data\vio_025_classic.mp3,violin_data,-274.4801330566406,101.39810180664062,27.433164596557617,34.38521194458008,5.58140754699707,8.700554847717285,-9.465182304382324,-7.946997165679932,-0.6071316003799438,-6.0401458740234375,-8.896090507507324,-1.6936050653457642,-6.338595867156982,0.1850917637348175,0.2569485306739807,0.15379099547863007,0.3278086185455322,0.45365262031555176,0.18823440372943878,0.21441508829593658,0.1538485586643219,0.29186075925827026,0.2242060750722885,0.1677168756723404,0.22490639984607697,0.04841661282505794,-0.3280866479170571,0.01963312290399798,0.20510785333198078,0.04878526173943535,-0.022441515545400383,2066.9938120316456,2363.186861506481,4594.222219366777,0.07993375701431889,143.5546875
vio_026_classic.mp3,../Data/raw/violin_data\vio_026_classic.mp3,violin_data,-279.5174255371094,117.38593292236328,7.40277099609375,28.13561248779297,16.646886825561523,8.958938598632812,1.4045817852020264,-5.6015119552612305,4.842990875244141,-17.683210372924805,-0.6431571245193481,-6.8273115158081055,-7.806206703186035,0.37466850876808167,0.22814849019050598,0.24281230568885803,0.2034982293844223,0.2940428555011749,0.23703314363956451,0.1394137144088745,0.1774711310863495,0.18826675415039062,0.3446618318557739,0.25239282846450806,0.32569435238838196,0.3277831332085185,0.11519712549159232,-0.11600940780524575,0.07840146598205734,-0.052963888239886375,0.014022145180859539,1698.538058714659,2142.412556045233,3606.0948611043923,0.06058542351973684,73.828125
vio_027_classic.mp3,../Data/raw/violin_data\vio_027_classic.mp3,violin_data,-351.53082275390625,132.90615844726562,37.205936431884766,14.425801277160645,18.274913787841797,5.760013580322266,-0.15509165823459625,-7.695705413818359,5.5861334800720215,-4.96051025390625,-18.95700454711914,-6.210441589355469,-7.138157367706299,0.37578466534614563,0.14702022075653076,0.13532426953315735,0.13434119522571564,0.25947004556655884,0.18727348744869232,0.17524568736553192,0.3352844715118408,0.18964186310768127,0.1657046675682068,0.1964283585548401,0.4128212332725525,0.290640608294137,0.15336854443136028,0.18563157429607963,0.22930027777599396,0.028702413761808893,-0.01748860659724353,1516.1423314917158,2110.843584138607,3144.514318885449,0.04567583869485294,151.99908088235293
vio_028_classic.mp3,../Data/raw/violin_data\vio_028_classic.mp3,violin_data,-298.7861022949219,113.39761352539062,32.64942169189453,16.455154418945312,4.203433990478516,-5.042330741882324,-4.761717319488525,-17.7454891204834,2.280817747116089,-13.434825897216797,-7.68094539642334,-8.667852401733398,-4.772073745727539,0.2737500071525574,0.17631107568740845,0.33112260699272156,0.23325031995773315,0.356862872838974,0.20663104951381683,0.1202339231967926,0.22335156798362732,0.20203709602355957,0.31899839639663696,0.161952406167984,0.20074494183063507,0.37039754465011065,0.1454335526206961,-0.07304170285982337,0.05168143924665919,-0.0027342798272225965,0.016008043436316618,1809.210674130002,2079.7491216730323,3852.94336844524,0.07453734217782508,103.359375
vio_029_classic.mp3,../Data/raw/violin_data\vio_029_classic.mp3,violin_data,-286.9145812988281,117.10908508300781,33.14655685424805,18.83968162536621,18.85560417175293,2.4294686317443848,5.208165645599365,-10.806602478027344,13.942733764648438,-8.402800559997559,-5.297879695892334,-11.9597749710083,-3.276724338531494,0.27682602405548096,0.21565395593643188,0.2749955952167511,0.21468913555145264,0.350471168756485,0.30861806869506836,0.17721214890480042,0.252536416053772,0.18067936599254608,0.24945876002311707,0.2506140470504761,0.20161175727844238,0.1516363252991513,0.2859697896564808,-0.02626087714776678,0.04548718212709391,0.018358996246286147,-0.022442429431041206,2008.2716757055723,2496.9499645411106,4634.563642094379,0.07312427438080496,151.99908088235293
vio_030_classic.mp3,../Data/raw/violin_data\vio_030_classic.mp3,violin_data,-307.780029296875,145.06256103515625,22.346324920654297,17.013717651367188,8.99450397491455,0.1597212553024292,-0.8380616307258606,-4.685884952545166,2.8945305347442627,0.5917689800262451,-3.68229603767395,-3.644052028656006,-5.497431755065918,0.37910589575767517,0.19825810194015503,0.2737065851688385,0.17289111018180847,0.2837613821029663,0.2376547008752823,0.21800240874290466,0.35683512687683105,0.18060928583145142,0.186936616897583,0.1595068871974945,0.3228690028190613,0.24392726795800596,0.2154859495102994,0.12658172696735126,0.13472586385790405,0.01508241070440052,-0.03845172762242216,1276.2882673386655,1589.5492422724565,2480.5016674124417,0.054789162272639316,161.4990234375
vio_031_classic.mp3,../Data/raw/violin_data\vio_031_classic.mp3,violin_data,-239.54165649414062,120.44622039794922,26.305023193359375,31.875083923339844,5.246166706085205,8.926857948303223,0.6001788973808289,-7.386476039886475,9.4908447265625,-1.0333293676376343,-8.10274600982666,-0.39146310091018677,-3.9374568462371826,0.17963646352291107,0.33515211939811707,0.4312233328819275,0.265442818403244,0.2784311771392822,0.21538831293582916,0.42865270376205444,0.29789814352989197,0.20196980237960815,0.2734823226928711,0.21562494337558746,0.23774686455726624,0.30814574122421684,-0.0807179478098217,0.0510227387290211,-0.17297673021802168,-0.0180889345684529,-0.014689279318139828,1760.3704111028517,2106.807713286468,3665.436168942289,0.07101242018188854,151.99908088235293
vio_032_classic.mp3,../Data/raw/violin_data\vio_032_classic.mp3,violin_data,-303.0459289550781,117.82679748535156,20.14871597290039,27.273345947265625,11.10961627960205,-3.1722850799560547,-0.9546527862548828,-14.663722038269043,4.349306106567383,-9.059871673583984,-13.294431686401367,-5.466329574584961,-11.218016624450684,0.3342283070087433,0.11284241825342178,0.12478227913379669,0.18418090045452118,0.41464313864707947,0.2633955776691437,0.12936045229434967,0.17399962246418,0.18230870366096497,0.21802665293216705,0.15964263677597046,0.39918315410614014,0.2786814057927501,0.03490197992967758,0.023661368338559478,0.21179105991125674,-0.001880991958518354,-0.026005316549665567,1732.4926623555398,2093.717676953643,3666.53616229078,0.06751244134578173,172.265625
vio_033_classic.mp3,../Data/raw/violin_data\vio_033_classic.mp3,violin_data,-311.0982971191406,153.07843017578125,19.351465225219727,27.485801696777344,12.512372970581055,0.13877883553504944,-4.451815605163574,-0.8321773409843445,4.916544437408447,3.1425840854644775,-3.1522438526153564,0.49760904908180237,-5.6306471824646,0.3551284372806549,0.17425762116909027,0.1673990786075592,0.14915499091148376,0.30673879384994507,0.49171027541160583,0.23729953169822693,0.3614656627178192,0.17400823533535004,0.2858322560787201,0.24087032675743103,0.19378261268138885,0.0966470437182222,0.33680940059114967,-0.10520847339396462,0.08496209320788127,0.004307488297539189,-0.025195656292033772,1024.486570590263,1427.5099364193336,1863.2220666844041,0.047610445288312694,95.703125
vio_034_classic.mp3,../Data/raw/violin_data\vio_034_classic.mp3,violin_data,-269.1916198730469,110.62611389160156,31.77973175048828,42.8209342956543,15.297231674194336,7.191193103790283,8.370302200317383,1.4800482988357544,8.828983306884766,-6.70697021484375,-10.562809944152832,1.240740418434143,-4.289625644683838,0.2956700623035431,0.22381459176540375,0.29554903507232666,0.24045172333717346,0.26714861392974854,0.23386621475219727,0.41649895906448364,0.4279695749282837,0.18848493695259094,0.16432395577430725,0.20761644840240479,0.3783368170261383,0.3047199687170425,-0.013560769482403008,0.16988755167579425,-0.054349872947889684,-0.015389167332187825,0.0016901825076032905,1684.2015029623701,2268.992253488324,3626.4864044661863,0.057521949980650154,151.99908088235293
vio_035_classic.mp3,../Data/raw/violin_data\vio_035_classic.mp3,violin_data,-282.36212158203125,132.39939880371094,12.601994514465332,31.521686553955078,11.138687133789062,4.866333484649658,-8.257380485534668,-11.074503898620605,9.798632621765137,-11.886484146118164,-13.289261817932129,-7.564352035522461,-11.754746437072754,0.1858523041009903,0.2896340787410736,0.1856386810541153,0.2220536172389984,0.13885906338691711,0.3274739980697632,0.3292697072029114,0.14489735662937164,0.16136309504508972,0.19738803803920746,0.3895263075828552,0.3256862461566925,-0.2780055023975942,-0.14679750268332864,-0.0562181730077808,-0.18413220308922904,0.017761385776275194,-0.033884774831169785,1442.0624408707015,1905.2132609561904,2969.790375417231,0.04929410857681889,92.28515625
vio_036_classic.mp3,../Data/raw/violin_data\vio_036_classic.mp3,violin_data,-266.5321044921875,142.086669921875,29.36615562438965,21.40017318725586,18.660207748413086,-3.212703227996826,13.186263084411621,-3.7260000705718994,7.648975849151611,-2.410710334777832,-12.179455757141113,-4.1219048500061035,-7.326994895935059,0.36763858795166016,0.21977634727954865,0.3439736068248749,0.26662468910217285,0.47775429487228394,0.2960038483142853,0.10440146178007126,0.07289139181375504,0.14516113698482513,0.23609977960586548,0.2583800256252289,0.3275303244590759,0.39142140546407167,-0.0598411556446608,-0.035145176728126344,0.20301065821093917,-0.02580200046684443,-0.030071571307929375,1369.692385026238,1993.853678347116,3038.339960907266,0.04471325948142415,112.34714673913044
vio_037_classic.mp3,../Data/raw/violin_data\vio_037_classic.mp3,violin_data,-286.22509765625,119.86394500732422,21.40848731994629,24.26093292236328,24.34197425842285,5.694732666015625,0.5426698923110962,-8.924419403076172,6.772322654724121,-4.178786754608154,-13.195785522460938,-3.867696523666382,-11.179923057556152,0.5163008570671082,0.28558671474456787,0.18798363208770752,0.18588879704475403,0.11853484064340591,0.25542309880256653,0.20717549324035645,0.35924315452575684,0.2155686616897583,0.09069285541772842,0.09778476506471634,0.2764178514480591,0.025020842239057883,0.40282834865330963,0.15128552511005713,0.21480942460104258,-0.015688862942558633,0.04167404467153116,1823.5811459982574,2180.7666830792346,4193.166311163652,0.0632210840750774,112.34714673913044
vio_038_classic.mp3,../Data/raw/violin_data\vio_038_classic.mp3,violin_data,-248.98388671875,105.85941314697266,24.943893432617188,20.486347198486328,14.614358901977539,-0.2873903512954712,4.037654876708984,-2.9410111904144287,13.014633178710938,-8.711803436279297,-13.439661979675293,-5.31656551361084,-3.9322385787963867,0.36672496795654297,0.13690786063671112,0.10073483735322952,0.1291729211807251,0.24255876243114471,0.21299542486667633,0.11766532808542252,0.13658788800239563,0.2742994427680969,0.40983864665031433,0.3240303099155426,0.45254483819007874,0.2950585879204843,0.02273305967518027,-0.14154236413784999,0.18392007887322342,-0.044589128191156756,0.05284614762540542,1990.2056851713166,2569.8515455212064,4724.304766108746,0.06042593846749226,161.4990234375
vio_039_classic.mp3,../Data/raw/violin_data\vio_039_classic.mp3,violin_data,-309.3341369628906,110.22970581054688,18.195690155029297,24.786500930786133,24.22339630126953,0.659550130367279,-4.157479763031006,-3.009368896484375,12.38515567779541,-6.342728614807129,-12.077360153198242,-2.1485536098480225,-11.605572700500488,0.2342870831489563,0.325737327337265,0.3958866000175476,0.24695174396038055,0.2904159128665924,0.2636626064777374,0.42517566680908203,0.41363975405693054,0.21934859454631805,0.1685865819454193,0.18856678903102875,0.2820269465446472,0.20495812725606857,-0.19170782847453563,0.05966852072787817,-0.12046327110345338,0.01759458856497266,-0.018517035992575336,1918.79300614124,2292.8941978877538,3988.4842155149477,0.06592023630998452,184.5703125
vio_040_classic.mp3,../Data/raw/violin_data\vio_040_classic.mp3,violin_data,-294.0029602050781,102.45831298828125,40.96378707885742,22.072002410888672,9.397806167602539,-7.238597869873047,-11.843527793884277,-8.529983520507812,4.292701721191406,-7.563446521759033,-9.034140586853027,-5.692270278930664,-12.53029727935791,0.15549644827842712,0.20397941768169403,0.1437300741672516,0.29271450638771057,0.3808715045452118,0.15763765573501587,0.21787935495376587,0.17084813117980957,0.38628849387168884,0.2617368996143341,0.1784069836139679,0.22271057963371277,0.07284023823397748,-0.3168280556598948,-0.008066410707719525,0.18960687403164173,0.016435177462903912,0.0004010523360632684,2326.612265326053,2538.0675063190474,5168.1520822247485,0.08974057602070433,184.5703125
vio_041_classic.mp3,../Data/raw/violin_data\vio_041_classic.mp3,violin_data,-350.3872985839844,131.49215698242188,-1.2907979488372803,23.344097137451172,-15.612174987792969,-14.960224151611328,0.9000833034515381,-14.417829513549805,-9.688886642456055,-6.898364067077637,-13.00198745727539,-18.020709991455078,-3.326195001602173,0.22129778563976288,0.18390145897865295,0.3229198455810547,0.25789326429367065,0.13901345431804657,0.24545077979564667,0.14432142674922943,0.21747161448001862,0.10041655600070953,0.1605968475341797,0.31241515278816223,0.16042698919773102,-0.0690735531126992,0.30705703701471315,-0.0054382722455022505,-0.17616175855589236,0.000677791130679914,-0.027248994452922365,1302.7978587367024,1413.419046895046,2476.0516943208204,0.06091081837751548,161.4990234375
vio_042_classic.mp3,../Data/raw/violin_data\vio_042_classic.mp3,violin_data,-350.1180725097656,84.73350524902344,14.590394020080566,11.500190734863281,-6.099638938903809,-10.768760681152344,-6.811595916748047,-17.10601234436035,-9.716719627380371,-6.608269214630127,-15.519278526306152,-14.265918731689453,-12.16405963897705,0.13858090341091156,0.17065072059631348,0.4109484851360321,0.16657663881778717,0.1253761351108551,0.09019874036312103,0.19170944392681122,0.2734948396682739,0.11586737632751465,0.20017768442630768,0.13930238783359528,0.25781506299972534,0.38271086227483714,0.07189394800771856,0.194051493699201,-0.19314323040049802,-0.06917059644603216,-0.040580340579856496,1941.464069016856,2088.1291928618925,3759.427267257643,0.0910020952254257,123.046875
vio_043_classic.mp3,../Data/raw/violin_data\vio_043_classic.mp3,violin_data,-341.5299377441406,138.3402862548828,18.725942611694336,20.33540916442871,-1.450791358947754,-6.578251838684082,-6.9758453369140625,-12.401238441467285,-5.489593982696533,-3.9836807250976562,-8.584344863891602,-9.169342041015625,-5.330714702606201,0.19612520933151245,0.13451430201530457,0.300093412399292,0.11858745664358139,0.13703878223896027,0.06397834420204163,0.17905087769031525,0.3266719579696655,0.1360863745212555,0.17519962787628174,0.14131616055965424,0.33329832553863525,0.3836093552782005,0.14065890259665703,0.24763054968657663,-0.0857981732015134,-0.015396027106964982,-0.03891525656276276,1096.330978909756,1336.6413782620061,1869.280363384046,0.05707410688370743,103.359375
vio_044_classic.mp3,../Data/raw/violin_data\vio_044_classic.mp3,violin_data,-331.0560302734375,84.27210998535156,7.30312967300415,9.961788177490234,-6.775718688964844,-8.076286315917969,-14.205578804016113,-23.072834014892578,-5.4322967529296875,0.3320305049419403,-10.122626304626465,-8.196148872375488,-2.911372423171997,0.0667622908949852,0.06821756064891815,0.24093061685562134,0.4369049072265625,0.15373186767101288,0.2049511820077896,0.151485413312912,0.30324485898017883,0.10211353003978729,0.12819288671016693,0.23865875601768494,0.08925040066242218,-0.19555918964228106,0.2942620245653551,0.2942094908532183,-0.19022684834209844,0.055177485679284495,0.02233997643794159,1862.693707967944,1978.7463550509585,3399.4461106811145,0.09216799898413312,161.4990234375
vio_045_classic.mp3,../Data/raw/violin_data\vio_045_classic.mp3,violin_data,-321.2944030761719,114.24446105957031,18.740266799926758,9.231643676757812,-7.87880277633667,-8.043045997619629,-10.759407043457031,-16.62091827392578,-3.356684923171997,-8.933418273925781,-17.061283111572266,-10.008058547973633,-14.081437110900879,0.1921335905790329,0.30790361762046814,0.15999925136566162,0.2004970908164978,0.11572681367397308,0.2401866316795349,0.23984280228614807,0.13257671892642975,0.28074872493743896,0.1719740331172943,0.32068151235580444,0.20586758852005005,-0.35005599370198887,-0.18969193848688212,-0.10376345386828502,-0.10820409118294452,0.02590069780802162,-0.04826381552793062,1538.5112184161758,1714.8121752872314,2704.2419811520413,0.0778211469620743,107.666015625
vio_046_classic.mp3,../Data/raw/violin_data\vio_046_classic.mp3,violin_data,-320.0406494140625,88.998291015625,2.8685829639434814,11.006624221801758,-12.596729278564453,-5.720427989959717,-6.9466471672058105,-15.767715454101562,-7.157093524932861,-5.910341262817383,-14.413273811340332,-12.96595287322998,-9.834609031677246,0.1166224405169487,0.18484871089458466,0.31171727180480957,0.1762930303812027,0.26436126232147217,0.1322544813156128,0.21900644898414612,0.1467927098274231,0.1129542738199234,0.26430627703666687,0.15506593883037567,0.2175445854663849,0.3364128110943996,-0.12792778458049955,-0.03732598316342151,-0.13022395786560784,-0.01382974288560046,0.0034609327484317045,1937.7171772123186,1957.0416246061243,3483.8539336118906,0.09670765407314241,107.666015625
vio_047_classic.mp3,../Data/raw/violin_data\vio_047_classic.mp3,violin_data,-353.2745361328125,119.72663879394531,1.8576780557632446,5.847318172454834,-6.790050506591797,-7.657541751861572,-13.828439712524414,-12.164851188659668,-15.361720085144043,-4.874215126037598,-6.7985920906066895,-10.208368301391602,-5.384036540985107,0.16510188579559326,0.14119084179401398,0.2902733087539673,0.154841810464859,0.22071613371372223,0.12005656212568283,0.2541847825050354,0.3248690366744995,0.13186511397361755,0.21272729337215424,0.13309277594089508,0.25662919878959656,0.3419933521138365,0.008904323262247367,0.1521965307364674,-0.04823498448015312,0.002059166795550438,-0.007447721986078398,1489.868240697376,1602.4509014717871,2542.6262917533377,0.08086421246130031,112.34714673913044
vio_048_classic.mp3,../Data/raw/violin_data\vio_048_classic.mp3,violin_data,-292.1636047363281,103.43897247314453,15.691755294799805,16.436059951782227,-8.538470268249512,-3.8693742752075195,-8.834700584411621,-12.781112670898438,-13.142909049987793,-6.6911540031433105,-13.17786693572998,-4.303213119506836,2.250988245010376,0.2734036445617676,0.3844169080257416,0.1499130129814148,0.19796213507652283,0.10578480362892151,0.20146873593330383,0.09412220120429993,0.06571241468191147,0.12347090989351273,0.1078421026468277,0.23436413705348969,0.11195764690637589,-0.36147236745960787,-0.022457143378807966,-0.19639796457428566,0.0018691781541725827,0.06506214020371928,-0.023188958930663566,1539.3963611103788,1866.9670506495831,2838.9994996250966,0.06725734084752322,161.4990234375
vio_049_classic.mp3,../Data/raw/violin_data\vio_049_classic.mp3,violin_data,-308.24114990234375,104.92768859863281,16.127670288085938,23.19626808166504,-2.435572624206543,-6.069174766540527,-7.230894088745117,-8.478191375732422,-13.79611587524414,-10.605470657348633,-11.53378677368164,-10.873726844787598,-2.559889793395996,0.11329516023397446,0.181166410446167,0.2956851124763489,0.12767285108566284,0.1585688441991806,0.106236033141613,0.20566090941429138,0.10444487631320953,0.13443775475025177,0.31513985991477966,0.1779356747865677,0.28374361991882324,0.3778813032934193,-0.16803996628072526,-0.02098226491078945,-0.2080643983119372,-0.06727525617381924,0.02460580710500072,1443.9867977482456,1671.2001097134282,2597.4009605384094,0.0676239297116873,198.76802884615384
vio_050_classic.mp3,../Data/raw/violin_data\vio_050_classic.mp3,violin_data,-329.099609375,115.16619110107422,-6.730217933654785,14.654314994812012,-11.06149959564209,-19.21026611328125,-8.91113567352295,-21.17364501953125,-6.511823654174805,-12.351232528686523,-23.066505432128906,-13.97150707244873,-11.361067771911621,0.10456190258264542,0.12109657377004623,0.32361727952957153,0.12246330082416534,0.15708430111408234,0.08475290983915329,0.20323386788368225,0.3226887881755829,0.12764078378677368,0.24797983467578888,0.14240558445453644,0.30599746108055115,0.40523771944482545,0.002104276730219186,0.16597197863944424,-0.11421536612569506,-0.025358429354268318,-0.026995036863752875,1448.6046104225386,1586.3409041760908,2522.801411631676,0.07448329866486068,172.265625
vio_051_classic.mp3,../Data/raw/violin_data\vio_051_classic.mp3,violin_data,-392.91912841796875,80.81194305419922,9.715814590454102,10.87734317779541,-15.19235897064209,-14.811882972717285,-14.182697296142578,-22.565093994140625,-17.869049072265625,-6.154049873352051,-7.658596038818359,-11.503013610839844,-9.317887306213379,0.1970382183790207,0.08306892961263657,0.1750442385673523,0.26612088084220886,0.11370968818664551,0.2324420064687729,0.11006028950214386,0.22242534160614014,0.10725432634353638,0.0933656096458435,0.20735660195350647,0.11108985543251038,-0.20388773970316124,0.3752704975793282,0.1408052518645744,-0.06862406743508036,0.014332511803281064,-0.003245409677312563,1576.7732623383622,1650.4338745124405,2744.316738825464,0.07408194054760062,112.34714673913044
vio_052_classic.mp3,../Data/raw/violin_data\vio_052_classic.mp3,violin_data,-378.7918701171875,111.19808197021484,-3.1718878746032715,15.737531661987305,-4.149049282073975,-7.584206581115723,-2.883150339126587,-10.348105430603027,-7.278815269470215,-1.778564453125,-9.534281730651855,-8.005724906921387,-8.100059509277344,0.17947396636009216,0.10537273436784744,0.25673240423202515,0.24744713306427002,0.09295810759067535,0.1435541808605194,0.12686528265476227,0.44087517261505127,0.12034239619970322,0.058605972677469254,0.17351149022579193,0.1293492615222931,-0.06193302289124593,0.41994317153293714,0.2676806239327978,-0.0709580468799958,0.053010501331507,-0.00032736071948227623,1212.9667012925454,1209.2613625300735,2139.6870616050696,0.06751281927244582,117.45383522727273
vio_053_classic.mp3,../Data/raw/violin_data\vio_053_classic.mp3,violin_data,-349.12200927734375,104.36100769042969,17.954509735107422,1.7441561222076416,-9.334633827209473,-15.70655632019043,-4.655908584594727,-23.674654006958008,-7.237807273864746,-11.270135879516602,-14.2536039352417,-16.331167221069336,-11.399060249328613,0.2878398299217224,0.19872739911079407,0.11917675286531448,0.2185923159122467,0.12643131613731384,0.21004313230514526,0.13419748842716217,0.3121962547302246,0.3879599869251251,0.1367761194705963,0.15125341713428497,0.12197659909725189,-0.28767061088707563,0.1345458430546035,0.050103480314753514,0.2618500998030321,-0.031233459860715653,-0.00909843125884077,1717.9323484859103,1981.290570971349,2897.1574812850718,0.08330637456462849,172.265625
vio_054_classic.mp3,../Data/raw/violin_data\vio_054_classic.mp3,violin_data,-283.57830810546875,106.36991882324219,8.326598167419434,8.99089241027832,-12.438215255737305,-3.9956307411193848,-9.7191162109375,-13.245277404785156,-7.159847736358643,-5.369657039642334,-18.368154525756836,-11.031183242797852,-4.926738739013672,0.16025882959365845,0.10586632043123245,0.2412615567445755,0.14251258969306946,0.09841519594192505,0.2186601459980011,0.11941304802894592,0.18834374845027924,0.09518600255250931,0.22646473348140717,0.35821300745010376,0.12579700350761414,-0.03969742458047225,0.3930521708379716,0.003380362624907986,-0.23134362874305733,0.041045656991517604,-0.039533236050883824,1605.6193543917577,1729.8422854310124,2870.632641677148,0.07972778698239164,117.45383522727273
vio_055_classic.mp3,../Data/raw/violin_data\vio_055_classic.mp3,violin_data,-332.8704528808594,116.28009033203125,13.948541641235352,16.299171447753906,-6.188865661621094,-11.864484786987305,-7.597048759460449,-16.335052490234375,-12.860219955444336,-12.231841087341309,-15.592389106750488,-12.612165451049805,-11.207077026367188,0.09123940020799637,0.1611054539680481,0.3713564872741699,0.15869343280792236,0.13811445236206055,0.12468089908361435,0.29354432225227356,0.160374253988266,0.14493392407894135,0.3397069275379181,0.15042096376419067,0.19821220636367798,0.426199748599965,-0.07634335773339117,-0.08650926953551423,-0.273640180954345,-0.06257631124722171,0.05475122422119927,1418.456500880924,1589.8937950443876,2522.7764117828465,0.06821387323432662,151.99908088235293
vio_056_classic.mp3,../Data/raw/violin_data\vio_056_classic.mp3,violin_data,-377.2665710449219,89.06185150146484,19.372974395751953,13.187315940856934,-5.881251811981201,-11.154979705810547,-2.2574334144592285,-18.57912254333496,-10.410469055175781,-8.023029327392578,-13.833281517028809,-13.164688110351562,-16.64293098449707,0.07850759476423264,0.15154032409191132,0.2546597719192505,0.1235894113779068,0.16674531996250153,0.14759938418865204,0.38628849387168884,0.14924590289592743,0.1339043378829956,0.3506593406200409,0.14432193338871002,0.15456968545913696,0.3289229973363885,-0.1766035865677443,-0.11587759605783689,-0.2516600380477031,-0.007680567322774344,0.08359654081416164,1803.08943060716,2082.6593222653164,3277.471848242792,0.0845066696497678,151.99908088235293
vio_057_classic.mp3,../Data/raw/violin_data\vio_057_classic.mp3,violin_data,-352.9709167480469,64.88629150390625,-22.256141662597656,-3.925503969192505,-22.33855628967285,-5.87339448928833,-1.1560375690460205,4.581286907196045,10.138932228088379,7.4678544998168945,-8.52519416809082,-10.765827178955078,-8.887544631958008,0.17190173268318176,0.0745258778333664,0.06642664968967438,0.180545374751091,0.06661948561668396,0.09225175529718399,0.04256126284599304,0.169507697224617,0.3272811770439148,0.12751396000385284,0.2462465763092041,0.09075009822845459,-0.39396142392733374,0.19508512859495586,0.11632260146364115,0.12757477221466978,-0.010183129742816198,-0.022746768076897673,1834.876270866694,1709.2188914906092,3303.3633583470396,0.09188530983939629,112.34714673913044
vio_058_classic.mp3,../Data/raw/violin_data\vio_058_classic.mp3,violin_data,-369.5791931152344,91.46520233154297,24.07819366455078,14.024075508117676,-1.1291526556015015,-0.478934645652771,5.496016025543213,-7.86854362487793,-3.4440343379974365,-2.048964500427246,-10.635160446166992,-5.547301292419434,-3.8665874004364014,0.20819976925849915,0.11006666719913483,0.2647044062614441,0.20327100157737732,0.08434896916151047,0.15224626660346985,0.15410298109054565,0.3297501504421234,0.18271523714065552,0.12035959213972092,0.21697300672531128,0.12356942892074585,-0.02249369342803462,0.3414683212029547,0.26978735837408907,0.04217012083648414,0.026893939981308585,-0.0368596273371901,1715.9327574655347,1971.287482949376,3202.6723005454237,0.08707959437886997,89.10290948275862
vio_059_classic.mp3,../Data/raw/violin_data\vio_059_classic.mp3,violin_data,-356.1071472167969,109.41326141357422,19.622251510620117,13.229504585266113,-2.8557827472686768,-4.293850898742676,-9.081192016601562,-5.470314025878906,-13.307815551757812,-2.0407800674438477,-9.268753051757812,-13.867813110351562,-12.65290355682373,0.08598243445158005,0.17939920723438263,0.32714274525642395,0.15110768377780914,0.22627520561218262,0.13740074634552002,0.2783483862876892,0.18124769628047943,0.12211435288190842,0.2726306617259979,0.12539125978946686,0.18593423068523407,0.36751017406433123,-0.15155338727961468,0.005767332987435198,-0.20299388256618522,-0.005643049252474916,0.01031131594312626,1387.262905746545,1661.8951778627793,2525.1180642898607,0.07139337025928792,103.359375
vio_060_classic.mp3,../Data/raw/violin_data\vio_060_classic.mp3,violin_data,-280.9862365722656,153.85504150390625,-0.3213614225387573,14.524357795715332,-5.420252799987793,-2.668480157852173,3.3605427742004395,-19.874387741088867,-12.936086654663086,-3.6909263134002686,-9.42833423614502,-7.849462509155273,-3.4471402168273926,0.06788066774606705,0.24106737971305847,0.49458909034729004,0.1711530089378357,0.1393105685710907,0.08610188215970993,0.22253963351249695,0.19306765496730804,0.13492140173912048,0.33548006415367126,0.12861819565296173,0.12450104206800461,0.4208601223849287,0.023111645982963492,-0.06509624761723895,-0.2746656074453738,-0.04681119811018015,-7.805419859081596e-05,1084.547801004562,1175.667914221389,1809.4140587207335,0.06828756893382353,198.76802884615384
vio_061_classic.mp3,../Data/raw/violin_data\vio_061_classic.mp3,violin_data,-363.4538879394531,105.8017349243164,18.216833114624023,13.470255851745605,-6.877715110778809,-12.340045928955078,-4.8131914138793945,-25.70379638671875,-9.342873573303223,-11.10643482208252,-12.36495304107666,-9.661681175231934,-10.53718376159668,0.32557767629623413,0.13429492712020874,0.17430129647254944,0.1149367094039917,0.23093309998512268,0.15526311099529266,0.1443479359149933,0.339550256729126,0.1487123668193817,0.15540800988674164,0.08085914701223373,0.20365719497203827,0.29612105363118657,0.32939810370587036,0.140649603749337,0.1878748359841629,0.04632006487161815,0.01338617784810368,1608.1496202784956,1870.6674620324268,2830.257885817773,0.07376863934307276,112.34714673913044
vio_062_classic.mp3,../Data/raw/violin_data\vio_062_classic.mp3,violin_data,-415.692626953125,75.22916412353516,9.942254066467285,-1.0010937452316284,-13.793301582336426,-13.855463981628418,-10.271355628967285,-17.905794143676758,-10.794551849365234,-11.838595390319824,-11.8533353805542,-7.280924320220947,-4.196258068084717,0.3237687945365906,0.12102940678596497,0.2244979739189148,0.2744804322719574,0.11010647565126419,0.1264345794916153,0.12740349769592285,0.3434779644012451,0.12421257793903351,0.08498135209083557,0.18022212386131287,0.13300710916519165,-0.08725010426666771,0.3847864834038883,0.24977987466939366,0.012550905253747125,0.04836454823025392,0.03777651671157473,1584.8095962071354,1675.9770626156499,2736.8501173084364,0.08072060032894737,184.5703125
vio_063_classic.mp3,../Data/raw/violin_data\vio_063_classic.mp3,violin_data,-309.3487854003906,135.56947326660156,20.717748641967773,32.17818069458008,2.5301642417907715,-0.2059205174446106,6.344207286834717,-1.1308748722076416,6.032909870147705,6.915571212768555,-2.6224610805511475,-11.56405258178711,-7.614100456237793,0.12951713800430298,0.1881565898656845,0.2761826813220978,0.19426953792572021,0.22662316262722015,0.1984340399503708,0.15660980343818665,0.22827233374118805,0.2304779589176178,0.4058811366558075,0.2967873811721802,0.14405076205730438,0.12140297653263035,0.11753141768137892,-0.10876756333875771,-0.12517081703878982,0.0038801948638077966,-0.019627519088266324,1338.5234837936357,1563.024120633263,2465.0600941188563,0.06957592093169504,99.38401442307692
vio_064_classic.mp3,../Data/raw/violin_data\vio_064_classic.mp3,violin_data,-318.5258483886719,111.15221405029297,9.647809982299805,19.300832748413086,-6.8068437576293945,-8.739165306091309,-3.932556629180908,-17.470552444458008,-7.96246337890625,-1.144258737564087,-9.963717460632324,-5.295077800750732,-6.156862258911133,0.0873979702591896,0.18920542299747467,0.23613370954990387,0.11276222765445709,0.24554497003555298,0.10223731398582458,0.21883565187454224,0.16270728409290314,0.1280764937400818,0.2588536739349365,0.1366361528635025,0.21068254113197327,0.3824300738996003,-0.14852686262805995,-0.04809555139024274,-0.10197011521518604,0.007802880887163977,-0.0044563250185852155,1480.9974314367544,1736.2746591117732,2624.742461874758,0.07106797540150929,86.1328125
vio_065_classic.mp3,../Data/raw/violin_data\vio_065_classic.mp3,violin_data,-341.46429443359375,108.68400573730469,1.7463613748550415,26.226665496826172,-2.7250442504882812,-5.374755859375,-9.236342430114746,-8.365017890930176,-9.702558517456055,-3.0848913192749023,-9.068310737609863,-5.183435440063477,1.2530392408370972,0.11370893567800522,0.2670688331127167,0.40853407979011536,0.14222624897956848,0.17700983583927155,0.1095476746559143,0.2652416527271271,0.08995254337787628,0.0972953513264656,0.22893007099628448,0.10941647738218307,0.19723308086395264,0.3358365592685862,-0.17316753646412456,-0.04289389962504197,-0.26680705268400934,-0.0642593781844825,0.012042389458037062,1719.3532141325195,1773.3319523715754,3169.4558347341813,0.09435128132256192,103.359375
vio_066_classic.mp3,../Data/raw/violin_data\vio_066_classic.mp3,violin_data,-301.16796875,135.8511199951172,-6.8478102684021,23.02215576171875,0.47010675072669983,-1.926331877708435,5.170304775238037,-11.892213821411133,-18.17498016357422,-15.65662670135498,-11.613037109375,-14.429930686950684,-10.567708015441895,0.3315894603729248,0.24262835085391998,0.16156253218650818,0.25078263878822327,0.2142055481672287,0.3250027596950531,0.1663661003112793,0.22291657328605652,0.2743961811065674,0.09471747279167175,0.07870553433895111,0.10299708694219589,-0.25567923691283606,0.1753072295582052,-0.09443991688612115,0.15336793756551986,-0.03242336206329905,-0.014894406567843504,995.2079328647036,1140.8533762982133,1795.3891435274768,0.052213969983552634,123.046875
vio_067_classic.mp3,../Data/raw/violin_data\vio_067_classic.mp3,violin_data,-271.3067321777344,136.429931640625,-15.56797981262207,20.56557846069336,5.844407558441162,-10.058350563049316,-10.619696617126465,-10.68103313446045,-16.99026107788086,-6.280313014984131,-4.373795986175537,-15.684470176696777,-9.745789527893066,0.1217823177576065,0.19683487713336945,0.3070659935474396,0.172690287232399,0.28073835372924805,0.14468203485012054,0.2933845520019531,0.24586321413516998,0.17385876178741455,0.23527196049690247,0.14870671927928925,0.2785414159297943,0.3550177727415103,-0.12185282927577212,0.03165004276576802,-0.07518245678664646,-0.0007695522090625938,-0.006069445949371815,1288.8809477148438,1436.2422551007573,2422.327019186581,0.06288850861068111,172.265625
vio_068_classic.mp3,../Data/raw/violin_data\vio_068_classic.mp3,violin_data,-339.43353271484375,103.18634033203125,8.717881202697754,16.902359008789062,-6.6765875816345215,-1.9540014266967773,-6.80595064163208,-12.537967681884766,-3.611691951751709,0.4952056109905243,-9.1820068359375,-13.404885292053223,-6.063220500946045,0.1950450986623764,0.1561344414949417,0.3281950056552887,0.18314282596111298,0.3049527704715729,0.27028796076774597,0.09245209395885468,0.10596762597560883,0.10666292905807495,0.29355329275131226,0.13233250379562378,0.12608163058757782,0.2275404031768147,0.28389841538481597,-0.18728003851098413,-0.016708528914113483,-0.05436765406555676,-0.01456952703493265,1591.2027063318715,1805.7266329473719,2927.5322976127127,0.0750985632739938,172.265625
vio_069_classic.mp3,../Data/raw/violin_data\vio_069_classic.mp3,violin_data,-279.3853454589844,132.4157257080078,-3.6537208557128906,9.030550003051758,-4.233036041259766,-5.094716548919678,-5.964907646179199,-5.570048809051514,-12.982452392578125,-11.380224227905273,-5.4521613121032715,-9.206120491027832,-3.897296905517578,0.21203257143497467,0.24729104340076447,0.17044833302497864,0.19664084911346436,0.3893474042415619,0.18814124166965485,0.19436807930469513,0.11613831669092178,0.19654180109500885,0.28356438875198364,0.22397693991661072,0.38775187730789185,0.22137306562247586,-0.24131997710124498,-0.06560634946610645,0.06797862945188655,0.0008654366571970298,0.009362552221062501,1526.5729443476612,1614.9821294543847,2753.616682589977,0.08361211723587461,143.5546875
vio_070_classic.mp3,../Data/raw/violin_data\vio_070_classic.mp3,violin_data,-305.49700927734375,101.23025512695312,18.336227416992188,17.87384796142578,-3.5705695152282715,-9.576704025268555,-4.586874485015869,-19.547794342041016,-7.060576915740967,-5.25248908996582,-14.985116958618164,-14.411820411682129,-9.852944374084473,0.21400012075901031,0.1318250447511673,0.2534885108470917,0.1403203308582306,0.058096736669540405,0.12603893876075745,0.12673459947109222,0.3589496314525604,0.11071904003620148,0.15912917256355286,0.22906199097633362,0.12057434767484665,0.00912164288339705,0.4060202984886712,0.13231378821216394,-0.13828518635608858,0.05232809577971599,-0.00953273914586152,1693.176972865984,1935.3464962871797,3284.6718047056406,0.07496288760158669,184.5703125
vio_071_classic.mp3,../Data/raw/violin_data\vio_071_classic.mp3,violin_data,-363.0072021484375,104.13037109375,28.58800506591797,9.14543628692627,-9.07532024383545,-8.182389259338379,-10.93155574798584,-13.889847755432129,-5.153578281402588,-3.2906882762908936,-5.787611961364746,-0.5638160705566406,-7.390872001647949,0.4041500985622406,0.16481280326843262,0.22939671576023102,0.12622977793216705,0.31398332118988037,0.1999996155500412,0.11816424131393433,0.34044402837753296,0.1041317880153656,0.10623835027217865,0.10027232021093369,0.27623891830444336,0.2766928398231472,0.25501061244786055,0.12785033473246518,0.2885659086662968,0.029027328224679398,0.011711620588428057,1575.9018043436638,1647.6225157482093,2982.6736308472814,0.0888301506869195,86.1328125
vio_072_classic.mp3,../Data/raw/violin_data\vio_072_classic.mp3,violin_data,-271.55859375,111.18196105957031,25.500226974487305,28.835737228393555,17.443056106567383,11.07932186126709,5.896351337432861,-6.763488292694092,-7.317997932434082,-7.852142810821533,-11.195951461791992,-12.81874942779541,-8.47519302368164,0.3689437508583069,0.2084580361843109,0.25535476207733154,0.20261923968791962,0.3122533857822418,0.268524706363678,0.17026343941688538,0.19910632073879242,0.19447386264801025,0.28324007987976074,0.19968903064727783,0.35357558727264404,0.29008534855721496,0.09269436006349094,-0.02888157547243625,0.09325748183463556,-0.0064464845517621765,-0.0005762229415684282,1448.426767526333,1957.5531354968,2721.7335420496324,0.0609754438370743,129.19921875
vio_073_classic.mp3,../Data/raw/violin_data\vio_073_classic.mp3,violin_data,-327.9672546386719,87.1355972290039,21.091907501220703,21.1357479095459,2.7665390968322754,-5.667944431304932,1.770490050315857,-20.615583419799805,-4.2862162590026855,-8.545016288757324,-11.7912015914917,-10.230451583862305,-10.323400497436523,0.22079753875732422,0.2420838475227356,0.45118069648742676,0.21962513029575348,0.2022053599357605,0.2412603348493576,0.10560504347085953,0.14106638729572296,0.11337581276893616,0.22887510061264038,0.13914789259433746,0.1278957575559616,0.261093845472788,0.2980364897781282,-0.14482285388912605,-0.12506732486848723,-0.07753056860506856,-0.0060315795806211246,1962.5695859170796,2268.028786070343,3844.7350847462753,0.08019906153250773,161.4990234375
vio_074_classic.mp3,../Data/raw/violin_data\vio_074_classic.mp3,violin_data,-377.5358581542969,77.17803955078125,-3.518282651901245,-2.2488179206848145,-23.253110885620117,-16.378019332885742,-16.032142639160156,-17.77819061279297,-5.197228908538818,-4.679184436798096,-3.223093032836914,0.6082000136375427,7.99080753326416,0.2616685628890991,0.10082075744867325,0.21293893456459045,0.32392752170562744,0.12820667028427124,0.17643889784812927,0.09476213157176971,0.22065629065036774,0.0855707973241806,0.0672096535563469,0.1682603508234024,0.11987639963626862,-0.19919540344587455,0.3757314843186224,0.21524955815339716,-0.005511653102013978,0.01785651838007918,0.07033253635067466,1537.1943053695102,1652.338660742554,2652.775625695385,0.07000071050212849,151.99908088235293
vio_075_classic.mp3,../Data/raw/violin_data\vio_075_classic.mp3,violin_data,-361.8424987792969,94.45759582519531,22.99867057800293,15.356396675109863,-3.4563660621643066,-4.26938533782959,-9.8829927444458,-14.74440860748291,-9.809807777404785,-8.496331214904785,-15.423660278320312,-11.970444679260254,-11.176071166992188,0.19868791103363037,0.5726413130760193,0.20749777555465698,0.1439838856458664,0.09163592010736465,0.18797573447227478,0.370629221200943,0.17501035332679749,0.17314785718917847,0.14659081399440765,0.2632603943347931,0.11055295169353485,-0.2948592739962934,-0.31504312914496146,-0.20163627036078766,-0.2774039821175033,0.1064826431855388,0.01759428724303005,1641.4952147903825,1824.3149428776062,3042.5066023788218,0.07831623089202787,172.265625
vio_076_classic.mp3,../Data/raw/violin_data\vio_076_classic.mp3,violin_data,-306.0656433105469,114.23336029052734,38.63178634643555,20.22525405883789,-4.263825416564941,0.8177295327186584,0.9133540987968445,1.0140111446380615,-7.272676944732666,-3.1352853775024414,-2.834084987640381,-13.096537590026855,-7.412537097930908,0.27904677391052246,0.22554977238178253,0.23526345193386078,0.1700291931629181,0.2876264154911041,0.40908604860305786,0.200580894947052,0.17081984877586365,0.1606895476579666,0.2616198658943176,0.24655841290950775,0.1817619949579239,0.12427622655820779,0.272328281760654,-0.15975053276949214,0.030945044182346598,-0.0029055781442604437,-0.0023804174517141835,1432.705210326706,1887.1617002656637,2629.8340977529992,0.06431896103424922,99.38401442307692
vio_077_classic.mp3,../Data/raw/violin_data\vio_077_classic.mp3,violin_data,-317.90338134765625,106.75614166259766,24.087156295776367,30.708690643310547,12.585882186889648,5.780540943145752,3.0379831790924072,-7.286327838897705,7.45245885848999,2.6046600341796875,-9.158400535583496,-6.976426601409912,-5.861697673797607,0.16512227058410645,0.18765786290168762,0.38414257764816284,0.3481556475162506,0.19008611142635345,0.22304175794124603,0.24119487404823303,0.3447684943675995,0.20540747046470642,0.25391530990600586,0.1983824223279953,0.10134191066026688,0.06940577749280165,0.3696766352228936,0.2605913421786974,-0.15535048705824128,0.034642086731214994,-0.006020079329874622,1356.2085692015671,1778.4531800160999,2457.0768090593556,0.05761000689338235,129.19921875
vio_078_classic.mp3,../Data/raw/violin_data\vio_078_classic.mp3,violin_data,-321.1960754394531,130.6883087158203,23.499483108520508,17.349973678588867,10.930076599121094,-6.761702060699463,-2.80523419380188,-8.342047691345215,-5.38638973236084,-0.6758017539978027,-1.323861837387085,-5.751806259155273,-4.748920440673828,0.36676713824272156,0.17179878056049347,0.20598667860031128,0.14591044187545776,0.26488611102104187,0.1647021472454071,0.1563815474510193,0.34011560678482056,0.1916249543428421,0.2271491140127182,0.13780197501182556,0.24966813623905182,0.20587213960716963,0.2616126145083415,0.038077906585779954,0.1708507293966114,0.010894458336635953,0.037462958540159595,1245.522049840509,1585.0411193970835,2377.8106217044797,0.05639799608165635,83.35433467741936
vio_079_classic.mp3,../Data/raw/violin_data\vio_079_classic.mp3,violin_data,-308.3858337402344,101.92970275878906,29.067386627197266,6.150463104248047,-3.7317771911621094,-10.627826690673828,10.237369537353516,-28.9169921875,1.7804462909698486,-11.260297775268555,-12.508522987365723,-14.965472221374512,-18.734731674194336,0.22188782691955566,0.14813083410263062,0.250349760055542,0.17457126080989838,0.2871268689632416,0.261290967464447,0.14692024886608124,0.29284682869911194,0.14424556493759155,0.20562781393527985,0.1098078191280365,0.16561497747898102,0.29158386456296004,0.2591766242580783,-0.04808865459652088,0.13001399293775076,0.0027055673476258217,0.012031487552332869,1914.9233592335559,2384.8561364770267,3437.462547467589,0.0778638526751161,184.5703125
vio_080_classic.mp3,../Data/raw/violin_data\vio_080_classic.mp3,violin_data,-305.03900146484375,142.20114135742188,11.364092826843262,8.388733863830566,-6.101832866668701,-20.58206558227539,-4.728489875793457,-8.578088760375977,-17.574798583984375,-10.195221900939941,-6.245868682861328,-20.513004302978516,-23.53403663635254,0.1933729499578476,0.13468387722969055,0.2545720338821411,0.15968172252178192,0.3036381006240845,0.3878428339958191,0.14446409046649933,0.17887969315052032,0.13667096197605133,0.3103199601173401,0.20203278958797455,0.12391931563615799,0.16900717916084582,0.2667244364338275,-0.19445499604909924,-0.02840684478721903,-0.02609312210768502,-0.02080418343049179,1173.1791821726501,1361.1618652323705,2025.762750489793,0.06276870585816563,112.34714673913044
vio_081_classic.mp3,../Data/raw/violin_data\vio_081_classic.mp3,violin_data,-264.7244873046875,135.57342529296875,6.593997955322266,20.281370162963867,4.928284168243408,3.845639944076538,-1.0820380449295044,-10.992825508117676,-3.991053819656372,-5.094537258148193,-3.610975980758667,-8.489603996276855,-3.870880126953125,0.25773945450782776,0.1847294718027115,0.312865287065506,0.15939852595329285,0.23480062186717987,0.3159217834472656,0.15766100585460663,0.2123068869113922,0.1706276684999466,0.3263680338859558,0.20830339193344116,0.15062864124774933,0.16128844134854506,0.27444246957514884,-0.14773826927388875,-0.030920047564727944,-0.025484508171871294,0.01740786820260308,1392.622471948345,1695.9113958222372,2575.8844239792957,0.06356915453270123,73.828125
vio_082_classic.mp3,../Data/raw/violin_data\vio_082_classic.mp3,violin_data,-330.5240783691406,98.86790466308594,1.28413724899292,6.716635704040527,-16.77398109436035,-6.654938697814941,-8.827972412109375,2.786867380142212,-2.486231803894043,-5.7783613204956055,-18.848257064819336,-13.447565078735352,-1.0047554969787598,0.40409326553344727,0.11471733450889587,0.15891101956367493,0.0521472729742527,0.08127231895923615,0.19056592881679535,0.07712029665708542,0.1604747772216797,0.10399667918682098,0.33130815625190735,0.1291435956954956,0.12134059518575668,0.21445866642141007,0.38881402015278566,-0.22457352677852513,0.13317937405277888,-0.028232464737875915,0.11204384450576176,1803.48358681767,1734.5112910518933,3175.939128863922,0.10660177413893189,129.19921875
vio_083_classic.mp3,../Data/raw/violin_data\vio_083_classic.mp3,violin_data,-374.6592102050781,117.85488891601562,6.990453720092773,17.64358139038086,-0.9890003204345703,-5.47123908996582,-2.2195310592651367,-16.150115966796875,-9.72590160369873,-6.953187942504883,-17.68705177307129,-14.331672668457031,-11.829089164733887,0.08117541670799255,0.1344195008277893,0.22303339838981628,0.1467137336730957,0.22126710414886475,0.17444773018360138,0.41571030020713806,0.30814868211746216,0.18766286969184875,0.30068162083625793,0.14359918236732483,0.21595405042171478,0.3515622026021604,-0.07746347656718204,0.044059772773908074,-0.19898893712675958,0.013450318596829533,0.02847160779008385,1301.0260171835519,1557.446346629204,2262.3696530935563,0.06159259807952786,198.76802884615384
vio_084_classic.mp3,../Data/raw/violin_data\vio_084_classic.mp3,violin_data,-305.3902282714844,99.00337219238281,0.9662451148033142,23.90681266784668,-9.754490852355957,-8.218084335327148,-9.919988632202148,-15.287736892700195,-13.936680793762207,-6.73734712600708,-14.601837158203125,-6.340900421142578,-1.7324234247207642,0.11565669625997543,0.11970870941877365,0.3604242205619812,0.15021884441375732,0.1764366626739502,0.0766238272190094,0.14710494875907898,0.3784579038619995,0.13521304726600647,0.11452021449804306,0.09914220869541168,0.2713988423347473,0.4284348646724866,0.09249042225894455,0.3325020280267846,-0.057109813382322905,-0.0058468415117259535,-0.10138411731557866,1549.3675020858511,1713.4649813278818,2860.5243694671535,0.07089564084268576,172.265625
vio_085_classic.mp3,../Data/raw/violin_data\vio_085_classic.mp3,violin_data,-344.2556457519531,129.22105407714844,19.722997665405273,24.280277252197266,-1.875038981437683,-1.3079255819320679,-2.161210298538208,-14.875043869018555,-3.490009069442749,-8.590576171875,-11.4403657913208,-13.73788833618164,-6.384529113769531,0.33018064498901367,0.19931739568710327,0.2701014578342438,0.18128880858421326,0.23836924135684967,0.20339149236679077,0.1242506206035614,0.24354413151741028,0.19027738273143768,0.2539477050304413,0.17078755795955658,0.25998976826667786,0.25941027531614597,0.15842798750682793,-0.023794524382526726,0.10212476357465144,-0.010035035215247295,0.024813562395307374,1288.4666635760166,1500.0983828147625,2368.6023440523413,0.060137580422794115,123.046875
vio_086_classic.mp3,../Data/raw/violin_data\vio_086_classic.mp3,violin_data,-361.1431884765625,117.71427154541016,3.795269250869751,5.678688049316406,-10.248146057128906,-3.674863338470459,-4.582529067993164,-7.011597633361816,-8.869120597839355,-9.175309181213379,-18.407455444335938,-12.994706153869629,2.2000045776367188,0.14924728870391846,0.35797399282455444,0.15641582012176514,0.1151624396443367,0.250095397233963,0.10076171904802322,0.10611056536436081,0.08940227329730988,0.2699315845966339,0.3903674781322479,0.1512809544801712,0.23388054966926575,0.22976765857452766,-0.34231500709824536,-0.29243018729799664,0.09407742913001813,0.03696409015984181,0.014207685046378541,1188.3363546237429,1364.0401930254639,1974.254728618421,0.062113381022639316,172.265625
vio_087_classic.mp3,../Data/raw/violin_data\vio_087_classic.mp3,violin_data,-354.0449523925781,109.62863159179688,4.122333526611328,9.16869831085205,-11.08897590637207,-12.1522216796875,-7.34151029586792,-19.158369064331055,-7.803381443023682,-7.420478820800781,-18.699052810668945,-13.550957679748535,-11.892284393310547,0.15890651941299438,0.12101735919713974,0.2711642384529114,0.11537604033946991,0.15442697703838348,0.07327599078416824,0.17140987515449524,0.25647684931755066,0.12808312475681305,0.2922639548778534,0.14136730134487152,0.28987228870391846,0.40537533020298583,0.053771555473083425,0.14742536894182728,-0.07322819076980185,-0.0163852534975129,-0.0010707580044558383,1519.4075413660767,1555.1477971242643,2605.8509094427245,0.08392617429373066,107.666015625
vio_088_classic.mp3,../Data/raw/violin_data\vio_088_classic.mp3,violin_data,-306.8201904296875,93.80630493164062,12.88162899017334,2.5120551586151123,-17.05112648010254,-11.056877136230469,-12.232015609741211,-7.388228416442871,2.8916592597961426,4.580183982849121,-3.7684314250946045,-13.821447372436523,-11.648582458496094,0.19681955873966217,0.08290188759565353,0.09009789675474167,0.051415931433439255,0.101278156042099,0.3107414245605469,0.12232642620801926,0.2355279177427292,0.12851984798908234,0.3423955738544464,0.16143852472305298,0.07587160915136337,0.11101268819003143,0.41017967059099536,-0.24043412585980653,0.04962370954756664,-0.03393543205085987,0.03560517767562562,1750.6639145005486,1924.7642149956582,3250.688676863632,0.08326933775154799,86.1328125
vio_089_classic.mp3,../Data/raw/violin_data\vio_089_classic.mp3,violin_data,-387.06622314453125,98.76309204101562,18.36039924621582,8.145662307739258,-10.086721420288086,-10.775313377380371,-2.1928350925445557,-14.290876388549805,-4.456866264343262,-6.384030818939209,-12.086706161499023,-10.272790908813477,-5.662067890167236,0.22603626549243927,0.13245302438735962,0.2613724172115326,0.1292497217655182,0.16495442390441895,0.10658248513936996,0.25701192021369934,0.24710017442703247,0.11239667981863022,0.19023281335830688,0.11988846212625504,0.2810094952583313,0.31963784037710785,0.01093162197178885,0.18118205602360446,-0.07357738060264397,-0.019447523458642403,0.02052954428848356,1380.3390502125096,1542.3016563278313,2352.7524398945434,0.0719787786619582,215.33203125
vio_090_classic.mp3,../Data/raw/violin_data\vio_090_classic.mp3,violin_data,-289.5030517578125,138.1196746826172,-5.991515636444092,28.187650680541992,-2.34665846824646,-11.441123962402344,-6.266158103942871,-6.789409637451172,-8.651312828063965,-2.1071279048919678,-7.181264877319336,-15.946459770202637,-1.9025553464889526,0.22795945405960083,0.13810525834560394,0.23969526588916779,0.1523246318101883,0.28585901856422424,0.14107392728328705,0.23009011149406433,0.25846078991889954,0.14823317527770996,0.19654306769371033,0.17052879929542542,0.3865776062011719,0.31861655944827105,-0.05295308380738652,0.14429080519600315,0.034706985314654715,-0.0059125264026417945,-0.017974659493587685,1229.8165796839182,1354.8784666581519,2340.1108496698434,0.06074679820530186,161.4990234375
vio_091_classic.mp3,../Data/raw/violin_data\vio_091_classic.mp3,violin_data,-285.98724365234375,82.90432739257812,-8.62139892578125,27.30516242980957,-11.546377182006836,-8.467275619506836,-11.11581802368164,-10.188502311706543,-0.4260066747665405,-5.9339599609375,-13.666133880615234,-12.756817817687988,-4.940752983093262,0.11196459829807281,0.1255643218755722,0.29309189319610596,0.10948812961578369,0.05774941295385361,0.11922531574964523,0.16736695170402527,0.33311647176742554,0.17723369598388672,0.30752137303352356,0.302962064743042,0.10322748124599457,0.10472633579934361,0.3548077187718256,0.06888835187617547,-0.23073433229424736,0.07385061409285547,-0.03755507084642656,1892.0215020276878,1899.148376448612,3521.1537080652574,0.09288832720588236,123.046875
vio_092_classic.mp3,../Data/raw/violin_data\vio_092_classic.mp3,violin_data,-315.3525390625,129.26016235351562,14.650176048278809,17.554643630981445,-4.279953479766846,-7.2289276123046875,-7.034289836883545,-14.066997528076172,-11.383538246154785,-9.126129150390625,-15.7912015914917,-12.648192405700684,-11.58993148803711,0.18875828385353088,0.1500341147184372,0.3393421173095703,0.1515684276819229,0.1698114424943924,0.09268873184919357,0.19867432117462158,0.4130086898803711,0.17766213417053223,0.23482780158519745,0.17008060216903687,0.390281617641449,0.4021357423767947,0.10213231301977344,0.28471507615303104,-0.06245362361202499,-0.006284774520982325,-0.04699838503803436,1199.3342763994133,1470.466079294503,2198.695038125242,0.05239121758900929,143.5546875
vio_093_classic.mp3,../Data/raw/violin_data\vio_093_classic.mp3,violin_data,-343.6117858886719,144.50430297851562,28.589475631713867,17.777673721313477,4.644134044647217,-8.611696243286133,-2.8766300678253174,-13.31163215637207,-10.135370254516602,-6.115206241607666,-8.860197067260742,-9.719914436340332,1.0590291023254395,0.17685984075069427,0.15230807662010193,0.39591631293296814,0.29574134945869446,0.16910095512866974,0.25102856755256653,0.17487302422523499,0.20023280382156372,0.1139705628156662,0.22898687422275543,0.232208251953125,0.10233727097511292,0.025341090917385418,0.3086367298863555,0.011661321152498582,-0.1351386977350824,-0.02995352574037229,0.011678476289565603,1171.9712127059254,1417.4910603793448,2129.4871232827013,0.05636020341524768,112.34714673913044
vio_094_classic.mp3,../Data/raw/violin_data\vio_094_classic.mp3,violin_data,-357.4761657714844,106.09920501708984,13.489073753356934,8.053868293762207,-6.765741348266602,-8.119497299194336,-9.248639106750488,-17.17807388305664,-9.152535438537598,-8.879378318786621,-10.889405250549316,-11.199554443359375,-6.915285587310791,0.1866767853498459,0.31189391016960144,0.16416919231414795,0.24971067905426025,0.11157742887735367,0.19774699211120605,0.3893306851387024,0.14097879827022552,0.15713252127170563,0.11905163526535034,0.3036021292209625,0.19760073721408844,-0.27129850300388375,-0.2815759912291367,0.04419718202176563,-0.23284541948076917,0.02038086345755234,0.038853376754289314,1521.3329833903301,1662.7425917501428,2512.359808103957,0.0794651279508514,161.4990234375
vio_095_classic.mp3,../Data/raw/violin_data\vio_095_classic.mp3,violin_data,-251.28318786621094,163.6036376953125,15.025545120239258,15.58503532409668,9.472566604614258,1.6723275184631348,1.6647865772247314,4.924610137939453,-4.154815196990967,-5.518335342407227,-0.73681640625,-3.8421263694763184,1.929680347442627,0.15277042984962463,0.31069931387901306,0.3391638994216919,0.16861574351787567,0.21875815093517303,0.14110124111175537,0.2741265594959259,0.22759412229061127,0.20095987617969513,0.31888777017593384,0.17608970403671265,0.24270689487457275,0.29845039803265677,-0.06547976087363507,-0.0077026611459464055,-0.11962559647553951,-0.012083566778198825,-0.012689655531370225,1061.9771550617313,1392.0090769654494,1816.872346954818,0.05711227747678019,123.046875
vio_096_classic.mp3,../Data/raw/violin_data\vio_096_classic.mp3,violin_data,-263.09649658203125,122.16563415527344,13.864540100097656,28.791324615478516,-6.552590847015381,-6.463579177856445,-7.749222755432129,-12.551498413085938,-1.4101125001907349,0.7524629235267639,4.276103973388672,-6.032918930053711,-0.9186654686927795,0.24846890568733215,0.1441199779510498,0.20565453171730042,0.18322056531906128,0.28405195474624634,0.16460050642490387,0.32305434346199036,0.32609257102012634,0.15503768622875214,0.23820289969444275,0.19600799679756165,0.40822744369506836,0.23388244409423437,-0.050734409245959323,0.16485283081473825,-0.0010163043642773862,-0.008448193666388248,-0.010927073525599311,1622.0056032949453,1984.9389678462453,3089.806316363922,0.07321157544020898,123.046875
vio_097_classic.mp3,../Data/raw/violin_data\vio_097_classic.mp3,violin_data,-377.8806457519531,96.84597778320312,7.2819952964782715,10.028010368347168,-4.001274585723877,-5.643858432769775,-4.958552837371826,-5.95280647277832,-7.7618327140808105,-9.318464279174805,-17.296985626220703,-13.388364791870117,-9.24911880493164,0.2092231959104538,0.0832362100481987,0.1621915102005005,0.08763614296913147,0.1919669210910797,0.09712956100702286,0.20285166800022125,0.3733866214752197,0.11360820382833481,0.1337721347808838,0.09714774042367935,0.28553423285484314,0.37125358230532474,0.050576781591728084,0.2736850759934817,0.013553365801378729,0.016673881307507535,-0.02026806235224303,1679.1569677167774,1712.3396516810374,2897.9824762964395,0.09817778879643962,184.5703125
vio_098_classic.mp3,../Data/raw/violin_data\vio_098_classic.mp3,violin_data,-347.6297302246094,102.85676574707031,10.69805908203125,8.335965156555176,-18.02350616455078,-6.614076614379883,-2.5987110137939453,-24.086990356445312,-8.277653694152832,-21.587562561035156,-21.898679733276367,-14.198606491088867,-8.289945602416992,0.2920950949192047,0.46080535650253296,0.17684760689735413,0.15644954144954681,0.10452451556921005,0.21199698746204376,0.13881848752498627,0.09601141512393951,0.23144131898880005,0.10954596102237701,0.1744363009929657,0.09268446266651154,-0.35446155481416575,-0.11460258277677325,-0.26922691220083517,0.06527584024842663,0.04105303152454535,-0.04037534058416237,1654.4326897254798,1924.2540493985337,2839.8161613535217,0.0748544226489938,151.99908088235293
vio_099_classic.mp3,../Data/raw/violin_data\vio_099_classic.mp3,violin_data,-349.0450439453125,126.61007690429688,-5.784348964691162,-4.349089622497559,-15.379637718200684,-25.071504592895508,-16.31863784790039,-25.20796012878418,-14.96453857421875,-9.682676315307617,-10.767961502075195,-6.291312217712402,-8.0189847946167,0.08455010503530502,0.24498599767684937,0.3476909101009369,0.12948749959468842,0.23158890008926392,0.12837159633636475,0.31003159284591675,0.1517091691493988,0.11084584146738052,0.29313474893569946,0.10607564449310303,0.16393032670021057,0.371912860920717,-0.17373781150591194,-0.09941616076144397,-0.20318683630595102,-0.014715087417596034,0.022714044975438816,1328.2519518849208,1385.535649313956,2225.2865439967104,0.0747383991631192,83.35433467741936
vio_100_classic.mp3,../Data/raw/violin_data\vio_100_classic.mp3,violin_data,-280.5812683105469,121.24427795410156,1.0116586685180664,12.056868553161621,4.554996013641357,-12.111993789672852,-6.027858257293701,-0.6025611758232117,-0.4495818018913269,-2.434709310531616,-13.577946662902832,-18.22706413269043,-12.46495246887207,0.16114036738872528,0.1459936946630478,0.2343386709690094,0.1035165935754776,0.14721396565437317,0.17232424020767212,0.1277400702238083,0.25162065029144287,0.21663923561573029,0.4701235890388489,0.30056682229042053,0.1317923218011856,0.21782300250472714,0.2162657440900254,-0.11218664302035085,-0.04904882438915521,0.020423303319635603,0.015849451007224753,1749.0621590906387,1858.5672746433108,3231.8054577145413,0.09162491836784056,123.046875
vio_101_classic.mp3,../Data/raw/violin_data\vio_101_classic.mp3,violin_data,-333.4379577636719,159.84092712402344,4.437047481536865,12.322900772094727,4.578436374664307,-5.490896701812744,-4.258737564086914,-12.624863624572754,-2.6735587120056152,-2.0728087425231934,-7.78819465637207,-12.511344909667969,-9.547831535339355,0.2402595579624176,0.15791310369968414,0.2508537173271179,0.1193833127617836,0.09227105230093002,0.1826426088809967,0.14793619513511658,0.2734757959842682,0.16218791902065277,0.30787697434425354,0.3153267502784729,0.14267955720424652,0.1002628068649931,0.29880516527463746,0.019802970115215004,-0.10904547831853825,0.0354573400638279,-0.005913574128712793,1121.6395385019966,1252.1835848725598,1938.6382773195628,0.06077325307178793,184.5703125
vio_102_classic.mp3,../Data/raw/violin_data\vio_102_classic.mp3,violin_data,-265.62933349609375,118.9926986694336,3.3377795219421387,30.539264678955078,-0.5483126044273376,4.386321067810059,-6.949532985687256,4.570253372192383,-3.810840606689453,7.41353178024292,-4.768672466278076,-6.238028049468994,-2.622185468673706,0.10496342927217484,0.2254188507795334,0.31775179505348206,0.13120155036449432,0.1669808328151703,0.11953070759773254,0.3642776906490326,0.19492687284946442,0.14636753499507904,0.2812331020832062,0.14429430663585663,0.2425088733434677,0.3873049172466063,-0.057046559705135204,-0.046006598093654344,-0.25485241462962405,-0.03875534110993683,0.019558315923820062,1567.6653481430044,1713.9096880746729,3026.306700337413,0.09278553115325078,129.19921875
vio_103_classic.mp3,../Data/raw/violin_data\vio_103_classic.mp3,violin_data,-323.1842956542969,147.63690185546875,17.165807723999023,9.656285285949707,-3.726397752761841,-4.827890396118164,-1.3618500232696533,-14.878059387207031,2.101564407348633,-9.184925079345703,-7.302248477935791,-9.787927627563477,-3.6689274311065674,0.21696606278419495,0.10827557742595673,0.18052299320697784,0.18001747131347656,0.15382525324821472,0.39949893951416016,0.21259857714176178,0.18203294277191162,0.09512970596551895,0.17429059743881226,0.33022233843803406,0.1732327938079834,-0.13787267493587232,0.35002555432961713,-0.11519791740856003,-0.15022847005407597,-0.009334630804578812,-0.03755002492024096,1172.2319570951122,1482.958937898803,1999.2629107306984,0.05874605444562694,215.33203125
vio_104_classic.mp3,../Data/raw/violin_data\vio_104_classic.mp3,violin_data,-321.7000427246094,95.81564331054688,6.823075771331787,29.354110717773438,-8.661359786987305,-4.100342273712158,-2.632498025894165,-15.385016441345215,3.627061128616333,-12.361671447753906,-17.34109115600586,-12.539992332458496,-8.404546737670898,0.19565944373607635,0.08885213732719421,0.14105744659900665,0.23872895538806915,0.15673233568668365,0.24762363731861115,0.1580067276954651,0.30469438433647156,0.17321336269378662,0.12238772213459015,0.23850668966770172,0.15209314227104187,-0.26557622863703706,0.28992899263364647,0.17950640722088176,-0.0035897856338553517,0.04239351528888992,0.006483719858491366,1534.0307827896231,1775.5397122964578,2801.858057547649,0.06343272300696594,117.45383522727273
vio_105_classic.mp3,../Data/raw/violin_data\vio_105_classic.mp3,violin_data,-268.998291015625,114.70240783691406,-7.135609149932861,28.714431762695312,-15.325081825256348,-12.3824462890625,-9.639561653137207,-14.768465042114258,-7.186768531799316,-2.106178045272827,-22.773508071899414,-14.897812843322754,-4.769386291503906,0.2334233522415161,0.12566299736499786,0.22714337706565857,0.10075143724679947,0.08083578199148178,0.10631518810987473,0.10908325016498566,0.24687518179416656,0.14067240059375763,0.31753474473953247,0.2830084264278412,0.11642855405807495,0.15008567330557623,0.33657535658782956,-0.004361955856979364,-0.1373128595459384,0.03902205316539032,0.030929775906674683,1363.9654545630415,1494.3073992703396,2794.2831033523607,0.06989980408281733,123.046875
vio_106_classic.mp3,../Data/raw/violin_data\vio_106_classic.mp3,violin_data,-346.66680908203125,91.55712890625,13.887749671936035,17.97235107421875,-3.1621463298797607,-4.985195159912109,-7.591670513153076,-3.1407322883605957,-1.1436609029769897,-1.140930414199829,-10.621344566345215,-10.348796844482422,-12.612317085266113,0.2533671259880066,0.1285732239484787,0.22323371469974518,0.12724392116069794,0.25132450461387634,0.09489687532186508,0.1316058337688446,0.40556544065475464,0.22589446604251862,0.29528847336769104,0.12965980172157288,0.1978778839111328,0.39814679462086355,0.290179466267146,0.09645463240959305,0.09016722058306072,0.04465841101557789,0.011045589724435145,1582.9824258948754,1808.9985644063572,2940.623885116341,0.07759854815692724,135.99917763157896
vio_107_classic.mp3,../Data/raw/violin_data\vio_107_classic.mp3,violin_data,-366.43145751953125,107.62531280517578,36.432960510253906,12.81161117553711,-8.54141902923584,-8.857900619506836,-8.516369819641113,-22.5108699798584,-7.390773296356201,-14.73752498626709,-9.81916332244873,-11.621458053588867,-10.171459197998047,0.3842054009437561,0.18097464740276337,0.21732939779758453,0.12914232909679413,0.23153968155384064,0.24028803408145905,0.13106490671634674,0.24372592568397522,0.10919728875160217,0.09989501535892487,0.07866678386926651,0.22196629643440247,0.2294773399929674,0.3358446719501827,0.04013346388089772,0.19653363764410747,-0.004761745926269596,0.004191906679235743,1128.8599474247903,1272.1134328832215,1821.2806536317241,0.06160506965944272,161.4990234375
vio_108_classic.mp3,../Data/raw/violin_data\vio_108_classic.mp3,violin_data,-302.57025146484375,91.1883544921875,14.94403076171875,16.381458282470703,-1.3645613193511963,-11.49254322052002,-7.123172283172607,-17.351774215698242,-7.20526647567749,-9.14140796661377,-19.093835830688477,-14.821870803833008,-12.62082576751709,0.15564791858196259,0.15223467350006104,0.3107112944126129,0.19281405210494995,0.22339490056037903,0.10387299209833145,0.17011502385139465,0.30006903409957886,0.16067582368850708,0.2534116804599762,0.15029455721378326,0.2699761986732483,0.40484584546348956,0.11149710511528911,0.17152795128217224,-0.05948194383208187,-0.007463354223287799,-0.03440635444584422,1830.5589293915803,2086.2071900738156,3613.219818020753,0.07876823118227554,172.265625
vio_109_classic.mp3,../Data/raw/violin_data\vio_109_classic.mp3,violin_data,-349.2065734863281,104.82256317138672,12.01279354095459,-1.2009319067001343,-24.27080726623535,-21.232513427734375,-14.255722999572754,-17.551179885864258,-10.751943588256836,-10.783313751220703,-16.07764434814453,-10.870200157165527,-7.004627227783203,0.3424271047115326,0.13118118047714233,0.15037153661251068,0.11726038157939911,0.2886768579483032,0.16521015763282776,0.10634713619947433,0.26391080021858215,0.14381860196590424,0.26576340198516846,0.10514730215072632,0.19222043454647064,0.313965916534731,0.24688234079766955,0.0215439413434136,0.2388886065467768,0.04115763957905669,0.03780646390706371,1510.5773444570086,1587.6814681558226,2496.526570512045,0.08078824920181889,161.4990234375
vio_110_classic.mp3,../Data/raw/violin_data\vio_110_classic.mp3,violin_data,-276.5173034667969,95.76718139648438,-12.698562622070312,20.37445640563965,-9.576217651367188,-8.087084770202637,-11.4539213180542,-12.32277774810791,-12.714531898498535,-5.618691921234131,-12.585539817810059,-11.222379684448242,-3.556304931640625,0.15667909383773804,0.10218522697687149,0.24951055645942688,0.07095789164304733,0.05244666710495949,0.047086965292692184,0.1832401007413864,0.2869795560836792,0.1224675253033638,0.24635516107082367,0.10710537433624268,0.26869669556617737,0.38782435977570334,0.05160184821257102,0.14127174117144672,-0.10167522462706269,-0.03424147358137943,0.022687686096933474,1697.0302092191343,1727.69311925054,3053.4565361660702,0.08843446146962074,135.99917763157896
vio_111_classic.mp3,../Data/raw/violin_data\vio_111_classic.mp3,violin_data,-314.5714416503906,102.06005859375,16.244144439697266,22.06863021850586,4.366124629974365,-4.893213748931885,-3.869817018508911,-14.127184867858887,-3.4140474796295166,10.553730964660645,-6.60722541809082,-7.3872575759887695,-6.830055236816406,0.16434313356876373,0.15780439972877502,0.3983481824398041,0.1656821221113205,0.09883594512939453,0.1768518090248108,0.20372626185417175,0.3463076055049896,0.18166540563106537,0.24812522530555725,0.2222265750169754,0.11185116320848465,0.15170312341233272,0.4201816524124825,0.17294765704804482,-0.16368152791550947,0.05312149045144617,-0.03567970096623903,1623.8694073538632,1809.231103796419,3066.0397934101684,0.07654715617743808,215.33203125
vio_112_classic.mp3,../Data/raw/violin_data\vio_112_classic.mp3,violin_data,-284.4723205566406,144.18817138671875,17.995399475097656,20.583484649658203,6.539577960968018,1.7755391597747803,2.148145914077759,-2.7080860137939453,-2.3698668479919434,-6.005252838134766,-10.758711814880371,-13.225384712219238,-8.646835327148438,0.13512083888053894,0.23938368260860443,0.29586541652679443,0.1816876232624054,0.2651028037071228,0.1828908920288086,0.38222917914390564,0.26268863677978516,0.1754319667816162,0.25776124000549316,0.19953852891921997,0.2626021206378937,0.30274011515694466,-0.13189388072488328,0.05677096081819035,-0.14214370625687192,-0.002283668012456154,-0.005235788252253462,980.8979388527264,1262.473062195083,1734.7311769845685,0.05141919020897833,112.34714673913044
vio_113_classic.mp3,../Data/raw/violin_data\vio_113_classic.mp3,violin_data,-306.18170166015625,120.6983871459961,7.395430088043213,22.3132381439209,-4.5826849937438965,-9.985215187072754,-3.448859453201294,-8.574370384216309,-4.199132442474365,1.7788857221603394,-9.888602256774902,-3.7903387546539307,-1.1644554138183594,0.1076183170080185,0.22188405692577362,0.40585610270500183,0.15332581102848053,0.1602943241596222,0.11367814242839813,0.24042987823486328,0.11005562543869019,0.13856589794158936,0.3434818983078003,0.15229934453964233,0.23970171809196472,0.3987826779061962,-0.03259461119799177,-0.06133978093895724,-0.27048637141652365,-0.07353607283440881,-0.005248288959471064,1389.7138716057314,1663.7110064558015,2581.0427261210816,0.07040395825270898,107.666015625
vio_114_classic.mp3,../Data/raw/violin_data\vio_114_classic.mp3,violin_data,-314.7784423828125,112.32907104492188,3.762932300567627,26.18400764465332,-5.888375759124756,-11.141653060913086,-7.182669162750244,-7.593849182128906,-6.690206050872803,-4.929931640625,-8.484889030456543,-6.212813377380371,-3.198418378829956,0.32488688826560974,0.16586634516716003,0.285129189491272,0.13456347584724426,0.22363919019699097,0.18100666999816895,0.11284837126731873,0.22202849388122559,0.08866024762392044,0.11543847620487213,0.05486157163977623,0.16124072670936584,0.28005602073493,0.3139514144665739,0.04163807294736594,0.15412204959498277,-0.006315360795392097,0.011027122938831806,1588.1449359657745,1717.4394552354977,2937.6489031056503,0.07961176349651702,117.45383522727273
vio_115_classic.mp3,../Data/raw/violin_data\vio_115_classic.mp3,violin_data,-313.7796630859375,143.99391174316406,38.26871871948242,7.7604851722717285,1.444961428642273,-12.527495384216309,-4.7032151222229,-5.067961692810059,-14.567848205566406,-5.841841697692871,-8.202361106872559,-10.94285774230957,-9.486038208007812,0.20643877983093262,0.17160993814468384,0.32100722193717957,0.17012612521648407,0.18849210441112518,0.125975102186203,0.27109599113464355,0.3496057987213135,0.1316562443971634,0.16855618357658386,0.15056081116199493,0.2621039152145386,0.28799449175185476,0.05776156364988419,0.1885382884744109,-0.08013348734276968,-0.0010902855861123272,-0.007951147585770969,1130.5984648357949,1450.0543457165036,1928.3216730359907,0.05298494037828947,123.046875
vio_116_classic.mp3,../Data/raw/violin_data\vio_116_classic.mp3,violin_data,-308.07373046875,99.26741790771484,3.914785861968994,9.522416114807129,-21.17299461364746,-21.191755294799805,-12.4483642578125,-23.219736099243164,-8.933115005493164,-8.48878002166748,-21.114356994628906,-14.544241905212402,-11.306405067443848,0.14364279806613922,0.10166122019290924,0.256889283657074,0.10320722311735153,0.10306934267282486,0.05707934498786926,0.13879169523715973,0.3209472894668579,0.13597632944583893,0.2844005227088928,0.15061438083648682,0.3156052231788635,0.4587071180401244,0.07363891427470841,0.16531315986591466,-0.07704082864171641,-0.021262388224944192,-0.014347799031350182,1685.0506883320375,1813.2630854503918,3085.2646771599266,0.0783608262383901,129.19921875
vio_117_classic.mp3,../Data/raw/violin_data\vio_117_classic.mp3,violin_data,-374.9544372558594,136.83187866210938,6.128803253173828,-6.480934143066406,-13.030609130859375,-17.150529861450195,-12.549710273742676,-21.230289459228516,-16.330245971679688,-12.58293628692627,-16.396867752075195,-14.734795570373535,-7.3172926902771,0.07820986956357956,0.15774033963680267,0.3071237802505493,0.13214993476867676,0.21751689910888672,0.18776938319206238,0.10124728828668594,0.18255606293678284,0.19087356328964233,0.4777753949165344,0.15019376575946808,0.04222211241722107,0.36470600050294877,0.12413597436527071,-0.25509109480395536,-0.040324686409314185,-0.004622649794085278,0.020850941010571708,1083.3976614350465,1160.2895681099837,1792.9141584933727,0.06152835054663313,161.4990234375
vio_118_classic.mp3,../Data/raw/violin_data\vio_118_classic.mp3,violin_data,-275.7115783691406,89.03520202636719,-13.303154945373535,15.336448669433594,-13.158817291259766,-14.668020248413086,-16.68671226501465,-18.201139450073242,-10.903435707092285,-4.940688133239746,-9.23261547088623,-5.268176078796387,-4.495820045471191,0.08354510366916656,0.06416083127260208,0.22642850875854492,0.20042452216148376,0.07265157997608185,0.15146560966968536,0.08312897384166718,0.2510446310043335,0.18953973054885864,0.14153800904750824,0.3805069625377655,0.10414323210716248,-0.22962238153525952,0.31392628925853683,0.13130763899500694,-0.18473455564377705,0.03186736677793348,-0.037572451905480087,1578.062286309802,1579.4891474310464,2892.2158444998063,0.08122097523219814,143.5546875
vio_119_classic.mp3,../Data/raw/violin_data\vio_119_classic.mp3,violin_data,-350.4002380371094,90.16413879394531,22.188013076782227,22.80681800842285,-3.8166730403900146,-2.937885046005249,-7.239709854125977,-6.4123663902282715,-2.4851179122924805,3.0605862140655518,-4.465978145599365,-4.862927436828613,-12.287408828735352,0.23269648849964142,0.10604412853717804,0.17203859984874725,0.3026048243045807,0.16477538645267487,0.27185946702957153,0.13942362368106842,0.32472050189971924,0.11713115125894547,0.08240323513746262,0.16603553295135498,0.11645866930484772,-0.26945071589228126,0.3293606201110937,0.2200322617955459,0.0454132724782211,0.018951239101508865,0.06641066460542232,1625.0718630367894,1721.4213964264352,2993.7485638786766,0.08713892886513158,172.265625
vio_120_classic.mp3,../Data/raw/violin_data\vio_120_classic.mp3,violin_data,-291.3019104003906,116.34326934814453,3.0665793418884277,24.911602020263672,-1.4236104488372803,-5.41465425491333,-10.322697639465332,-12.254007339477539,-9.654451370239258,-5.089644908905029,-9.541560173034668,-10.96700382232666,-5.084587574005127,0.1561507135629654,0.09110350906848907,0.2505709230899811,0.166615292429924,0.31747254729270935,0.14507757127285004,0.19242805242538452,0.18242168426513672,0.08286096900701523,0.12607064843177795,0.1334848403930664,0.37406256794929504,0.4099688132928846,-0.12583989578666813,0.18356202020543774,0.04108282750891047,-0.023157085061507317,-0.04115409886934328,1383.1907144585475,1512.0871754914629,2549.526250030234,0.07567830277670279,112.34714673913044
vio_121_classic.mp3,../Data/raw/violin_data\vio_121_classic.mp3,violin_data,-333.61956787109375,123.75123596191406,47.029380798339844,31.864810943603516,19.983278274536133,-0.27642539143562317,9.71778678894043,-7.342441082000732,2.296363353729248,-8.536247253417969,-9.111031532287598,-19.12217903137207,-15.067561149597168,0.18079689145088196,0.1427912563085556,0.25355562567710876,0.3410298526287079,0.17244462668895721,0.19439944624900818,0.13802115619182587,0.22068794071674347,0.2612672448158264,0.24705389142036438,0.4038049578666687,0.19173775613307953,-0.24504818146261806,0.18242780099601297,0.12093418821212747,-0.02891632573604852,-0.0010213121682801204,0.0053572443659404565,1068.460940894628,1557.0657701172659,1697.2480703064532,0.04433079769736842,99.38401442307692
vio_122_classic.mp3,../Data/raw/violin_data\vio_122_classic.mp3,violin_data,-285.4135437011719,140.8094940185547,24.635778427124023,26.231786727905273,9.535338401794434,2.088590621948242,10.806416511535645,-5.969656467437744,-3.7661356925964355,-9.118694305419922,-5.569273471832275,-12.300551414489746,-8.382092475891113,0.27485498785972595,0.19816763699054718,0.3336436450481415,0.3158414661884308,0.18896792829036713,0.2199786901473999,0.18499577045440674,0.26594123244285583,0.16482767462730408,0.20086868107318878,0.3249815106391907,0.20725545287132263,-0.08913931144566271,0.29290414186608005,0.12977015143714488,-0.10947558806449373,0.023956828087684057,0.0154850466150558,1105.2060608207555,1488.0702011234728,2012.2211657072369,0.043814549874226005,129.19921875
vio_123_classic.mp3,../Data/raw/violin_data\vio_123_classic.mp3,violin_data,-296.9859313964844,112.43245697021484,10.573464393615723,14.7535982131958,-5.261169910430908,-7.422639846801758,-1.593483328819275,-16.04344367980957,-11.54108715057373,-7.990097522735596,-11.949918746948242,-12.277484893798828,-7.067376613616943,0.10892920196056366,0.24953104555606842,0.5069846510887146,0.18185006082057953,0.12738032639026642,0.093051016330719,0.18612048029899597,0.10586676746606827,0.10738725960254669,0.2534661889076233,0.1545504927635193,0.21503391861915588,0.3811958185255385,-0.0628662065039115,-0.040204719317559486,-0.28575945835033995,-0.08160988166097727,-0.0047792235984538845,1472.9115629996513,1725.6778080473985,2673.1588357742357,0.06454836251934984,143.5546875
vio_124_classic.mp3,../Data/raw/violin_data\vio_124_classic.mp3,violin_data,-313.035400390625,123.17562103271484,-10.730618476867676,18.278644561767578,-2.6720426082611084,-9.387937545776367,-6.485815525054932,-17.077531814575195,-8.35071086883545,-9.034832954406738,-16.761695861816406,-7.984081745147705,-5.826035022735596,0.14620020985603333,0.3256072402000427,0.3252590298652649,0.13277468085289001,0.15207338333129883,0.12259995192289352,0.28839001059532166,0.2027941793203354,0.15305213630199432,0.27801549434661865,0.16447673738002777,0.25522568821907043,0.32356430167468525,-0.1687384070583175,-0.016680662762972028,-0.1962650852498994,-0.04010286443090818,0.007268511865610816,1485.3732035138119,1551.8728206578467,2715.7585781794214,0.08193639040731424,151.99908088235293
vio_125_classic.mp3,../Data/raw/violin_data\vio_125_classic.mp3,violin_data,-290.14337158203125,115.7982177734375,15.984664916992188,37.86872482299805,-2.1767868995666504,1.3753148317337036,5.143102645874023,-10.73587703704834,3.4022397994995117,-1.1019176244735718,-8.15412425994873,-5.485769748687744,3.0179948806762695,0.2515822947025299,0.1853685826063156,0.2899472713470459,0.37623330950737,0.21439354121685028,0.24975548684597015,0.17229515314102173,0.2668150067329407,0.1622023731470108,0.17924568057060242,0.3216021656990051,0.20936337113380432,-0.2720057848438612,0.24641539088773898,0.21530620253089117,0.02173161300664386,0.011943998953235741,0.05620427051844372,1364.1256589640707,1724.2536075488244,2568.9677991365133,0.05687002648510062,89.10290948275862
vio_126_classic.mp3,../Data/raw/violin_data\vio_126_classic.mp3,violin_data,-335.5903015136719,119.80654907226562,10.010554313659668,26.892826080322266,-0.636821985244751,-2.5261318683624268,-8.064945220947266,-7.858680248260498,-6.000321865081787,-8.06940746307373,-11.567471504211426,-10.40995979309082,-9.705117225646973,0.23732014000415802,0.1513616293668747,0.28261598944664,0.1797214150428772,0.24353690445423126,0.14467507600784302,0.24206013977527618,0.2992837727069855,0.15373511612415314,0.18987984955310822,0.16292957961559296,0.3485203981399536,0.3569910812380992,0.020951284623712433,0.23351633377339334,-0.018291647873794486,-0.009082530922019624,-0.030264667230088766,1450.046609454341,1637.2405668559181,2633.034078403154,0.06749241123258513,135.99917763157896
vio_127_classic.mp3,../Data/raw/violin_data\vio_127_classic.mp3,violin_data,-344.11541748046875,73.51990509033203,10.84115982055664,1.2851506471633911,-9.899974822998047,-6.890087604522705,-12.087800979614258,-19.013465881347656,-8.538825988769531,-9.091151237487793,-18.168556213378906,-11.200770378112793,-11.811297416687012,0.10577559471130371,0.22565507888793945,0.1342150866985321,0.2571132183074951,0.11396117508411407,0.20118385553359985,0.2667888104915619,0.09708628803491592,0.18042601644992828,0.12983587384223938,0.3328510522842407,0.14880800247192383,-0.38161025432796264,-0.1272867641688165,-0.0006001679567893982,-0.19603006991144376,0.03338108163704383,0.0027009643423812012,2101.837961860004,2123.7357710058623,3915.901321080447,0.10289733697755418,161.4990234375
vio_128_classic.mp3,../Data/raw/violin_data\vio_128_classic.mp3,violin_data,-313.2545471191406,100.48546600341797,19.550006866455078,30.954431533813477,-11.727864265441895,-5.233608245849609,-13.940643310546875,-11.133829116821289,-15.294462203979492,-4.58422327041626,-9.942564010620117,-5.331326961517334,2.455382823944092,0.08136263489723206,0.17141802608966827,0.434756338596344,0.14722423255443573,0.14340098202228546,0.07477246224880219,0.16024532914161682,0.0857853963971138,0.09694448113441467,0.25624796748161316,0.12307858467102051,0.28208816051483154,0.4472800496779748,-0.10946538834138037,0.014753596923687417,-0.25796183064461387,-0.11111669143431033,-0.022955684389463327,1287.8445939775982,1388.6055905162125,2361.0773895547118,0.06739226066660217,103.359375
vio_129_classic.mp3,../Data/raw/violin_data\vio_129_classic.mp3,violin_data,-316.3808898925781,128.4705352783203,15.06212329864502,22.419408798217773,-7.113554954528809,-4.447281837463379,-4.85073184967041,-5.245127201080322,-9.797887802124023,-0.8921920657157898,-9.436201095581055,-6.447925567626953,-5.457302570343018,0.09785201400518417,0.2162083238363266,0.3748338520526886,0.15969419479370117,0.2151266485452652,0.12365974485874176,0.2785217761993408,0.15082010626792908,0.12044690549373627,0.27118781208992004,0.13516315817832947,0.20385225117206573,0.3999341145235754,-0.14182261199569124,-0.05556976324101942,-0.20089912386924683,-0.03190908183421562,0.02850086437170189,1235.651440590222,1429.0965455112837,2339.844184615664,0.06574261077786378,161.4990234375
vio_130_classic.mp3,../Data/raw/violin_data\vio_130_classic.mp3,violin_data,-327.0954895019531,110.24288940429688,12.8751220703125,23.89342498779297,-6.931938648223877,-7.843108177185059,-1.4417160749435425,-19.876659393310547,-14.087104797363281,-5.999302387237549,-10.10348129272461,-12.388957977294922,-5.353916168212891,0.23512808978557587,0.1685917228460312,0.398388147354126,0.1393747329711914,0.11081845313310623,0.07973256707191467,0.19965051114559174,0.23891068994998932,0.10314851999282837,0.11534726619720459,0.15123826265335083,0.38387396931648254,0.3574846428453289,0.05955828068667798,0.3128522736459737,-0.10291728520194277,-0.04930892585825894,-0.04780092937188367,1212.6863769753197,1442.8934658216788,2228.2115263097426,0.05639232718169505,161.4990234375
vio_131_classic.mp3,../Data/raw/violin_data\vio_131_classic.mp3,violin_data,-344.2862243652344,85.56221771240234,7.1825361251831055,14.858773231506348,-3.5410919189453125,-9.982693672180176,-6.534495830535889,-17.50217056274414,-4.680351734161377,-6.7458882331848145,-14.927474021911621,-7.282872676849365,1.2618759870529175,0.2242760956287384,0.10043997317552567,0.213200643658638,0.29136228561401367,0.1213429793715477,0.17888684570789337,0.14447733759880066,0.2528587877750397,0.20517870783805847,0.1903301179409027,0.38469645380973816,0.15744733810424805,-0.20436049072349274,0.26876467206196536,0.1746086916255897,-0.05265895251311572,0.032491977000432555,-0.021840133854494567,1855.4123924587147,1932.0900392171966,3244.9303783499417,0.10050241570723684,129.19921875
vio_132_classic.mp3,../Data/raw/violin_data\vio_132_classic.mp3,violin_data,-324.91015625,145.17996215820312,22.072166442871094,14.478843688964844,-6.950649738311768,-4.450075149536133,-3.803579330444336,1.3484559059143066,-8.584434509277344,-5.228336811065674,-8.327417373657227,-12.139147758483887,-4.541138172149658,0.2375822216272354,0.31341201066970825,0.2143595814704895,0.2551104724407196,0.18483395874500275,0.13949747383594513,0.23154699802398682,0.13991738855838776,0.1682816594839096,0.12188795208930969,0.28455060720443726,0.4586496651172638,-0.0747569797367103,-0.3000943053302968,0.1474876388023595,-0.06861801126914353,-0.025940757649890418,-0.022705843729170127,1158.1407912015366,1385.4482984896565,2130.4787839529313,0.055823925478908666,129.19921875
vio_133_classic.mp3,../Data/raw/violin_data\vio_133_classic.mp3,violin_data,-317.4015197753906,103.0628662109375,1.193329095840454,8.285774230957031,-14.020998001098633,-7.900419235229492,-0.3987334966659546,-12.154075622558594,-2.5671257972717285,-5.954823017120361,-19.287565231323242,-16.886938095092773,-10.4861421585083,0.1404697448015213,0.11798154562711716,0.33700162172317505,0.17733022570610046,0.08374574780464172,0.1608806699514389,0.12171889841556549,0.26296019554138184,0.09511177986860275,0.16301871836185455,0.29634395241737366,0.11036734282970428,-0.011233488095520508,0.3317839822720483,0.11138251729453005,-0.24627743807400368,0.011180086769913725,-0.036601634385647536,1741.7632245701077,1811.5741168446389,3087.622996232827,0.0914166807759288,107.666015625
vio_134_classic.mp3,../Data/raw/violin_data\vio_134_classic.mp3,violin_data,-304.83697509765625,86.09522247314453,-2.0946452617645264,-2.8799829483032227,-19.758874893188477,-9.230435371398926,-17.550508499145508,-20.991302490234375,-14.038829803466797,-10.052740097045898,-11.756790161132812,-4.428184986114502,-0.9766771197319031,0.190025195479393,0.2893129885196686,0.11367551237344742,0.23316951096057892,0.09914418309926987,0.2332298755645752,0.11109280586242676,0.1022348701953888,0.28958192467689514,0.1010967418551445,0.12962573766708374,0.06452488154172897,-0.4138244354611985,-0.07057719342615568,-0.16755929553076487,0.14540919410255834,-0.017727987142217183,-0.03151314192366929,1885.589410316132,1913.396571491075,3299.45504864672,0.09970952556598298,112.34714673913044
vio_135_classic.mp3,../Data/raw/violin_data\vio_135_classic.mp3,violin_data,-327.3324890136719,126.1026382446289,1.582281470298767,17.081811904907227,-11.1410493850708,-8.21535587310791,-6.83676815032959,-8.097281455993652,-5.02108097076416,4.3614373207092285,-7.344363212585449,-14.207741737365723,-18.837600708007812,0.06492643803358078,0.06842680275440216,0.1850673407316208,0.09794486314058304,0.17252551019191742,0.07755881547927856,0.24584989249706268,0.40822404623031616,0.12574252486228943,0.18908649682998657,0.09766289591789246,0.2031697779893875,0.41225382031203545,0.007833454658033433,0.2591456261608712,-0.061271412674180716,0.036439575824903286,-0.047639134589983846,1426.4237427441587,1539.4904353451884,2565.659485808098,0.08022513847232972,151.99908088235293
vio_136_classic.mp3,../Data/raw/violin_data\vio_136_classic.mp3,violin_data,-355.1693420410156,116.11724853515625,23.540348052978516,15.40597915649414,-3.8989431858062744,-5.872228622436523,-9.074701309204102,-13.400617599487305,-3.565075159072876,-4.496479034423828,-12.097060203552246,-9.918875694274902,-8.214590072631836,0.23249222338199615,0.17849385738372803,0.25805848836898804,0.13796450197696686,0.2171029895544052,0.24445071816444397,0.1114099845290184,0.1617637425661087,0.17217415571212769,0.3959603011608124,0.3106018304824829,0.1768212914466858,0.19128354652703614,0.2873104709380838,-0.15472052061892277,-0.078693797386121,0.024955716200461203,0.004762843671195331,1467.3940913166755,1745.9368590263962,2566.9678112301663,0.06792589311629257,129.19921875
vio_137_classic.mp3,../Data/raw/violin_data\vio_137_classic.mp3,violin_data,-303.0333557128906,101.50193786621094,22.676280975341797,17.074249267578125,-1.9873379468917847,-3.0053834915161133,-1.976260781288147,-18.3438720703125,-3.6904284954071045,-4.632370471954346,-4.77208137512207,-8.973305702209473,-11.686685562133789,0.1543981432914734,0.11145986616611481,0.30972108244895935,0.41897428035736084,0.20747436583042145,0.20456244051456451,0.13441403210163116,0.25487422943115234,0.13111451268196106,0.15460580587387085,0.2984762191772461,0.15355120599269867,-0.2850847868783771,0.27150521878996603,0.24698863030683776,-0.13498150579102955,0.05240815817502509,0.048644516756722114,1772.326192284176,2016.8096336205933,3210.5222530778346,0.08227652440499227,184.5703125
vio_138_classic.mp3,../Data/raw/violin_data\vio_138_classic.mp3,violin_data,-333.764404296875,93.51823425292969,24.586334228515625,8.27047348022461,-5.831107139587402,-9.082778930664062,-3.16682767868042,-16.237382888793945,-0.34765785932540894,-5.392929553985596,-14.594983100891113,-11.475113868713379,-15.2448148727417,0.19917446374893188,0.13535219430923462,0.28453102707862854,0.10781820118427277,0.09380578994750977,0.09191571176052094,0.30877530574798584,0.3366464376449585,0.12764398753643036,0.18815478682518005,0.15184129774570465,0.27475765347480774,0.373413044968222,0.006127562691670199,0.18479538648870436,-0.1856908427953977,-0.03865433524742533,-0.006375724934809992,1788.2328815554743,2111.778617411846,3438.9458718314627,0.07871305388931889,151.99908088235293
vio_139_classic.mp3,../Data/raw/violin_data\vio_139_classic.mp3,violin_data,-321.422607421875,56.56534194946289,-28.14335823059082,7.688265800476074,-28.473169326782227,-5.735897064208984,-15.223821640014648,-16.264827728271484,-1.9220255613327026,5.461583614349365,4.950119972229004,3.86472487449646,5.208096981048584,0.16886790096759796,0.07419736683368683,0.16082100570201874,0.26303964853286743,0.08531002700328827,0.19922634959220886,0.09929043054580688,0.25298193097114563,0.12398868054151535,0.10055483877658844,0.20738312602043152,0.09413877129554749,-0.17311983203087186,0.37709676767803446,0.11416651985322226,-0.015340510552861565,-0.0022489914381303433,0.0053036148995210955,1959.6866897508507,1776.547396910774,3805.035324805292,0.09404742828463622,103.359375
vio_140_classic.mp3,../Data/raw/violin_data\vio_140_classic.mp3,violin_data,-223.0148468017578,106.53492736816406,14.201693534851074,38.9237060546875,4.840722560882568,-4.460509300231934,-7.755650997161865,-2.2281301021575928,-5.989805698394775,-0.8261663913726807,-12.882518768310547,7.365182399749756,-4.751340866088867,0.3774060010910034,0.14352983236312866,0.25610411167144775,0.3172059655189514,0.11734218150377274,0.1209542453289032,0.13223154842853546,0.44860517978668213,0.21772345900535583,0.14749465882778168,0.2946128845214844,0.20616799592971802,-0.12643542273872752,0.3597400716785057,0.2682186324010969,-0.011282069179490452,0.06020080371375638,0.004949076788548151,1718.3439248554055,2113.099415006531,3638.661330846072,0.08318921729876161,143.5546875
vio_141_classic.mp3,../Data/raw/violin_data\vio_141_classic.mp3,violin_data,-272.3566589355469,154.0103759765625,-5.835783958435059,17.067846298217773,8.712316513061523,4.7578206062316895,-4.459677696228027,-5.385699272155762,-0.23215259611606598,-4.196857452392578,-12.220855712890625,2.891953706741333,-7.282449722290039,0.16427746415138245,0.18322895467281342,0.08988715708255768,0.2991189956665039,0.4799095094203949,0.11810894310474396,0.07415738701820374,0.14025168120861053,0.28509050607681274,0.13136331737041473,0.12152016907930374,0.3159407377243042,0.029641143918388173,-0.2334360950459498,0.07778878619709846,0.2633915637603935,0.020319356466565262,-0.049689639929174544,1183.8696670049849,1409.9588712557718,2165.403572767512,0.0669882570626935,99.38401442307692
vio_142_classic.mp3,../Data/raw/violin_data\vio_142_classic.mp3,violin_data,-220.86062622070312,78.021240234375,7.651167869567871,49.13468551635742,10.589292526245117,4.618587493896484,-5.653695106506348,-0.8106143474578857,-6.239258766174316,-3.0661685466766357,-13.624735832214355,11.432902336120605,3.9382879734039307,0.25014641880989075,0.26394397020339966,0.4500194787979126,0.29376471042633057,0.14282004535198212,0.09397709369659424,0.1708906888961792,0.4223794937133789,0.17581357061862946,0.2714742124080658,0.3562397062778473,0.187839537858963,0.0834890612722186,0.28960586682630285,0.2257808623420962,-0.11027521230806613,0.02484925598775443,0.0286664509751666,2128.021188541036,2307.012881919795,4327.357166396575,0.10713351695530186,151.99908088235293
vio_143_classic.mp3,../Data/raw/violin_data\vio_143_classic.mp3,violin_data,-235.90931701660156,109.5386734008789,5.2786407470703125,11.818119049072266,10.921202659606934,8.796402931213379,-9.6820068359375,0.6819231510162354,2.706146240234375,3.1122360229492188,-19.091045379638672,16.705591201782227,-16.187583923339844,0.13797682523727417,0.3412102162837982,0.14985135197639465,0.13093650341033936,0.2201193869113922,0.17579807341098785,0.3835884928703308,0.1612214893102646,0.26325106620788574,0.20715174078941345,0.1038246899843216,0.21437473595142365,0.1702468865560778,-0.37562603939668465,-0.1419146014370267,-0.11595799166012857,0.003818434570567977,0.03061196896076004,1687.8865176569566,2136.9050731740535,3256.4053089626063,0.07416243892705109,143.5546875
vio_144_classic.mp3,../Data/raw/violin_data\vio_144_classic.mp3,violin_data,-252.9874725341797,94.54855346679688,2.678697347640991,22.568572998046875,-0.7521315217018127,2.080780506134033,4.356971263885498,10.042832374572754,8.099554061889648,7.540896415710449,-3.7148425579071045,11.782552719116211,7.174923896789551,0.26616427302360535,0.2619625926017761,0.3613520860671997,0.1913311630487442,0.2831791639328003,0.22959059476852417,0.16637445986270905,0.2994183897972107,0.27003684639930725,0.3957403004169464,0.26987573504447937,0.18313708901405334,0.31272542695452166,0.16316943330277656,-0.07398375194741778,-0.07131714839217962,0.02477099729459086,0.00635485184117091,1679.8822193190463,1890.2089910368613,3385.9961920109326,0.06725847462751548,117.45383522727273
vio_145_classic.mp3,../Data/raw/violin_data\vio_145_classic.mp3,violin_data,-297.08599853515625,180.34005737304688,0.44669684767723083,14.804183959960938,6.993183612823486,3.7225019931793213,5.4571685791015625,1.7734688520431519,2.1313180923461914,1.686965823173523,-6.49564790725708,0.9082552790641785,1.9458088874816895,0.3663003742694855,0.10181467235088348,0.08728190511465073,0.16943544149398804,0.4733479917049408,0.2633112967014313,0.14126627147197723,0.1914311945438385,0.23656834661960602,0.28396421670913696,0.1594761461019516,0.3628307282924652,0.2912501385370769,0.06164009353573575,-0.060326778470472325,0.25964940259349883,0.02838374688364617,0.0047555654780036495,816.1702872286227,996.5197936551989,1360.6584389512384,0.04892600800599845,151.99908088235293
vio_146_classic.mp3,../Data/raw/violin_data\vio_146_classic.mp3,violin_data,-407.1197204589844,170.2254180908203,46.86316680908203,10.792576789855957,6.536345958709717,2.7506263256073,-3.7940104007720947,-0.42379945516586304,4.927935600280762,1.9766849279403687,-4.315804481506348,3.5018699169158936,2.977644205093384,0.38423022627830505,0.09236428886651993,0.04792561009526253,0.1484222710132599,0.4250035583972931,0.22774328291416168,0.08104437589645386,0.14955654740333557,0.13518653810024261,0.20830729603767395,0.09520285576581955,0.24842552840709686,0.2748087819303612,0.03312358107449524,-0.061912829872370796,0.30375997449419856,0.054078498879337675,0.03227729705557367,660.2798573296109,955.7212279709795,958.7858690196884,0.0436671584752322,143.5546875
vio_147_classic.mp3,../Data/raw/violin_data\vio_147_classic.mp3,violin_data,-227.7532958984375,124.78543090820312,-10.967336654663086,37.208194732666016,0.19885669648647308,5.648738384246826,-2.0009028911590576,-3.0888619422912598,1.4973554611206055,-3.1935958862304688,-8.20401668548584,3.4014389514923096,-4.30900239944458,0.2744298279285431,0.1457085907459259,0.1778721660375595,0.23115341365337372,0.46780282258987427,0.2771364450454712,0.1529397815465927,0.1068231537938118,0.20733489096164703,0.3386964499950409,0.19644765555858612,0.34162381291389465,0.39589107492006026,-0.13111414925365775,-0.08111538839181942,0.2384636463242764,0.005516053927076445,0.03482646327914493,1506.3770298927163,1818.8400986631623,3124.8394378567627,0.0688503017366486,172.265625
vio_148_classic.mp3,../Data/raw/violin_data\vio_148_classic.mp3,violin_data,-181.4762725830078,83.00045776367188,13.238025665283203,42.51167297363281,11.269210815429688,8.790766716003418,5.591484069824219,16.034996032714844,2.918771743774414,10.107977867126465,-5.7988152503967285,12.28141975402832,4.517908096313477,0.3117026090621948,0.15249352157115936,0.25261592864990234,0.2017563432455063,0.3631223142147064,0.20687124133110046,0.15093518793582916,0.21272778511047363,0.3205757439136505,0.3097399175167084,0.16831639409065247,0.3136487603187561,0.38946943481159707,0.10029689676329213,-0.2501191034355856,0.06346030199457593,-0.07384255082374318,-0.016190147715593305,1842.9542763461347,2266.3043400138695,4011.5590759844235,0.07634950053212074,95.703125
vio_149_classic.mp3,../Data/raw/violin_data\vio_149_classic.mp3,violin_data,-227.87420654296875,101.90253448486328,-10.959904670715332,28.435909271240234,-3.909501791000366,-2.565748691558838,-10.128850936889648,-0.7993527054786682,-9.006635665893555,-11.961103439331055,-18.891719818115234,-0.5721430778503418,-8.336493492126465,0.19777795672416687,0.08155810087919235,0.11958713084459305,0.2409469485282898,0.259351521730423,0.12124363332986832,0.2293834686279297,0.25129643082618713,0.051339276134967804,0.023979976773262024,0.14165768027305603,0.45639321208000183,0.1382999902411879,-0.13980923935949688,0.44083368481423746,0.12883237191139296,0.008887291514503376,0.02458231224214962,1555.2965065348237,1892.1610187166807,3206.3889447380516,0.047273712630611454,161.4990234375
vio_150_classic.mp3,../Data/raw/violin_data\vio_150_classic.mp3,violin_data,-285.4132995605469,156.35409545898438,15.46193790435791,16.173120498657227,13.203360557556152,10.453455924987793,-7.976598262786865,-7.0291829109191895,-1.2698103189468384,-4.961365222930908,-13.734427452087402,-3.380955457687378,-7.66788387298584,0.5277138948440552,0.22602452337741852,0.17878934741020203,0.1297171413898468,0.3417634665966034,0.24489806592464447,0.15813486278057098,0.3638552129268646,0.22284027934074402,0.25599586963653564,0.14901019632816315,0.26792457699775696,0.27830832547269524,0.25692988870148337,0.04606460306963557,0.25038054517445785,0.029937447134674135,0.041590634816154645,1057.0003267953882,1302.8346439080392,1821.5389854029606,0.05538553054856811,99.38401442307692
vio_151_classic.mp3,../Data/raw/violin_data\vio_151_classic.mp3,violin_data,-294.18914794921875,162.42697143554688,25.965015411376953,26.818695068359375,10.848587036132812,0.16738466918468475,-7.137572288513184,-0.6362164616584778,5.343994140625,7.0365166664123535,0.4988585114479065,9.055363655090332,7.1292901039123535,0.4176829755306244,0.2352789044380188,0.31447556614875793,0.20253366231918335,0.36402276158332825,0.33435288071632385,0.26713335514068604,0.4467427730560303,0.26091834902763367,0.29030612111091614,0.21644236147403717,0.32896357774734497,0.23876586560295388,0.2921231698566349,-0.15414384753791469,0.27043088856218067,0.012601403534629007,0.065239476252743,676.3341974394369,1139.3425034499019,1091.4184003422504,0.0276048973248839,143.5546875
vio_152_classic.mp3,../Data/raw/violin_data\vio_152_classic.mp3,violin_data,-242.76722717285156,132.74972534179688,-5.304037570953369,22.748504638671875,2.2862935066223145,2.1476855278015137,-15.670637130737305,-11.50384521484375,-3.395195960998535,-2.8004069328308105,-12.710813522338867,3.7499191761016846,0.12808364629745483,0.3316614329814911,0.10313311964273453,0.15407991409301758,0.19850416481494904,0.4710961580276489,0.3062449097633362,0.08404264599084854,0.06333199143409729,0.19515204429626465,0.3231121599674225,0.12766693532466888,0.3327259421348572,0.2128514187866779,-0.0034873862358333198,-0.039594965214529994,0.2369732133173397,-0.038289276176207164,-0.02403962821780774,1354.5428872059472,1707.0172022222935,2505.4431832611745,0.05881975014512384,151.99908088235293
vio_153_classic.mp3,../Data/raw/violin_data\vio_153_classic.mp3,violin_data,-324.0177001953125,171.2427215576172,-14.145313262939453,25.11422348022461,7.064310073852539,3.2118914127349854,-10.146781921386719,-5.20782995223999,4.674036979675293,3.4127328395843506,-3.3792316913604736,3.183504104614258,-4.199338436126709,0.4204239845275879,0.11163390427827835,0.10086105763912201,0.27928006649017334,0.3463709056377411,0.12647028267383575,0.25048428773880005,0.20123134553432465,0.06574127823114395,0.06758797913789749,0.15837819874286652,0.5535206198692322,0.10976584059877856,-0.05759224857592969,0.3180824276186012,0.19637924246814376,0.024227015202069713,0.0479915574963036,912.138731418255,1080.3569562341909,1660.7149578838525,0.04765957575464396,123.046875
vio_154_classic.mp3,../Data/raw/violin_data\vio_154_classic.mp3,violin_data,-256.7120666503906,123.00239562988281,26.953105926513672,24.474895477294922,3.568912982940674,5.1787590980529785,-3.9653160572052,0.8386553525924683,1.1296148300170898,1.5044478178024292,-9.321228981018066,-0.3196223974227905,-10.646430015563965,0.17710931599140167,0.14490801095962524,0.2513381540775299,0.2599923610687256,0.3134075105190277,0.21032336354255676,0.38467371463775635,0.2687748372554779,0.1314350664615631,0.2877216339111328,0.1766497790813446,0.32014644145965576,0.3438228007241791,-0.1907646542415244,0.17170825390499828,-0.041349671848101115,-0.019092193892251672,-0.031168175353679436,1376.3693579393791,1709.8993622607134,2830.524550871952,0.05740781612809598,89.10290948275862
vio_155_classic.mp3,../Data/raw/violin_data\vio_155_classic.mp3,violin_data,-258.26568603515625,163.9124755859375,7.6952595710754395,14.850882530212402,12.678226470947266,12.701953887939453,8.79334545135498,3.4309887886047363,2.7744648456573486,10.258626937866211,0.5805541276931763,-0.5526453852653503,-5.688930034637451,0.22928357124328613,0.10278891772031784,0.1704196333885193,0.2153717577457428,0.32333406805992126,0.19621233642101288,0.32577839493751526,0.3034363090991974,0.08574263751506805,0.06986448913812637,0.15076762437820435,0.5898178815841675,0.22058560623621,-0.09421554405794054,0.15489437615162982,0.06532611390366722,-0.0019570573764154486,-0.01973238641045837,901.5319235516865,1259.9714366084042,1620.0485371214686,0.05959487773316564,143.5546875
vio_156_classic.mp3,../Data/raw/violin_data\vio_156_classic.mp3,violin_data,-277.7135009765625,173.90330505371094,3.4170472621917725,20.669925689697266,4.356263160705566,-0.7449573278427124,-8.258028030395508,1.5458587408065796,4.030209064483643,5.117936611175537,-11.539399147033691,2.2536087036132812,4.812751293182373,0.3041244149208069,0.10969334095716476,0.21702948212623596,0.10600973665714264,0.2599339187145233,0.2498129904270172,0.06554267555475235,0.09096511453390121,0.22542184591293335,0.310763418674469,0.09902191907167435,0.24328629672527313,0.2001353826793293,0.09863733357014988,-0.15631309241574007,0.11543953313237056,-0.06503671429923871,0.009672005667409564,887.016398448271,1121.3039811035685,1489.824324569466,0.05322038869001548,92.28515625
vio_157_classic.mp3,../Data/raw/violin_data\vio_157_classic.mp3,violin_data,-233.72804260253906,108.9636459350586,-1.2329083681106567,36.56540298461914,7.274362087249756,2.041233777999878,-4.323225021362305,-2.356323480606079,-5.6352386474609375,0.8397804498672485,-7.511313438415527,14.273821830749512,5.4181952476501465,0.09800627827644348,0.21338127553462982,0.47814297676086426,0.13619893789291382,0.19414636492729187,0.3477751612663269,0.12310474365949631,0.16299529373645782,0.13035711646080017,0.33115437626838684,0.14051076769828796,0.08482609689235687,0.287569910776231,0.2790695069340646,-0.17782174284557664,-0.2976218744133522,-0.06389439752132225,-0.06498790864183765,1765.2186430617937,1956.2806899349398,3538.5786026993032,0.10195818921729877,117.45383522727273
vio_158_classic.mp3,../Data/raw/violin_data\vio_158_classic.mp3,violin_data,-288.7918701171875,98.19226837158203,11.6089448928833,42.4968147277832,-2.2787413597106934,-2.751487970352173,-7.848387718200684,0.41963616013526917,-9.48447322845459,-11.734912872314453,-17.924232482910156,3.988823175430298,-4.5208306312561035,0.33806362748146057,0.16043391823768616,0.4100216031074524,0.3965704143047333,0.12074477225542068,0.09571032971143723,0.11797958612442017,0.38636910915374756,0.25690799951553345,0.07894640415906906,0.11715232580900192,0.16146612167358398,0.019845325684798267,0.3363482149956838,0.26226377368172277,0.08124627553405175,-0.028173004835088437,0.005248426270780114,1900.8128038248258,2053.3836511081163,3848.0600646405765,0.11592522494195047,83.35433467741936
vio_159_classic.mp3,../Data/raw/violin_data\vio_159_classic.mp3,violin_data,-139.26878356933594,117.34934997558594,-14.745515823364258,39.52448272705078,6.164963245391846,5.37761926651001,-2.704970121383667,1.8512346744537354,-0.351889967918396,4.418180465698242,-7.579942226409912,2.2159602642059326,-3.643454074859619,0.28982624411582947,0.2473842054605484,0.5429496169090271,0.313431978225708,0.17675544321537018,0.24688628315925598,0.24623750150203705,0.32340946793556213,0.21821533143520355,0.43127721548080444,0.4444620609283447,0.24795210361480713,0.01986246850697653,0.26052034271008706,0.11229069393860527,-0.24253315374149942,0.031350463768425055,0.007082216828811405,1627.7358831178974,1987.3030251602559,3448.604146762529,0.06302342842976007,95.703125
vio_160_classic.mp3,../Data/raw/violin_data\vio_160_classic.mp3,violin_data,-227.43515014648438,69.10414123535156,-19.00807762145996,33.53497314453125,-8.35973072052002,2.780642032623291,-10.703337669372559,-5.478229522705078,-11.9363374710083,1.6317791938781738,-10.624746322631836,6.970895767211914,-5.1069111824035645,0.18640702962875366,0.08757942169904709,0.15113577246665955,0.13042673468589783,0.3554857671260834,0.25230005383491516,0.0721912533044815,0.05490560084581375,0.16929978132247925,0.3173103332519531,0.12084357440471649,0.20230385661125183,0.27343019980929745,0.009252207505404281,-0.17527619804127365,0.1899238929956943,-0.048598447637908375,0.0049272672578313135,2098.8405947079596,2072.1558233681703,4094.0419105553406,0.08077615554856811,143.5546875
vio_161_classic.mp3,../Data/raw/violin_data\vio_161_classic.mp3,violin_data,-244.02655029296875,122.05038452148438,37.25892639160156,33.94801712036133,5.026876449584961,2.4732935428619385,-2.2335100173950195,-7.59822940826416,-3.0834391117095947,1.9423143863677979,-12.009249687194824,-3.535493850708008,-6.116332054138184,0.17600128054618835,0.21617478132247925,0.45100080966949463,0.3208397328853607,0.16819818317890167,0.13015051186084747,0.22701147198677063,0.6069491505622864,0.3355511724948883,0.30914008617401123,0.4436785876750946,0.24439311027526855,0.04328162239574164,0.24458029094711184,0.21914782861590779,-0.21459771165477934,0.07319391259543374,-0.050304901952391755,1398.2688548936567,1999.0386350672763,2699.8920074557373,0.04722911728424923,86.1328125
vio_162_classic.mp3,../Data/raw/violin_data\vio_162_classic.mp3,violin_data,-173.71405029296875,82.61993408203125,8.670696258544922,31.27583122253418,-5.335042476654053,6.734031677246094,-0.6965662837028503,7.6533589363098145,-3.319892168045044,-1.5915712118148804,-14.01827621459961,3.4474968910217285,-4.59842586517334,0.19834843277931213,0.3920977711677551,0.32300451397895813,0.17315098643302917,0.22701126337051392,0.2353469580411911,0.49036452174186707,0.320840448141098,0.20842766761779785,0.26110395789146423,0.23107555508613586,0.3457995057106018,0.22794310097354453,-0.25848312615916225,0.09026389490905279,-0.11209534616541154,0.022199805203401562,-0.00040188881903076404,2314.4134152759207,2453.1212377170136,4976.019910688371,0.10028397409539473,143.5546875
vio_163_classic.mp3,../Data/raw/violin_data\vio_163_classic.mp3,violin_data,-312.61328125,127.0694808959961,-8.036067962646484,27.58783531188965,-1.0321180820465088,3.901761770248413,-13.8951416015625,-3.551948308944702,-7.150698184967041,-13.819571495056152,-21.474842071533203,-9.9262113571167,-5.650245666503906,0.514506459236145,0.15066321194171906,0.10113561153411865,0.15906643867492676,0.4404439926147461,0.23576000332832336,0.07309836149215698,0.12425047904253006,0.1514357477426529,0.3181760907173157,0.14361567795276642,0.40593746304512024,0.33473776347347706,0.08862089770118112,-0.06580768817936267,0.37742087332317,0.015877904078843628,0.05285904009225663,1424.490726808904,1668.5929588294205,2715.1669150904604,0.06871953911087461,123.046875
vio_164_classic.mp3,../Data/raw/violin_data\vio_164_classic.mp3,violin_data,-189.71630859375,96.92264556884766,-4.926260948181152,40.75668716430664,-0.5159639716148376,7.741933345794678,-9.371025085449219,-5.404908180236816,6.951125621795654,-7.351679801940918,-11.702154159545898,9.27746295928955,-6.578282356262207,0.28557273745536804,0.21294479072093964,0.3220083713531494,0.28443947434425354,0.12748879194259644,0.12081903219223022,0.18172241747379303,0.36774981021881104,0.15349069237709045,0.22332045435905457,0.31638649106025696,0.1845742166042328,0.10502400151690591,0.3022299670381221,0.1999524412759588,-0.0832416515753406,0.044712400045054175,0.01804447923076927,1835.40113629273,2093.4985547067804,3975.6926261972717,0.0656481291118421,78.30255681818181
vio_165_classic.mp3,../Data/raw/violin_data\vio_165_classic.mp3,violin_data,-237.38685607910156,137.55799865722656,11.36247444152832,21.198307037353516,19.462772369384766,7.7500739097595215,-3.1841235160827637,6.100672721862793,4.355363368988037,-2.046532392501831,-8.538616180419922,3.26928448677063,2.181114435195923,0.7518872022628784,0.3263082504272461,0.2764347791671753,0.3368004262447357,0.18735551834106445,0.1770865023136139,0.22190599143505096,0.480756551027298,0.3450409471988678,0.22536855936050415,0.2340327650308609,0.3756397068500519,-0.13750426522568282,0.4277168914763931,0.03773034106970305,0.4500064076801716,-0.06575853532945565,0.11010040560861238,1161.8680889429038,1682.1443322593545,2297.4444410011124,0.034094654000580496,89.10290948275862
vio_166_classic.mp3,../Data/raw/violin_data\vio_166_classic.mp3,violin_data,-383.0578918457031,194.464111328125,20.130090713500977,6.224662780761719,5.711073875427246,-3.2489917278289795,-8.360343933105469,-15.308684349060059,-4.918386936187744,1.1008769273757935,-2.1791787147521973,0.9094916582107544,-1.608829140663147,0.1597532033920288,0.07060064375400543,0.18554462492465973,0.0946299210190773,0.18088246881961823,0.08742474764585495,0.22369429469108582,0.2264607846736908,0.08955948054790497,0.1692768633365631,0.16284041106700897,0.5000409483909607,0.34852678505447304,-0.1584559413863477,0.23401003352210684,-0.06144601610257095,-0.05123859821816484,-0.009173126483711665,689.3212932480409,794.8856172010622,922.4694219536087,0.04515014270510836,117.45383522727273
vio_167_classic.mp3,../Data/raw/violin_data\vio_167_classic.mp3,violin_data,-267.82208251953125,118.60240936279297,-20.030364990234375,15.083434104919434,3.969491481781006,4.919397354125977,-11.196388244628906,-5.463193893432617,-9.289568901062012,-7.871934413909912,-18.59782600402832,-4.414138317108154,-12.01716136932373,0.122188039124012,0.10745534300804138,0.3269828259944916,0.2566474974155426,0.08779018372297287,0.047278959304094315,0.19565068185329437,0.6713494658470154,0.28059178590774536,0.146541565656662,0.24528665840625763,0.11350288987159729,0.1486729794903894,0.3351570204030646,0.38532907991769544,-0.15697392963028686,0.1082556551889423,-0.04670129060902379,1583.0929156400853,1940.7684059214148,3047.306573354054,0.06103062113003096,99.38401442307692
vio_168_classic.mp3,../Data/raw/violin_data\vio_168_classic.mp3,violin_data,-240.2107391357422,122.04087829589844,0.5417196750640869,36.76998519897461,5.984319686889648,9.191091537475586,-7.200607776641846,-4.854339599609375,-7.678400993347168,-1.4758174419403076,-13.417309761047363,7.5867600440979,-9.327574729919434,0.28663912415504456,0.10087085515260696,0.10765392333269119,0.13144443929195404,0.307730495929718,0.13650460541248322,0.18055380880832672,0.19228030741214752,0.10553884506225586,0.1688612848520279,0.1624678522348404,0.48750460147857666,0.3512842743722105,-0.15158571226713674,0.2060022170661916,0.08921140413940379,-0.0014523187417492243,-0.009387600017407342,1509.5428566227517,1807.3457623377817,3110.039527349797,0.06946821183243033,143.5546875
vio_169_classic.mp3,../Data/raw/violin_data\vio_169_classic.mp3,violin_data,-302.70245361328125,153.68536376953125,22.301164627075195,26.424335479736328,6.628942489624023,6.099711894989014,-10.094179153442383,-10.611909866333008,-9.918679237365723,-8.685468673706055,-12.382230758666992,-1.3078051805496216,-2.25081205368042,0.1664401739835739,0.1711975783109665,0.5625466108322144,0.2618827223777771,0.08053350448608398,0.09868646413087845,0.2667396068572998,0.3324744701385498,0.15391705930233002,0.3275168836116791,0.4173097014427185,0.13835261762142181,0.13891655163094527,0.16210840858718542,0.12969369403697154,-0.40947957258331297,-0.004247073748097446,0.03649263169408156,836.1856897886123,1128.6250143891166,1507.0575536958204,0.043019392172987614,83.35433467741936
vio_170_classic.mp3,../Data/raw/violin_data\vio_170_classic.mp3,violin_data,-268.0196228027344,121.68032836914062,4.812248706817627,29.860435485839844,1.3528850078582764,-0.10390413552522659,-8.941532135009766,-5.708611011505127,-2.3660728931427,-1.4686827659606934,-6.479457378387451,10.120182037353516,0.04291735216975212,0.39232560992240906,0.16822484135627747,0.40113064646720886,0.31049051880836487,0.13258394598960876,0.2817675769329071,0.14427155256271362,0.27478063106536865,0.17436110973358154,0.16228988766670227,0.20242543518543243,0.3398255705833435,0.028048818343873343,0.19697759049741828,0.1276663871079787,0.0023932645941474448,-0.0697608830378201,0.010034768201425919,1584.2737840601642,1710.5409144575963,2996.2735486104393,0.08112762734616873,107.666015625
vio_171_classic.mp3,../Data/raw/violin_data\vio_171_classic.mp3,violin_data,-280.561767578125,119.82254028320312,26.277833938598633,32.109230041503906,11.910758972167969,-0.5400367975234985,1.0507932901382446,-5.015310287475586,-2.216090440750122,-3.043938159942627,-16.62944793701172,2.9190731048583984,-0.6008210778236389,0.3983123004436493,0.13550277054309845,0.1452426314353943,0.1672968864440918,0.4196581244468689,0.21578079462051392,0.08448918908834457,0.13628791272640228,0.20658208429813385,0.3171834349632263,0.15314322710037231,0.32693368196487427,0.2861278184352909,0.068683099145927,-0.06296908182932544,0.24653533210505038,0.01628005540238249,0.024760346250765716,1405.4152358959186,1933.5110094023294,2867.0826631433824,0.05633601610874613,151.99908088235293
vio_172_classic.mp3,../Data/raw/violin_data\vio_172_classic.mp3,violin_data,-287.52069091796875,133.96939086914062,-16.79942512512207,30.85520362854004,0.015729308128356934,5.756472587585449,-10.567728996276855,0.17108163237571716,0.5675733089447021,-10.762662887573242,-21.677541732788086,-5.607950210571289,-3.6588339805603027,0.49557656049728394,0.17382313311100006,0.10769974440336227,0.14263537526130676,0.43673211336135864,0.15681162476539612,0.0541464202105999,0.07600884139537811,0.23297572135925293,0.24077443778514862,0.1531609147787094,0.46970340609550476,0.2992404733445345,-0.07707826671492024,-0.02087990316885315,0.3221449040823642,-0.028638658505725254,0.015780808340113656,1476.3685244340356,1659.2489004472766,2739.1584366836782,0.07769605323626161,60.09265988372093
vio_173_classic.mp3,../Data/raw/violin_data\vio_173_classic.mp3,violin_data,-278.83740234375,152.13211059570312,-5.172391414642334,28.92401885986328,10.668224334716797,-0.3418576121330261,-11.242815971374512,-9.998886108398438,-13.389666557312012,-6.7567572593688965,-23.012176513671875,-8.874841690063477,-12.657668113708496,0.27655887603759766,0.08854605257511139,0.09394799172878265,0.13532032072544098,0.37351441383361816,0.30149927735328674,0.16286443173885345,0.26332128047943115,0.21765168011188507,0.30300602316856384,0.12568368017673492,0.27190229296684265,0.27425931595606706,0.11428051719545952,-0.012264084525769993,0.18936535970800925,-0.002096251898839448,-0.027600920036591536,1033.248533946703,1372.4792655079943,1950.2798735910894,0.04040413965750774,89.10290948275862
vio_174_classic.mp3,../Data/raw/violin_data\vio_174_classic.mp3,violin_data,-322.5397033691406,174.98793029785156,18.486217498779297,-0.22103457152843475,6.068706512451172,-2.0588583946228027,-14.410491943359375,-10.454005241394043,-4.745097637176514,-1.5650441646575928,-10.753203392028809,0.14489713311195374,-2.1713602542877197,0.25706228613853455,0.10981829464435577,0.2005656510591507,0.16802968084812164,0.48201075196266174,0.40337109565734863,0.09494691342115402,0.051168665289878845,0.17328594624996185,0.3464435636997223,0.1138535737991333,0.18165409564971924,0.31057148883757896,0.0969326122146838,-0.24857934043384464,0.17681657810963614,-0.04753642712981633,-0.018831802080156532,933.3451699517419,1179.2673400048284,1516.3991638750483,0.04746380974264706,135.99917763157896
vio_175_classic.mp3,../Data/raw/violin_data\vio_175_classic.mp3,violin_data,-199.43431091308594,84.40714263916016,0.9712904095649719,24.789796829223633,1.56592857837677,0.07345987111330032,-9.46633243560791,-3.3106677532196045,-1.517960548400879,-3.4130916595458984,-8.78623104095459,5.0339484214782715,-3.8576900959014893,0.22109755873680115,0.1831495463848114,0.2045363187789917,0.3079836368560791,0.2937804162502289,0.11504804342985153,0.20469802618026733,0.23446054756641388,0.13133355975151062,0.17076294124126434,0.2238057553768158,0.4104326665401459,0.22070918760339375,-0.11619049530721973,0.25469258218540897,0.0106937087415975,-0.010617628758314927,-0.012907458209769967,1949.9312928787995,2344.248866838982,4277.1741365131575,0.06577851381095201,129.19921875
vio_176_classic.mp3,../Data/raw/violin_data\vio_176_classic.mp3,violin_data,-329.01324462890625,132.48562622070312,-4.608495712280273,17.45927619934082,-12.3800048828125,-10.461565971374512,-14.546211242675781,-3.1772029399871826,9.68405818939209,8.202128410339355,2.9273340702056885,22.717870712280273,10.970513343811035,0.13365724682807922,0.21126794815063477,0.18969182670116425,0.09063807874917984,0.28800439834594727,0.12163028866052628,0.36618152260780334,0.14890120923519135,0.033399417996406555,0.05151359364390373,0.2748129069805145,0.5164329409599304,0.11902623797924353,-0.19891849240559936,0.16131541532919894,-0.11887709802339554,-0.00807172906449137,-0.043679838767095,1460.7897687652185,1622.723173318065,2708.2752900965074,0.08335059198432662,117.45383522727273
vio_177_classic.mp3,../Data/raw/violin_data\vio_177_classic.mp3,violin_data,-247.16848754882812,137.02484130859375,1.9033305644989014,12.446415901184082,-4.1179094314575195,-5.7636799812316895,-21.189376831054688,-8.889751434326172,-3.339747667312622,1.258737325668335,-6.1088080406188965,3.709299087524414,-6.360348701477051,0.13385285437107086,0.09856156259775162,0.18604078888893127,0.11265519261360168,0.2720130383968353,0.10467328876256943,0.2778589129447937,0.3589975833892822,0.10968932509422302,0.19586315751075745,0.12018359452486038,0.34921014308929443,0.3826869014042667,-0.05366024460438721,0.16593447927278882,0.010572441519113853,0.012276176124090852,-0.013387826032577543,1306.3515743432017,1515.0085648645334,2378.8106156576528,0.06889905427631579,215.33203125
vio_178_classic.mp3,../Data/raw/violin_data\vio_178_classic.mp3,violin_data,-250.82565307617188,118.39230346679688,-17.660289764404297,41.2608528137207,-10.417390823364258,6.483058929443359,-7.949243068695068,-7.856576919555664,-10.669941902160645,-4.502519130706787,-13.03945541381836,2.787339925765991,-9.126302719116211,0.18885767459869385,0.08905449509620667,0.12518513202667236,0.142524853348732,0.23891139030456543,0.1287708580493927,0.3813883662223816,0.48199981451034546,0.12347964942455292,0.06896756589412689,0.1610245555639267,0.5395454168319702,0.2677514916823762,-0.11772282137999332,0.3363757357217555,-0.00845439358752798,-0.0054566072637569065,-0.036871537377866095,1527.9084225756333,1774.8083188238759,3243.6970524743615,0.06613867792182662,172.265625
vio_179_classic.mp3,../Data/raw/violin_data\vio_179_classic.mp3,violin_data,-206.2277069091797,69.8360366821289,-7.569085121154785,29.746906280517578,-3.6784892082214355,-12.771732330322266,-10.872389793395996,1.0003125667572021,1.8729305267333984,-5.540492057800293,-12.371855735778809,0.7160786390304565,-7.75433874130249,0.17562629282474518,0.10427644103765488,0.13118261098861694,0.11628325283527374,0.23299674689769745,0.20075476169586182,0.1261684149503708,0.13785788416862488,0.300925076007843,0.4469469487667084,0.1846264749765396,0.2627245783805847,0.23505263659630923,-0.029394958551569098,-0.10895451972940116,0.11181979225378974,-0.04260670227730747,0.019744423783208374,2034.0846158928687,2256.789388155409,4241.057688237713,0.06930532544020898,99.38401442307692
vio_180_classic.mp3,../Data/raw/violin_data\vio_180_classic.mp3,violin_data,-286.04193115234375,129.8107147216797,-17.299076080322266,34.20614242553711,10.413382530212402,8.415175437927246,-13.018476486206055,-4.977601051330566,-4.90441370010376,-4.030900955200195,-17.632089614868164,-1.2131463289260864,-10.652710914611816,0.11389842629432678,0.23189854621887207,0.36149951815605164,0.17007455229759216,0.18202327191829681,0.16842319071292877,0.5192762613296509,0.3363405168056488,0.1303263157606125,0.17227739095687866,0.12629134953022003,0.22164121270179749,0.28515766515630087,-0.20159149278376637,0.008975944959345146,-0.26483707859983885,-0.007547507681207439,0.013171396837349934,1370.2596803115043,1660.4265695774684,2539.7179760061917,0.0598824799245356,161.4990234375
vio_181_classic.mp3,../Data/raw/violin_data\vio_181_classic.mp3,violin_data,-214.3543243408203,87.44527435302734,-0.027098853141069412,37.49259948730469,13.456015586853027,2.0647687911987305,0.28275036811828613,-1.1815531253814697,-2.330355167388916,-5.036349773406982,-13.794559478759766,2.3694705963134766,-3.165178060531616,0.37039318680763245,0.202691450715065,0.21646052598953247,0.20472127199172974,0.3005300462245941,0.22358450293540955,0.22333453595638275,0.24339456856250763,0.28093719482421875,0.393390417098999,0.2466292530298233,0.43816614151000977,0.17566354495399994,0.0013535589038510339,-0.0066314555608003745,0.08793796380281144,-0.026041550594895345,0.022698939383972792,1851.1180406636615,2197.521064047285,3909.168028462413,0.06712090932178792,129.19921875
vio_182_classic.mp3,../Data/raw/violin_data\vio_182_classic.mp3,violin_data,-257.80010986328125,108.20159912109375,3.357469081878662,22.616697311401367,-5.550950050354004,15.219496726989746,-11.19905948638916,-8.224207878112793,4.030057907104492,0.021651796996593475,-15.691106796264648,3.5071768760681152,-11.35438060760498,0.15394896268844604,0.09582822769880295,0.22869327664375305,0.2378900796175003,0.11438434571027756,0.20198363065719604,0.134512796998024,0.35230204463005066,0.13489745557308197,0.1171160489320755,0.26662686467170715,0.1214974969625473,-0.1247390296851052,0.35480161888278555,0.18288582173895507,-0.13642839027205397,0.03088682022626653,-0.046494478870081485,1586.745851833834,2001.2564532982283,3309.6633202520316,0.059190874129256964,83.35433467741936
vio_183_classic.mp3,../Data/raw/violin_data\vio_183_classic.mp3,violin_data,-302.3345642089844,142.4944610595703,-6.723682880401611,14.410797119140625,-1.1730462312698364,-3.2205798625946045,-15.425517082214355,-16.868959426879883,-7.53084659576416,-4.123680591583252,-11.235671043395996,5.1819024085998535,0.1131686270236969,0.21366071701049805,0.11770939081907272,0.3427422046661377,0.1432083249092102,0.2737574577331543,0.1697557419538498,0.056792378425598145,0.04897794499993324,0.1825484335422516,0.20670685172080994,0.10853863507509232,0.32134976983070374,0.2529087829719832,-0.012967996588803186,-0.05336875460671421,0.09821808206540272,-0.11946110584205082,-0.039719977232735,1256.5631142857023,1606.0911037262251,2394.543853854247,0.05080430352650929,89.10290948275862
vio_184_classic.mp3,../Data/raw/violin_data\vio_184_classic.mp3,violin_data,-221.64691162109375,119.65410614013672,-11.336905479431152,14.961617469787598,1.428563117980957,-1.12221360206604,-7.934002876281738,3.0202577114105225,-3.517782688140869,4.2648491859436035,-7.430373668670654,8.112918853759766,-1.7679346799850464,0.40956223011016846,0.17988814413547516,0.2122264951467514,0.17930015921592712,0.3944723308086395,0.25991588830947876,0.11709298193454742,0.13897287845611572,0.258781760931015,0.3490501046180725,0.20147523283958435,0.3958502411842346,0.3182840834600819,0.05055173662046232,-0.08474443464568064,0.30017465491052536,-0.02243444868244246,0.03446581973357273,1638.699796716002,1991.3456625301549,3306.221674396527,0.06154271175986842,161.4990234375
vio_185_classic.mp3,../Data/raw/violin_data\vio_185_classic.mp3,violin_data,-306.200439453125,161.10958862304688,-3.546070098876953,19.899667739868164,-4.967170715332031,1.8119028806686401,-3.2307090759277344,-1.9736170768737793,1.516262412071228,-1.8142452239990234,-7.866542816162109,-2.8616278171539307,-4.814758777618408,0.2965855300426483,0.1320541501045227,0.16161906719207764,0.1670151650905609,0.3935823440551758,0.24500229954719543,0.0986926406621933,0.08408741652965546,0.23331531882286072,0.3321876525878906,0.13892316818237305,0.2944861650466919,0.2777379397280987,0.007963055190097375,-0.10731960368636814,0.18189058695803026,-0.026304665500684873,0.02483000006218912,1082.5160079367622,1273.0946022840728,1910.5884469330495,0.05935980734810371,135.99917763157896
vio_186_classic.mp3,../Data/raw/violin_data\vio_186_classic.mp3,violin_data,-308.6716003417969,175.91427612304688,0.20625045895576477,13.21672534942627,4.190359592437744,2.921060562133789,-5.016990661621094,-2.4616520404815674,4.168499946594238,5.137062072753906,-4.838253021240234,-3.9224109649658203,-8.742220878601074,0.1831185668706894,0.07803674042224884,0.0851096510887146,0.0900978147983551,0.09642024338245392,0.10326556861400604,0.42313623428344727,0.40505659580230713,0.07576121389865875,0.042210906744003296,0.09451011568307877,0.3376370370388031,0.228397688060297,-0.08155459525282,0.2942545017841684,-0.07653089421844521,-0.003557789298959193,0.01658082734065382,848.5385318753822,1034.4811049662987,1389.041600655476,0.05362325851393189,89.10290948275862
vio_187_classic.mp3,../Data/raw/violin_data\vio_187_classic.mp3,violin_data,-205.35537719726562,108.5017318725586,6.7671637535095215,30.287118911743164,1.3239461183547974,-7.310257434844971,-4.129194259643555,-7.911753177642822,-11.91154670715332,-2.73356294631958,-8.826520919799805,6.531717300415039,1.905605673789978,0.24577049911022186,0.1639484167098999,0.2940601408481598,0.19371117651462555,0.5503349900245667,0.30889543890953064,0.11511912941932678,0.16727513074874878,0.2219809889793396,0.33457669615745544,0.18233592808246613,0.27311971783638,0.3547253445801895,-0.013364339207111796,-0.1308657646484836,0.15269501619877135,0.0007580057609048281,-0.0020042388302947255,1658.2849588569336,1951.7479190520226,3455.120774024042,0.07287786619582043,161.4990234375
vio_188_classic.mp3,../Data/raw/violin_data\vio_188_classic.mp3,violin_data,-291.34332275390625,136.38128662109375,2.17659068107605,21.011280059814453,2.703120231628418,4.603217601776123,-11.274521827697754,-6.339931488037109,1.299164891242981,-2.827024459838867,-10.381549835205078,3.248300790786743,-5.893637657165527,0.20925132930278778,0.17068450152873993,0.22701069712638855,0.1337265521287918,0.20105302333831787,0.14800657331943512,0.43444404006004333,0.2831882834434509,0.12548893690109253,0.2642711102962494,0.1767069399356842,0.40569907426834106,0.24302113104250478,-0.15279938303379503,0.08567607879059111,-0.06598283185864351,-0.01608238507956364,0.047214815263970165,1322.9808911130676,1583.529064851514,2536.6013281854684,0.067081982875387,123.046875
vio_189_classic.mp3,../Data/raw/violin_data\vio_189_classic.mp3,violin_data,-328.7143859863281,151.9297332763672,12.687294006347656,28.07320213317871,9.1801118850708,8.234554290771484,-0.46568387746810913,2.8806965351104736,2.208730459213257,2.1425187587738037,-8.70409870147705,1.3727315664291382,-7.009079456329346,0.19255636632442474,0.3403131067752838,0.3504497706890106,0.10674088448286057,0.10593277215957642,0.1382281482219696,0.42758244276046753,0.22638767957687378,0.14304621517658234,0.29025375843048096,0.1970377266407013,0.3314943313598633,0.18798950956634972,-0.2283873840453877,-0.013590943537171088,-0.15846156487320698,-0.0031484342568859503,0.030203273029703843,973.9372751448634,1560.2712514085133,1569.6488418815306,0.04426579431114551,135.99917763157896
